openalex_id,doi,title,publication_year,publication_date,journal_or_venue,authors,cited_by_count,is_oa,oa_url,search_type,abstract
https://openalex.org/W4214734077,https://doi.org/10.1111/brv.12846,Male alternative reproductive tactics and sperm competition: a meta‐analysis,2022,2022-02-28,Biological reviews/Biological reviews of the Cambridge Philosophical Society,Liam R. Dougherty; Michael J. A. Skirrow; Michael D. Jennions; Leigh W. Simmons,62,True,https://doi.org/10.1111/brv.12846,boolean_search,"In many animal species, males may exhibit one of several discrete, alternative ways of obtaining fertilisations, known as alternative reproductive tactics (ARTs). Males exhibiting ARTs typically differ in the extent to which they invest in traits that improve their mating success, or the extent to which they face sperm competition. This has led to the widespread prediction that males exhibiting ARTs associated with a high sperm competition risk, or lower investment into traits that improve their competitiveness before mating, should invest more heavily into traits that improve their competitiveness after mating, such as large ejaculates and high-quality sperm. However, despite many studies investigating this question since the 1990s, evidence for differences in sperm and ejaculate investment between male ARTs is mixed, and there has been no quantitative summary of this field. Following a systematic review of the literature, we performed a meta-analysis examining how testes size, sperm number and sperm traits differ between males exhibiting ARTs that face either a high or low sperm competition risk, or high or low investment in traits that increase mating success. We obtained data from 92 studies and 67 species from across the animal kingdom. Our analyses showed that male fish exhibiting ARTs facing a high sperm competition risk had significantly larger testes (after controlling for body size) than those exhibiting tactics facing a low sperm competition risk. However, this effect appears to be due to the inappropriate use of the gonadosomatic index as a body-size corrected measure of testes investment, which overestimates the difference in testes investment between male tactics in most cases. We found no significant difference in sperm number between males exhibiting different ARTs, regardless of whether sperm were measured from the male sperm stores or following ejaculation. We also found no significant difference in sperm traits between males exhibiting different ARTs, with the exception of sperm adenosine triphosphate (ATP) content in fish. Finally, the difference in post-mating investment between male ARTs was not influenced by the extent to which tactics were flexible, or by the frequency of sneakers in the population. Overall, our results suggest that, despite clear theoretical predictions, there is little evidence that male ARTs differ substantially in investment into sperm and ejaculates across species. The incongruence between theoretical and empirical results could be explained if (i) theoretical models fail to account for differences in overall resource levels between males exhibiting different ARTs or fundamental trade-offs between investment into different ejaculate and sperm traits, and (ii) studies often use sperm or ejaculate traits that do not reflect overall post-mating investment accurately or affect fertilisation success."
https://openalex.org/W2733107834,https://doi.org/10.1093/biolinnean/blx075,Testis size variation within sneaker males of the dusky frillgoby Bathygobius fuscus (Gobiidae): effects of within-tactic competition,2017,2017-06-07,Biological Journal of the Linnean Society,Shoma Kawase; Takahiro Hayashi; Yukio Matsumoto; Takeshi Takegaki,10,True,https://nagasaki-u.repo.nii.ac.jp/record/2648/files/BJLS122_394.pdf,boolean_search,"A ‘sneaking tactic’ is an alternative reproductive strategy that usually results in sperm competition among males with different tactics. Relatively large testes are a sneaker-specific trait that has generally been thought to have evolved due to sperm competition between sneaker males and bourgeois (guarding) males. However, here we show that competition among sneaker males can also affect testis enlargement in the dusky frillgoby (Bathygobius fuscus) sneaker males. The competitive advantage of focal sneaker males was experimentally manipulated by placing them in tanks with either relatively smaller or larger males. Testis enlargement was conspicuous in focal males that were cohoused with larger males. Smaller sneaker males may invest more in testicular growth because they are at a competitive disadvantage in physical contests for sneaking opportunities among sneaker males and consequently may be confined to making relatively late intrusions during spawning into nests that have a higher risk of sperm competition. Another possible reason for the relative size-dependent energy investment in testes may be increased investment by large sneaker males in aggressive interactions for sneaking opportunities. This is the first evidence that testis size variation among sneaker males is affected by the competition among sneaker males."
https://openalex.org/W3093437048,https://doi.org/10.1098/rstb.2020.0075,Sperm and alternative reproductive tactics: a review of existing theory and empirical data,2020,2020-10-18,Philosophical Transactions of the Royal Society B Biological Sciences,Matthew C. Kustra; Suzanne H. Alonzo,59,True,https://www.ncbi.nlm.nih.gov/pmc/articles/7661440,boolean_search,"Males that exhibit alternative reproductive tactics (ARTs) often differ in the risk of sperm competition and the energetic trade-offs they experience. The resulting patterns of selection could lead to between-tactic differences in ejaculate traits. Despite extensive research on male ARTs, there is no comprehensive review of whether and what differences in sperm traits exist between male ARTs. We review existing theory on ejaculate evolution relevant to ARTs and then conduct a comprehensive vote-counting review of the empirical data comparing sperm traits between males adopting ARTs. Despite the general expectation that sneaker males should produce sperm that are more competitive (e.g. higher quality or performance), we find that existing theory does not predict explicitly how males adopting ARTs should differ in sperm traits. The majority of studies find no significant difference in sperm performance traits between dominant and sneaker males. However, when there is a difference, sneaker males tend to have higher sperm performance trait values than dominant males. We propose ways that future theoretical and empirical research can improve our understanding of the evolution of ejaculate traits in ARTs. We then highlight how studying ejaculate traits in species with ARTs will improve our broader knowledge of ejaculate evolution. This article is part of the theme issue 'Fifty years of sperm competition'."
https://openalex.org/W3176251119,https://doi.org/10.1111/jeb.13894,Sperm competition risk affects ejaculate strategy in terms of sperm number but not sperm size in squid,2021,2021-06-24,Journal of Evolutionary Biology,Yoko Iwata; Noriyosi Sato; Noritaka Hirohashi; Yoshirô Watanabe; WHH Sauer; Paul W. Shaw,11,False,,boolean_search,"In polygamous species, the mode of sperm storage in females influences evolution of sperm quantitative and qualitative traits because it provides the arena for sperm competition, cryptic female choice and fertilization processes. In this study, we compared ejaculate traits of two squid species, Heterololigo bleekeri and Loligo reynaudii. Both species show dimorphic sperm traits associated with alternative reproductive tactics where consort and sneaker males transfer sperm to different storage sites within a female (on the oviduct and near the mouth, respectively). Due to differences in reproductive behaviours and sperm placement, sperm competition risk is expected to be higher in sneakers than in consorts of both species and higher overall in L. reynaudii. Our results demonstrate that the instantaneous number of released sperm is adjusted to the expected sperm competition risk via an elaborate sperm package. Consort sperm are similar in size; however, sneaker sperm have a significantly longer flagellum in H. bleekeri than in L. reynaudii, most likely due to intra-tactic conflicts associated with sperm storage conditions. From consideration of the different mating tactics, we suggest that while levels of sperm competition determine quantitative traits, sperm quality traits are determined more by the mode of sperm storage and fertilization."
https://openalex.org/W2736672356,https://doi.org/10.1002/jmor.20726,Dimorphic ejaculates and sperm release strategies associated with alternative mating behaviors in the squid,2017,2017-07-18,Journal of Morphology,Lígia H. Apostólico; José Eduardo Amoroso Rodriguez Marian,19,False,,boolean_search,"Sperm competition is a powerful postcopulatory selective force influencing male adaptations associated with increasing fertilization success, and it is usually related to the evolution of different strategies of ejaculate expenditure between individuals. Ejaculates may also be influenced by additional selective pressures associated with sperm competition, such as timing between insemination and fertilization, female reproductive tract morphology, and fertilization environment. Also, males that adopt alternative mating tactics may face distinct sperm competition pressures, which may lead to the evolution of intraspecific diversity in ejaculates. In loliginid squids, males with alternative reproductive tactics (sneakers and consorts) differ not only in mating behavior, but also transfer spermatophores into two distinct sites within the female. Here, we compared structure and functioning of spermatophores between sneakers and consorts in the squid Doryteuthis plei applying microscopy techniques and in vitro experiments. Sneakers and consorts exhibit differences in spermatophore structure that lead to distinct spermatophoric reactions and spermatangium morphologies. Moreover, in sneakers, sperm release lasts longer and their sperm show an aggregative behavior not detected in consorts. Slow sperm release may be a strategy to guarantee longer sperm provision, given the wide interval between sneaker mating and egg release. For consorts, in turn, intense and quick sperm discharge may be advantageous, as timing between mating and egg-laying is relatively short. Within the complex squid mating system, factors such as (i) different fertilization sites and (ii) interval between mating and egg release may also influence sperm competition, and ultimately shape the evolution of divergent ejaculates between dimorphic males."
https://openalex.org/W2495363548,https://doi.org/10.1201/9780429094170-1,"Testes, Sperm, and Sperm Competition",2019,2019-09-12,,Robert Montgomerie; John L. Fitzpatrick,21,False,,boolean_search,"This chapter looks at some of the diversity of gross morphology in testes and spermatozoa in the fishes in the context of sexual selection resulting from sperm competition. It explains why general patterns have been difficult to document in the fishes, and summarizes some of the relevant information available to date on variation in testis and sperm traits in this taxon, especially in the context of phylogenetic patterns and constraints. The chapter also looks at the influence of sperm competition on testes, focusing specifically on testes size. Probably the best evidence for the influence of sperm competition on testes size comes from studies of fishes with male alternative reproductive tactics. The tremendous diversity of fishes presents not only a challenge but also a splendid opportunity for the study of sperm competition. The chapter also presents an overview of the key concepts discussed in this book."
https://openalex.org/W2604838146,https://doi.org/10.1111/jeb.13088,Effects of ovarian fluid and genetic differences on sperm performance and fertilization success of alternative reproductive tactics in Chinook salmon,2017,2017-04-07,Journal of Evolutionary Biology,Sarah J. Lehnert; Ian A.E. Butts; Erin Flannery; Koebraa Peters; Daniel D. Heath; Trevor E. Pitcher,41,True,https://onlinelibrary.wiley.com/doi/pdfdirect/10.1111/jeb.13088,boolean_search,"In many species, sperm velocity affects variation in the outcome of male competitive fertilization success. In fishes, ovarian fluid (OF) released with the eggs can increase male sperm velocity and potentially facilitate cryptic female choice for males of specific phenotypes and/or genotypes. Therefore, to investigate the effect of OF on fertilization success, we measured sperm velocity and conducted in vitro competitive fertilizations with paired Chinook salmon (Oncorhynchus tshawytscha) males representing two alternative reproductive tactics, jacks (small sneaker males) and hooknoses (large guarding males), in the presence of river water alone and OF mixed with river water. To determine the effect of genetic differences on fertilization success, we genotyped fish at neutral (microsatellites) and functional [major histocompatibility complex (MHC) II ß1] markers. We found that when sperm were competed in river water, jacks sired significantly more offspring than hooknoses; however, in OF, there was no difference in paternity between the tactics. Sperm velocity was significantly correlated with paternity success in river water, but not in ovarian fluid. Paternity success in OF, but not in river water alone, was correlated with genetic relatedness between male and female, where males that were less related to the female attained greater paternity. We found no relationship between MHC II ß1 divergence between mates and paternity success in water or OF. Our results indicate that OF can influence the outcome of sperm competition in Chinook salmon, where OF provides both male tactics with fertilization opportunities, which may in part explain what maintains both tactics in nature."
https://openalex.org/W2604193941,https://doi.org/10.1371/journal.pone.0174828,Evidence for ontogenetically and morphologically distinct alternative reproductive tactics in the invasive Round Goby Neogobius melanostomus,2017,2017-04-03,PLoS ONE,Katinka Bleeker; Karen de Jong; Nils Kessel; Camilla A. Hinde; L.A.J. Nagelkerke,44,True,https://journals.plos.org/plosone/article/file?id=10.1371/journal.pone.0174828&type=printable,boolean_search,"Alternative reproductive tactics are characterized by the occurrence of discrete alternative morphs that differ in behavioural, morphological and physiological traits within the same sex. Although much effort has been made to describe the behaviour, morphology and physiology of such alternative morphs, less effort has been invested investigating how much overlap there is in the characteristics of such morphs in natural populations. We studied random population samples of the invasive Round Goby Neogobius melanostomus from five different localities in the river Rhine system in the Netherlands. We found two morphologically and physiologically distinct male morphs which likely represent alternative reproductive tactics. Almost all mature males under 9.35 cm total length had a gonadosomatic index > 3%, suggestive of a sneaker tactic, while nearly all males above 9.35 cm has a gonadosomatic index of < 3%, suggestive of a parental tactic. Cheek size and eye diameter alone were sufficient to distinguish the two morphs. Gonads had a different relationship with size in the two morphs, indicating separate growth trajectories. The gonad mass of sneaker morphs would be ca. 7.5 times as high as the gonad mass of parental morphs of the same total length after extrapolation. Few (9%) intermediates were found, suggesting that the expression of alternative reproductive tactics is determined before the first breeding season. This contrasts with studies on other goby species, which show evidence of plastic tactics that can be affected by social circumstances. We conclude that it is possible to distinguish two alternative male morphs in the Dutch Round Goby population using morphological measurements alone. Although behavioural observations are needed to provide conclusive evidence, the difference in GSI between these morphs indicates that these morphs reflect alternative reproductive tactics."
https://openalex.org/W4312163926,https://doi.org/10.1007/s10641-022-01383-w,Timing of sneaking behavior in the dusky frillgoby Bathygobius fuscus sneaker males,2022,2022-12-23,Environmental Biology of Fishes,Ryosuke Ishibashi; Takeshi Takegaki,3,False,,boolean_search,
https://openalex.org/W2583627701,https://doi.org/10.1016/j.jprot.2017.01.019,Proteomic characterization of seminal plasma from alternative reproductive tactics of Chinook salmon ( Oncorhynchus tswatchysha ),2017,2017-02-03,Journal of Proteomics,Robert Gombar; Trevor E. Pitcher; J. A. Lewis; J. Auld; Panayiotis O. Vacratsis,33,False,,boolean_search,
https://openalex.org/W2599671200,https://doi.org/10.1007/s10750-017-3145-z,Dimorphic male squid show differential gonadal and ejaculate expenditure,2017,2017-03-21,Hydrobiologia,Lígia H. Apostólico; José Eduardo Amoroso Rodriguez Marian,29,False,,boolean_search,
https://openalex.org/W2790507556,https://doi.org/10.1093/mollus/eyy002,Spermatophore dimorphism in the chokka squid Loligo reynaudii associated with alternative mating tactics,2018,2018-01-15,Journal of Molluscan Studies,Yoko Iwata; WHH Sauer; Noriyosi Sato; Paul W. Shaw,15,True,https://academic.oup.com/mollus/article-pdf/84/2/157/24761579/eyy002.pdf,boolean_search,"Chokka squid (Loligo reynaudii) have characteristic alternative mating tactics: ‘consort’ males temporarily pair with and guard a female and transfer spermatophores onto her oviduct opening inside the mantle cavity, whereas ‘sneaker’ males rush towards a mating pair and transfer spermatophores onto the female’s buccal membrane near her sperm storage organ. Differences in mating behaviours and their related sperm-storage sites clearly constrain the fertilization process and can drive dimorphism between consort and sneaker males. The presence and character of male dimorphism has not yet been fully examined in this species, but consort males are commonly much larger than sneaker males. We observed clear dimorphism in spermatangia (the sperm mass ejaculated from the spermatophore), consistently associated with the two alternative sperm storage sites on the female’s body. Observations of spermatophores stored in the Needham’s sac of mature males confirmed that small males produce ‘sneaker-type’ spermatangia whereas larger males produce ‘consort-type’ spermatangia, and no individuals possessed both types. Therefore, by association, the mating tactic adopted (including the sperm deposition site used) by individual males can be determined from observation of their spermatangial type, without requiring direct behavioural observation of mating. This ability to infer information about mating tactic will improve our understanding of the reproductive system and mating dynamics in this species."
https://openalex.org/W2765083365,https://doi.org/10.1111/jeb.13199,"Sperm competition, but not major histocompatibility divergence, drives differential fertilization success between alternative reproductive tactics in Chinook salmon",2017,2017-10-21,Journal of Evolutionary Biology,Sarah J. Lehnert; Laura Helou; Trevor E. Pitcher; John W. Heath; Daniel D. Heath,9,True,https://scholar.uwindsor.ca/biologypub/137,boolean_search,"Abstract Post‐copulatory sexual selection processes, including sperm competition and cryptic female choice (CFC), can operate based on major histocompatibility (MH) genes. We investigated sperm competition between male alternative reproductive tactics [jack (sneaker) and hooknose (guard)] of Chinook salmon (Oncorhynchus tshawytscha). Using a full factorial design, we examined in vitro competitive fertilization success of paired jack and hooknose males at three time points after sperm activation (0, 15 and 60 s) to test for male competition, CFC and time effects on male fertilization success. We also examined egg‐mediated CFC at two MH genes by examining both the relationship between competitive fertilization success and MH divergence as well as inheritance patterns of MH alleles in resulting offspring. We found that jacks sired more offspring than hooknose males at 0 s post‐activation; however, jack fertilization success declined over time post‐activation, suggesting a trade‐off between sperm speed and longevity. Enhanced fertilization success of jacks (presumably via higher sperm quality) may serve to increase sneaker tactic competitiveness relative to dominant hooknose males. We also found evidence of egg‐mediated CFC (i.e. female × male interaction) influencing competitive fertilization success; however, CFC was not acting on the MH genes as we found no relationship between fertilization success and MH II β1 or MH I α1 divergence and we found no deviations from Mendelian inheritance of MH alleles in the offspring. Our study provides insight into evolutionary mechanisms influencing variation in male mating success within alternative reproductive tactics, thus underscoring different strategies that males can adopt to attain success."
https://openalex.org/W2625657219,https://doi.org/10.1242/jeb.154195,Ovarian fluid impacts flagellar beating and biomechanical metrics of sperm between alternative reproductive tactics,2017,2017-06-14,Journal of Experimental Biology,Ian A.E. Butts; Galina Prokopchuk; Vojtěch Kašpar; Jacky Cosson; Trevor E. Pitcher,35,False,,boolean_search,"Alternative reproductive tactics (ARTs) are prevalent in nature, where smaller parasitic males typically have better sperm quality than larger territorial guard males. At present, it is unclear what is causing this phenomenon. Our objective was to gain insights into sperm form and function by examining flagellar beating patterns (beat frequency, wave amplitude, bend length, bend angle, wave velocity) and biomechanical sperm metrics (velocity, hydrodynamic power output, propulsive efficiency) of wild spawning Chinook salmon ARTs. Ovarian fluid and milt were collected to form a series of eight experimental blocks, each composed of ovarian fluid from a unique female and sperm from a unique pair of parasitic jack and guard hooknose males. Sperm from each ART were activated in river water and ovarian fluid. Flagellar parameters were evaluated from recordings using high-speed video microscopy and biomechanical metrics were quantified. We show that ART has an impact on flagellar beating, where jacks had a higher bend length and bend angle than hooknoses. Activation media also impacted the pattern of flagellar parameters, such that beat frequency, wave velocity and bend angle declined, while wave amplitude of flagella increased when ovarian fluid was incorporated into activation media. Furthermore, we found that sperm from jacks swam faster than those from hooknoses and required less hydrodynamic power output to propel themselves in river water and ovarian fluid. Jack sperm were also more efficient at swimming than hooknose sperm, and propulsive efficiency increased when cells were activated in ovarian fluid. The results demonstrate that sperm biomechanics may be driving divergence in competitive reproductive success between ARTs."
https://openalex.org/W2797967471,https://doi.org/10.1111/jeb.13284,"Resource availability, mating opportunity and sexual selection intensity influence the expression of male alternative reproductive tactics",2018,2018-04-20,Journal of Evolutionary Biology,Paolo Giovanni Ghislandi; Stano Pekár; Magdalena Matzke; Sarah Schulte‐Döinghaus; Trine Bilde; Cristina Tuni,29,False,,boolean_search,"The expression of alternative reproductive tactics can be plastic and occur simultaneously depending on cues that vary spatially or temporally. For example, variation in resources and sexual selection intensity is expected to influence the pay-off of each tactic and shape the decision of which tactic to employ. Males of the nuptial gift-giving spider Pisaura mirabilis can adopt three tactics: offering a genuine prey gift, a 'worthless' non-nutritious gift or no gift. We hypothesized that resources and/or male body condition, and mating opportunity and sexual selection intensity, vary over the course of the mating season to shape the co-existence of alternative traits. We measured these variables in the field over two seasons, to investigate the predictions that as the mating season progresses, (i) males become more likely to employ a gift-giving tactic, and (ii) the likelihood of switching from worthless to genuine gifts increases. Prey availability increased over the season and co-varied with the propensity of males to employ the gift-giving tactic, but we found no support for condition-dependent gift giving. Males responded to an increase in female availability by increasing their mating effort (gift production). Furthermore, the frequency of genuine gift use increased with sexual selection intensity, consistent with the assumption that sperm competition intensity increases with time. Our results suggest that the frequency of alternative tactics is shaped by seasonal changes in ecological factors and sexual selection. This leads to relaxed selection for the gift-giving tactic early in the season when females are less choosy and resources more scarce, and increased selection for genuine gifts later in the season driven by mating opportunity and risk of sperm competition."
https://openalex.org/W2895665275,https://doi.org/10.11606/d.41.2018.tde-20092018-145433,Sperm competition games between majors and minors: a meta-regression of fishes with alternative mating tactics,2018,2018-10-04,,Lygia Aguiar Del Matto,4,True,http://www.teses.usp.br/teses/disponiveis/41/41133/tde-20092018-145433/,boolean_search,"\n Theory predicts that in species with a greater risk of sperm competition, males will invest more in ejaculate traits. In species with alternative mating tactics (AMTs), males of different phenotypes will be under different sperm competition risk. Because minors sneak inside other males\\' territories to mate they should always face sperm competition. Major males, on the other hand, defend territories and have more chance of mating exclusively with females. For majors, the risk of sperm competition is theoretically lower. The main prediction from game theory models for species with AMTs is that majors invest less in ejaculate traits than minors. However, when the proportion of minors in the population increases, majors should invest more in ejaculate traits, reaching a similar level of ejaculate expenditure to minors. In this study, we tested these predictions with a meta-regression analysis of 29 fish species with AMTs. As a proxy for the risk of sperm competition, we ranked each species according to a sperm competition rank with five levels, from 1 (low risk of sperm competition) to 5 (high risk of sperm competition). Overall, we found that minors invest more in ejaculate traits than majors. We also categorized the ejaculate expenditure of males, according to the original variables quantified in the studies that were included in our analysis and found that minors invest more energy in the production of gonads than majors. Additionally, minors and majors have a similar investment in sperm number and sperm quality, but majors allocate more sperm to females. Overall, the sperm competition rank did not influence the magnitude of the difference in investment of majors and minors. The differential investment in gonad mass between majors and minors should represent an increase in sperm numbers, but our data showed that majors and minors are not producing different amount of sperm. Therefore, the higher investment in gonad mass can be related to minors mating more frequently than majors. minors are not able to produce sperm in greater quantities than majors, but they probably can replenish sperm faster than majors. Against theoretical predictions, sperm quality does not respond to differences of sperm competition, probably because sperm quality is not under such strong selection as gonad mass. Our findings suggest that, in fishes with alternative mating tactics, both majors and minors are under strong selection from sperm competition, even when the risk of polyandry is low\n"
https://openalex.org/W2585829550,https://doi.org/10.1016/j.anbehav.2016.12.016,Sperm-limited males save ejaculates for future matings when competing with superior rivals,2017,2017-02-03,Animal Behaviour,Dolores Schütz; Linda Tschirren; Gudrun Pachler; Pia Grubbauer; Michael Taborsky,16,True,https://www.sciencedirect.com/science/article/am/pii/S0003347216303591?via%3Dihub,boolean_search,
https://openalex.org/W4283273285,https://doi.org/10.1111/eva.13438,"Molecular, behavioural and morphological comparisons of sperm adaptations in a fish with alternative reproductive tactics",2022,2022-06-21,Evolutionary Applications,Charlotta Kvarnemo; León Green; Ola Svensson; Kai Lindström; Sofie Schöld; Martina Griful‐Dones; Jonathan N. Havenhand; Erica H. Leder,10,True,https://onlinelibrary.wiley.com/doi/pdfdirect/10.1111/eva.13438,boolean_search,"Abstract In species with alternative reproductive tactics, there is much empirical support that parasitically spawning males have larger testes and greater sperm numbers as an evolved response to a higher degree of sperm competition, but support for higher sperm performance (motility, longevity and speed) by such males is inconsistent. We used the sand goby (Pomatoschistus minutus) to test whether sperm performance differed between breeding‐coloured males (small testes, large mucus‐filled sperm‐duct glands; build nests lined with sperm‐containing mucus, provide care) and parasitic sneaker‐morph males (no breeding colouration, large testes, rudimentary sperm‐duct glands; no nest, no care). We compared motility (per cent motile sperm), velocity, longevity of sperm, gene expression of testes and sperm morphometrics between the two morphs. We also tested if sperm‐duct gland contents affected sperm performance. We found a clear difference in gene expression of testes between the male morphs with 109 transcripts differentially expressed between the morphs. Notably, several mucin genes were upregulated in breeding‐coloured males and two ATP‐related genes were upregulated in sneaker‐morph males. There was a partial evidence of higher sperm velocity in sneaker‐morph males, but no difference in sperm motility. Presence of sperm‐duct gland contents significantly increased sperm velocity, and nonsignificantly tended to increase sperm motility, but equally so for the two morphs. The sand goby has remarkably long‐lived sperm, with only small or no decline in motility and velocity over time (5 min vs. 22 h), but again, this was equally true for both morphs. Sperm length (head, flagella, total and flagella‐to‐head ratio) did not differ between morphs and did not correlate with sperm velocity for either morph. Thus, other than a clear difference in testes gene expression, we found only modest differences between the two male morphs, confirming previous findings that increased sperm performance as an adaptation to sperm competition is not a primary target of evolution."
https://openalex.org/W2912185340,https://doi.org/10.1111/jfb.13912,Sperm maturation and male tactic‐specific differences in ejaculates in the plainfin midshipman fish Porichthys notatus,2019,2019-01-31,Journal of Fish Biology,Jessica S. Miller; Aneesh P. H. Bose; John L. Fitzpatrick; Sigal Balshine,13,False,,boolean_search,"Using the plainfin midshipman fish Porichthys notatus, a species with alternative reproductive tactics (ARTs), we investigated how sperm maturation shapes sperm competitive abilities. We compared sperm performance and morphology before and after final sperm maturation by sampling sperm from the testes and stripped ejaculates of guarders and sneakers. In accordance with sperm competition risk theory, ejaculates from sneaker males had three times as much sperm as ejaculates from guarder males and sneaker males produced faster swimming sperm than guarder males, but this was only the case after final sperm maturation had occurred. Additionally, fully mature sperm found in ejaculates had larger heads and midpieces than sperm found in the testes. These results emphasize the important role played by non-sperm components of an ejaculate in mediating sperm performance and potentially also morphology."
https://openalex.org/W2912918942,https://doi.org/10.1007/s00227-019-3474-8,Differential investment in male accessory glands: lessons from a marine fish with alternative reproductive tactics,2019,2019-02-13,Marine Biology,Jessica S. Miller; Carlotta Mazzoldi; Maria Berica Rasotto; Sigal Balshine,10,False,,boolean_search,
https://openalex.org/W2975991276,https://doi.org/10.5343/bms.2019.0045,Cephalopod mating systems as models for the study of sexual selection and alternative reproductive tactics: a review,2019,2019-09-27,Bulletin of Marine Science,Lígia H. Apostólico; José Eduardo Amoroso Rodriguez Marian,8,False,,boolean_search,"Cephalopods are a remarkable group for studies on sexual selection, due to their complex reproductive behavior, pronounced sexual dimorphism, polygamous behavior, as well as cumulative evidence of pre- and postcopulatory male-male competition and female choice in the group. is paper provides a review of sexual selection studies on cephalopods, with an emphasis on the loliginid squid mating system. In this system, males may adopt alternative reproductive tactics (ART) and display male intrasexual dimorphism, with each morph generally exhibiting distinct behaviors and ejaculate traits. Consort males typically transfer ejaculates to the female mantle cavity, while sneaker males typically transfer ejaculates to the female buccal region, where a sperm storage organ is located. Each site provides distinct fertilization environments for the ejaculates of each morph, differing in the availability of eggs, gamete protection, and timing between mating and fertilization. Accordingly, the ejaculates of each morph show putative adaptations for each site, differing in size, morphology, sperm release duration, and sperm behavior. Although solid evidence is lacking for most loliginids, cryptic female choice may occur in this system through, for example, spermatangia removal or egg string manipulation during fertilization. In addition, recent evidence for one loliginid species indicates that adoption of male ART is ontogenetic and may represent two alternative pathways: from immature males (i) directly to consort phenotype or (ii) going through a sneaker phase, then switching to consort morph. The second pathway would, therefore, imply striking change in behavior, physiology, and ejaculates. Moreover, data on the age of this species suggests that the adoption of sneaker tactic early in life may be associated with extending the male mating period by 25%. With such a peculiar system, loliginids should prove useful not only for comprehending the evolution of female promiscuity and ART in cephalopods, but also as an emerging nonvertebrate and nonarthropod model for testing sperm competition models."
https://openalex.org/W3204107476,https://doi.org/10.3390/cells10102612,Ejaculate Allocation and Sperm Characteristics Differ among Alternative Male Types in a Species of Fish with Cooperation and Competition among Unrelated Males,2021,2021-10-01,Cells,Suzanne H. Alonzo; Kelly A. Stiver; Holly K. Kindsvater; Susan E. Marsh‐Rollo; Bridget M. Nugent; Erem Kazancıoğlu,8,True,https://www.mdpi.com/2073-4409/10/10/2612/pdf?version=1633082069,boolean_search,"Sexual selection arising from sperm competition has driven the evolution of immense variation in ejaculate allocation and sperm characteristics not only among species, but also among males within a species. One question that has received little attention is how cooperation among males affects these patterns. Here we ask how male alternative reproductive types differ in testes size, ejaculate production, and sperm morphology in the ocellated wrasse, a marine fish in which unrelated males cooperate and compete during reproduction. Nesting males build nests, court females and provide care. Sneaker males only ""sneak"" spawn, while satellite males sneak, but also help by chasing away sneakers. We found that satellite males have larger absolute testes than either sneakers or nesting males, despite their cooperative role. Nesting males invested relatively less in testes than either sneakers or satellites. Though sneakers produced smaller ejaculates than either satellite or nesting males, we found no difference among male types in either sperm cell concentration or sperm number, implying sneakers may produce less seminal fluid. Sperm tail length did not differ significantly among male types, but sneaker sperm cells had significantly larger heads than either satellite or nesting male sperm, consistent with past research showing sneakers produce slower sperm. Our results highlight that social interactions among males can influence sperm and ejaculate production."
https://openalex.org/W3083897585,https://doi.org/10.1002/ece3.6657,Alternative reproductive tactics are associated with sperm performance in invasive round goby from two different salinity environments,2020,2020-09-01,Ecology and Evolution,León Green; Jan Niemax; Jens‐Peter Herrmann; Axel Temming; Charlotta Kvarnemo,12,True,https://onlinelibrary.wiley.com/doi/pdfdirect/10.1002/ece3.6657,boolean_search,"Abstract During male–male competition, evolution can favor alternative reproductive tactics. This often results in a dominant morph that holds a resource, such as a nest for egg laying, which competes with a smaller sneaker morph that reproduces by stealing fertilizations. The salinity environment can influence male growth rates, for example, via osmoregulatory costs, which in turn may influence the use of sneaker tactics for small males competing for mating opportunities. Salinity can also affect sperm directly; however, little is known of how salinity influences sneaker tactics through sperm performance. We sampled males of the invasive round goby (Neogobius melanostomus) from two environments, a freshwater river and a brackish estuary. This fish has two male morphs: nest‐holding dark males and non‐nest‐holding light males. We examined the role of water salinity of 0, 8, and 16 on sperm performance and found that for estuarine males, a salinity of 0 reduced sperm velocity compared to a salinity of 8 and 16. Riverine males had low velocity in all salinities. Sperm viability also decreased by over 30% in 0 salinity, compared to 8 and 16, for fish from both environments. Gobies produce ejaculate contents in specialized glands that could in theory shield sperm in an adverse environment. However, gland contents did not improve sperm performance in our tests. Body mass and age estimates indicate that riverine males invested more in somatic growth compared to estuarine males. Estuarine light morph males had a high enough gonadosomatic index to indicate sneaker tactics. We propose that when sperm performance is low, such as for the riverine males, sneaker tactics are ineffective and will be selected against or phenotypically suppressed. Instead, we interpret the increased investment in somatic growth found in riverine males as a life‐history decision that is advantageous when defending a nest in the next reproductive season."
https://openalex.org/W2907935445,https://doi.org/10.1037/com0000161,Life history correlates of human (Homo sapiens) ejaculate quality.,2018,2018-12-27,Journal of comparative psychology,Nicole Barbaro; Todd K. Shackelford; Andrew M. Holub; Austin John Jeffery; Guilherme S. Lopes; Virgil Zeigler‐Hill,11,False,,boolean_search,"= 41) completed a self-report measure assessing life history strategy and provided two masturbatory ejaculate samples. Results provide preliminary support for the cuckoldry-risk hypothesis: Men pursuing a relatively slow life history strategy produced higher quality ejaculates. Ejaculate quality may therefore reflect resource allocation decisions for greater parenting effort, as opposed to greater mating effort. The findings contribute informative data on correlations between physiological and phenotypic indicators of human life history strategies. (PsycINFO Database Record (c) 2019 APA, all rights reserved)."
https://openalex.org/W4283723529,https://doi.org/10.1017/9781108943529.014,Sperm Competition Theory,2022,2022-06-30,Cambridge University Press eBooks,Tara DeLecce,2,False,,boolean_search,"Sperm competition occurs when a female copulates with two or more males within a sufficiently brief period, resulting in sperm of the different males competing to fertilize ova. Sperm competition has been documented or inferred to occur across many species, ranging from insects to primates, including humans. To open the chapter, the theory of sperm competition is introduced and the role of sperm competition as a recurrent adaptive problem for humans is highlighted. Because sperm competition could be detrimental to male reproductive success through cuckoldry, males have likely evolved anti-cuckoldry adaptations. Therefore, convergent evidence of anatomical, genetic, and physiological adaptations to sperm competition in human males is presented. This is followed by a discussion of behavioral and psychological evidence that is unique to humans and that differentiates them from nonhuman species, such as negative affect in response to sexual rejection by a man’s female partner. The remainder of the chapter is devoted to issues still debated within sperm competition theory, such as male precedence, intensity of sperm competition, the role of sperm heteromorphism, and the relationship between male phenotypic quality and ejaculate quality. The chapter concludes with the message that the evidence for anatomical, biological, physiological, genetic, and behavioral adaptations to human sperm competition provides compelling evidence that sperm competition has been a recurrent feature of human evolutionary history."
https://openalex.org/W2950766540,https://doi.org/10.1111/jzo.12704,"Size‐dependent investment in tusk length, testis size and sperm length in a biparental geotrupid beetle",2019,2019-06-12,Journal of Zoology,Márta E. Rosa; Johanna Kiss; Zoltán Barta; András Kosztolányi,6,True,https://zslpublications.onlinelibrary.wiley.com/doi/pdfdirect/10.1111/jzo.12704,boolean_search,"Abstract Males of extreme small or large sizes often experience different levels of pre‐ and postcopulatory sexual selection that result in alternative ways to gain fertilization success. Here, we investigated such alternative mating tactics in Lethrus apterus, a biparental geotrupid beetle species with noticeable intermale size variation by comparing tusk (mandibular process) length, testis size and sperm length between large and small males. Firstly, we demonstrated evidence for male polymorphism as extremely large males had longer tusks relative to their body size than extremely small individuals. Secondly, large males had bigger testes than small males throughout the breeding season, however, a significant decrease was observed over time in large but not in small individuals. Thirdly, sperm length did not differ between the two size categories. Although these results do not explain how the observed large body size variation can be maintained in L. apterus, the non allometric relationship found between tusk length and body size and the lower decrease in testis size over the breeding season in case of small individuals might refer to the presence of alternative mating tactics in this species."
https://openalex.org/W2789882879,https://doi.org/10.1111/eff.12399,"Red operculum spots, body size, maturation and evidence for a satellite male phenotype in non‐native European populations of pumpkinseed Lepomis gibbosus",2018,2018-03-23,Ecology Of Freshwater Fish,Grzegorz Zięba; Carl Smith; Michael G. Fox; Stan Yavno; Eva Záhorská; Mirosław Przybylski; G. Masson; Julien Cucherousset; Hugo Verreycken; Hein H. van Kleef; Gordon H. Copp,2,True,https://hal.univ-lorraine.fr/hal-03210212v1/file/14418_Smith.pdf,boolean_search,"Abstract Carotenoid‐based pigmentation is a striking feature of many taxa, yet the function, if any, of colour traits is often unclear. Pumpkinseed Lepomis gibbosus, a widely introduced freshwater sunfish that exhibits alternative male mating strategies, express a striking, red operculum spot. To investigate the potential function of this red spot as a signal in this species' mating system, we determined the presence and measured the size of red operculum spots in fish collected from 12 populations in five European countries in which pumpkinseed is an established non‐native species. We subsequently related the presence and size of the red spot to body size and mating strategy, based on an analysis of relative gonad size (gonado‐somatic index, GSI), using a mixed modelling approach. The study demonstrated that the presence of a red operculum spot in pumpkinseed is associated with sexual maturation, with GSI frequency distributions suggesting that cuckolders in some non‐native populations comprised both sneaker and satellite males, the latter not having previously been reported for this species. Further, the size of red spot correlated strongly with body size in parental and cuckolder males, although there was no difference in the presence or size of the red operculum spot between male mating strategies. The function of a red operculum spot in females is not clear but may be partly mediated by pleiotropic genetic mechanisms. Red operculum spots appear to function as signals of male maturation and body size in pumpkinseed, irrespective of mating strategy."
https://openalex.org/W3127321780,https://doi.org/10.1038/s41598-021-82508-6,Spatial asymmetry of the paternity success in nests of a fish with alternative reproductive tactics,2021,2021-02-04,Scientific Reports,Federica Poli; Ilaria A. M. Marino; Matteo Santon; Elisa Bozzetta; G. Pellizzato; Lorenzo Zane; Maria Berica Rasotto,5,True,https://www.nature.com/articles/s41598-021-82508-6.pdf,boolean_search,"Guard-sneaker tactics are widespread among fish, where territorial males defend a nest and provide parental care while sneakers try to steal fertilizations. Territorials and sneakers adopt diverse pre- and post-mating strategies, adjusting their ejaculate investment and/or behavioural responses to the presence of competitors. The relative distance of competitors from the spawning female plays a major role in influencing male mating strategies and the resulting paternity share. However, territorial male quality and sneaking intensity do not fully account for the variability in the relative siring success occurring among species. An often neglected factor potentially affecting sneakers proximity to females is the nest structure. We conducted a field experiment using the black goby, whose nests show two openings of different size. We found that territorial males defend more and sneaking pressure is higher at the front, larger access of the nest than at the back, smaller one. Moreover, microsatellite paternity analysis shows that territorials sire more offspring at the back of their nest. Such a predictable spatial distribution of the paternity share suggests that nest structure might work as an indirect cue of male relative siring success, potentially influencing the territorial male investment in parental care and/or the female egg deposition strategy."
https://openalex.org/W2792588957,https://doi.org/10.1093/biolinnean/bly006,From sneaky to bully: reappraisal of male squid dimorphism indicates ontogenetic mating tactics and striking ejaculate transition,2018,2018-01-17,Biological Journal of the Linnean Society,Lígia H. Apostólico; José Eduardo Amoroso Rodriguez Marian,12,False,,boolean_search,"The expression of alternative reproductive tactics (ARTs) is often influenced by the environmental cues and intrinsic conditions experienced by each male, and it may be reversible or permanent. In male loliginid squid, ARTs include consorts and sneakers, which differ in behaviour, body size, sperm deposition site, and morphology and functioning of ejaculates. Here, we describe intermediate-sized males in the squid Doryteuthis plei (Blainville, 1823) that produce sneaker-like, consort-like and intermediate ejaculates. In addition, age estimates show that sneakers and intermediate males are younger than consorts. Our findings suggest that ARTs in this species may be ontogenetically expressed. Such a transition between phenotypes requires dramatic anatomical and physiological reorganization of the male reproductive system, not only to produce different-structured spermatophores, but also to generate sperm with distinct behaviour, both of which are compatible with the switch in sperm deposition site. These findings demonstrate that this peculiar mating system may also fit the current predictions of ARTs."
https://openalex.org/W2806224424,https://doi.org/10.1242/jeb.175976,Seminal fluid enhances competitiveness of territorial males’ sperm in a fish with alternative male reproductive tactics,2018,2018-01-01,Journal of Experimental Biology,Federica Poli; Lisa Locatello; Maria Berica Rasotto,22,True,https://jeb.biologists.org/content/jexbio/221/14/jeb175976.full.pdf,boolean_search,"The most common adaptation to sperm competition in males is represented by an increase in the sperm number and/or quality released at mating, to raise their probability of egg fertilization. However, rapidly mounting evidence highlights that seminal fluid may directly influence the competitive fertilization success of a male by affecting either own and/or rival sperm performances. In the black goby, Gobius niger, an external fertilizer with guard-sneaker mating tactics and high sperm competition level, sneaker males’ ejaculates contain less seminal fluid and more sperm, that are also of better quality, than those of territorial males. However, territorial males, gain a higher paternity success inside natural nests. Here, we ask whether the seminal fluid can contribute to territorial males’ reproductive success by enhancing their sperm performances and/or by decreasing those of sneaker males. Using sperm and seminal fluid manipulation and in vitro fertilization tests, we found that own seminal fluid influences the velocity and fertilization ability of sperm only in territorial males, making them as faster as those of sneakers and with similar fertilization rate. Moreover, both sneaker and territorial males’ sperm remain unaffected by the seminal fluid of rival males. Thus, black goby males respond to the different level of sperm competition faced by differently allocating in sperm and non-sperm components of the ejaculate, with sneakers primarily investing in sperm of intrinsic high quality and territorial males relying on the effect of seminal fluid to increase the lower intrinsic quality of their sperm."
https://openalex.org/W4327930435,https://doi.org/10.1086/725057,Social Environment Influences the Temporal Dynamics of Sneak-Spawning in a Fish with Alternative Reproductive Tactics,2023,2023-03-20,The American Naturalist,Matthew C. Kustra; Kelly A. Stiver; Susan E. Marsh‐Rollo; Jennifer K. Hellmann; Suzanne H. Alonzo,3,False,,boolean_search,"Several predictions of sperm competition theory are not well supported empirically. One potential reason is that most current theory and empirical research ignore how the social environment influence the temporal dynamics of mating. We propose that understanding these dynamics is key to understanding sexual selection and improving the predictive power of theory. To demonstrate the importance of these dynamics, we quantify how males’ social role, interactions among males, and current social environment influence the timing of mating in Symphodus ocellatus, a species with three alternative male reproductive tactics. Nesting males spawn synchronously with females; sneakers and satellites sneak-spawn with some time delay. Satellites also cooperate with nesting males. We found that satellites have shorter sneak-spawning delays than sneakers, a benefit of their cooperation with nesting males. Sneak-spawning delays decreased with increasing nest activity for sneakers but not for satellites, suggesting that sneakers may benefit from increased sperm competition intensity. Current sperm competition models ignore this potential benefit, which may be why the prediction that males should decrease investment when sperm competition involves more than two males is not well supported. Our study provides insight into mechanisms that drive variation in the timing of spawning, which could explain mismatches between theoretical and empirical results."
https://openalex.org/W4396929250,https://doi.org/10.1007/s10764-024-00437-3,Wild Verreaux’s Sifaka (Propithecus verreauxi) Respond Flexibly to Sperm Competition in Their Social Environment,2024,2024-05-15,International Journal of Primatology,Gabrielle Bueno; Rebecca J. Lewis,2,False,,boolean_search,
https://openalex.org/W2883312935,https://doi.org/10.1002/ece3.4277,"Spawning behavior of Arctic charr (Salvelinus alpinus): Spawning synchrony, vibrational communication, and mate guarding",2018,2018-07-20,Ecology and Evolution,Magnus B. Brattli; Torvald B. Egeland; Jarle Tryti Nordeide; Ivar Folstad,20,True,https://onlinelibrary.wiley.com/doi/pdfdirect/10.1002/ece3.4277,boolean_search,"), males can adopt either a guard or sneak tactic resulting in both pre- and postcopulatory competition between males with alternative reproduction tactics. Here, spawning behavior of free-living Arctic charr was video-recorded, and their reproductive behavior was analyzed. From evaluating 157 spawning events, we observed that females mainly spawned with a guarding male and that the female and the guarding male synchronized timing of gamete release under sperm competition. Although sneakers spawned with higher synchrony than the guarding male in single-male spawning events, the average sneaker released his milt less synchronized with the female than the guarding male under sperm competition. Approximately 50% of the recorded spawning events occurred under sperm competition, where each event included an average of 2.7 males. Additionally, sneakers were more exposed to sperm competition than guarding males. An influx of males, in close proximity to the female, occurred during the behavioral sequences leading up to egg release, but this influx seemed not dependent on egg release, suggesting that something else than gonadal product attracts sneaker males to the spawning female. Just before and during the actual release of gametes, the spawning couple vibrates their bodies in close contact and it seems likely that this vibrational communication between the spawning couple, which results in a larger amplitude sound wave than seen under regular courting, reveals time of gamete release to sneaker males. Thus, vibrational communication may enable synchrony between the guarding male and the female, and this might be traded against the cost of higher detectability from surrounding sneaker males, eavesdropping in close proximity."
https://openalex.org/W3129994725,https://doi.org/10.5935/1518-0557.20200076,An acute oral administration of Sildenafil in asthenozoospermic patients improves sperm motility after density gradient centrifugation,2021,2021-01-01,JBRA,Felipe Arturo Morales Martínez; Martha Merino-Ruiz; Eddy E. A Angulo Velarde; Otto H. Valdés‐Martínez; Sara P. Peña Lizola; Luis Héctor Hernández,2,True,https://doi.org/10.5935/1518-0557.20200076,boolean_search,"Objective: Investigate the possible effect of an acute sildenafil dose in asthenozoospermic patients.Methods: We ran this experimental, descriptive, prospective and non-blinded study in 32 patients diagnosed with asthenozoospermia according to the WHO criteria, after two consecutive semen analyses (samples 1 and 2), and we asked them to provide a new semen sample two weeks after the initial exams (sample 3).One hour prior to the semen collection, we gave the patients 100mg oral sildenafil.Samples 2 and 3 were allowed to liquefy and density gradients centrifugation was performed.We assessed sperm motility by Computer-assisted sperm analysis (CASA).Results: There were no significant differences between the samples obtained before (sample2) or after sildenafil administration (sample3).However, a single oral 100 mg sildenafil dose in asthenozoospermic patients increase the percentage of motile sperm recovered after density gradient centrifugation.Conclusions: An acute administration of sildenafil enhances sperm recovery after density gradient centrifugation in asthenozoospermic patients, and it may produce more available mobile sperm to perform intra uterine insemination or to improve the chances of success in this procedure.This approach may be used as an alternative strategy in assisted reproductive programs.Sildenafil was well tolerated and no patient was withdrawn from the study due to adverse events attributed to sildenafil."
https://openalex.org/W4394055911,https://doi.org/10.5281/zenodo.8248198,Supergenes and maintenance of alternative reproductive tacitcs,2023,2023-08-16,Zenodo (CERN European Organization for Nuclear Research),Sarah P. Flanagan,1,True,https://zenodo.org/record/8248198,boolean_search,"# Archived outputs from models of alternative reproductive tactics This repository contains outputs from models of the evolution of alternative reproductive tactics, with accompanying code available on github (https://github.com/spflanagan/ARTs). The repository supports a manuscript submitted to Proceedings of the Royal Society B, which is investigating the effects of explicit genetic architecture on evolutionary dynamics of alternative reproductive tactics. The analysis used two separate programs: a baseline analytical model (written in R) and a simulation-based model (written in C++). Outputs from both of these models are archived here. ## Baseline model - `morph_results_Ns.RDS`: An R data file containing a data.frame with the results of the baseline analytical model. It contains 11 columns: - initial_CP = frequency of the courter/parent morph in the initial generation of the model - initial_CN = frequency of the courter/non-parent morph in the initial generation of the model - initial_NP = frequency of the non-courter/parent morph in the initial generation of the model - initial_NN = frequency of the non-courter/non-parent morph in the initial generation of the model - CP = frequency of the courter/parent morph in the final generation of the model - CN = frequency of the courter/non-parent morph in the final generation of the model - NP = frequency of the non-courter/parent morph in the final generation of the model - NN = frequency of the non-courter/non-parent morph in the final generation of the model - r = the relative reproductive investment parameter - c = the sperm competition coefficient - num_sneak = the number of males allowed to sneak fertilisations within a single clutch - `morph_results_10000_equalStart.RDS`: An R data file containing a data.frame with the results of the baseline analytical model after it had been run for 10,000 generations. It contains the same 11 columns as `morph_results_Ns.RDS`. ## Simulation model The simulation model was run with a variety of parameter combinations, which have been summarised in various files and the archived files are provided. ### Raw outputs These results were generated by running the scripts `scripts/101_model-informed-single-locus.sh`, `101_model-informed-single-locus-tradeoffs.sh`, and `102_model-informed-genetics.sh`. Each parameter combination was run multiple times and generated the same sets of files: - `*_parameters.txt`: Outputs the parameter settings for that run in a text file with each parameter on its own line - `*_log.txt`: A text file with the log outputs from the model - will note whether any errors occurred in that run. - `*_traits.txt`: A tab-delimited file containing the trait data for every individual in generation 0 and generation 12000. The columns are: - Gen: generation - Pop: population ID within simulations that started with identical starting conditions - Individual: A numerical index for the individual whose information is output. - Sex: whether the individual is MALE or FEMALE - Courter: A boolean value for whether the individual has the courter trait (1) or the non-courter trait (0). Note that females can carry the courter trait (i.e., have a value of 1 in this column) but do not express the courter trait. - CourtTrait: The actual trait value for the individual, which is the sum of allelic effects at courter QTLs. - Parent: A boolean value for whether the individual has the parent trait (1) or the non-parent trait (0). Note that females can carry the parent trait (i.e., have a value of 1 in this column) but do not express the parent trait. - ParentTrait: The actual trait value for the individual, which is the sum of allelic effects at parent QTLs. - Preference: A boolean value for whether the individual prefers the courting male (1) or non-courting males (0). For the simulation runs here, all individuals have a preference for courters. - PrefTrait: The trait value for the preference trait if the trait has a genetic basis. In all iterations of the model shared here, the preference trait was not genetically inherited. - MateFound: A count of how many mates the individual was able to obtain. - PotRS: The potential reproductive success of the individual, based on their fecundity (which is set by the parameter settings in the model). - LifetimeRS: The realised reproductive success of the individual based on the number of matings and the number of offpsring produced. - Alive: A boolean value tracking whether the individual died or survived to mate. - `*_summary.txt`: A tab-delimited file summarising the final frequencies of various morphs and other demographic parameters for each generation of the model, and for each population (when populations were initiated with identical starting parameters). It contains the following columns: - Generation: Generation number (an integer) - Pop: Numerical population ID. All populations were initiatlised with identical conditions within a single file. - PopSize: The population size (i.e., number of adults) - NumMal: Number of adult males in the population - NumFem: Number of adult females in the population - NumProgeny: The number of progeny produced - ParentThresh: The population-level threshold for the parent trait to switch from parent to non-parent (this is the mean allelic effects in Gen 0). - ParentFreq: Frequency of the parent trait in the population - ParentAEmean: Mean allelic effects of the Parent QTLs - ParentAEsd: Standard deviation in allelic effects of the Parent QTLs - ParentW: Relative fitness of parent males - NonParentW: Relative fitness of non-parent males - CourterThresh: The population-level threshold for the courter trait to switch from courter to non-courter (this is the mean allelic effects in Gen 0). - CourterFreq: Frequency of the courter trait in the population - CourterAEmean: Mean allelic effects of courter QTLs - CourterAEsd: Standard deviation of allelic effects of courter QTLs - CourterW: Relative fitness of courting males - NonCourterW: Relative fitness of non-courting males - FreqNcNp: Frequency of non-courting/non-parent (NN) morph - FreqCNp: Frequency of courting/non-parent (CN) morph - FreqNcP: Frequency of non-courting/parent (NP) morph - Freq CP: Frequency of courting/parent (CP) morph - PrefThresh: The population-level threshold for the preference trait to switch from preferring the courting to non-courting males (not relevant to these simulations) - PrefFreq: Frequency of the preference for the courting male in th epopulation (not relevant to these simulations) - NumRandMate: Number of females that randomly mated (i.e., did not find a partner with the preferred trait) The runs with explicit genetic architectures also have the following files: - `*_qtlinfo.txt`: A tab-delimited file summarising the location of each type of QTL. Each column is a different QTL and each row is a different population. If they are initialised to be identical, the QTL information will be the same for each population. The format of the QTL location information is a the chromosome number as an integer (starting at 0), followed by a decimal, and the following numbers are the location among the marker loci. So, 0.850 refers to a QTL on chromosome 0 at marker location 850 (out of 1000). - `*_allelic-effects.txt`: A tab-delimited file containing the allelic effects for each QTL. These are the additive contributions each QTL makes towards the trait, and these mutate if a mutation occurs at the location of the QTL (which is recorded in the corresponding `*_qtlinfo.txt` file). - `*_markers.txt`: A tab-delimited file summarising the allele frequency at each marker locus. - `*vcf`: A variant call format file for the population in the final generation of the simulations. See standard formats for this type of file online (e.g., https://samtools.github.io/hts-specs/VCFv4.2.pdf) - `*Tajima.D`: The vcftools output format containing Tajima's D statistics, which was generated using the vcf file. See the vcftools manual for more details (https://vcftools.github.io/man_latest.html) - `*LD.geno.ld`: The vcftools output format containing pairwise linkage disequilibrium statistics, which was generated using the vcf file. See the vcftools manual for more details (https://vcftools.github.io/man_latest.html) - `*_gt.csv`: A comma-separated file summarising the genotype information for each individual at all marker loci. It is similar to vcf file format, with the following columns: - Marker: marker ID - Chrom: Chromosome ID or number (starting at 0) - Position: Locaiton on the chromosome (starting at 0) - REF: Reference allele - ALT: Alternative allele - The remaining columns are each individual's genotype - `*_pheno.csv`: A comma-separated file summarising the phenotypes for a population with the following columns: - ID: individual ID - CourtTrait: Whether the individual is a courter (2) or a non-courter (1) - ParentTrait: Whether the individual is a parent (2) or a non-parent (1) - Sex: Whether the individual is a male (MAL) or a female (FEM) - Morph: The morph of the individual (CP = courter/parent, C = courter, P = non-courter/parent, N = non-courter/non-parent; females can have preferences as well but this is not relevant to these datasets) These above outputs, run with various parameter settings, are found in the following `tar.gz` files: - `stochasticity.tar.gz`: Contains the output for the parameter combinations without explicit genetic architectures but including demographic stochasticity, recombination, and mutation. Their file names contain the following labels: - lowDiversity, highDiversity, or highDiversityStrict: indicates the parameter settings used as described in the main text. The 'Stri"
https://openalex.org/W3163826595,https://doi.org/10.1101/2021.05.09.443318,"Morph-specific investment in testes mass in a trimorphic beetle, Proagoderus watanabei",2021,2021-05-10,bioRxiv (Cold Spring Harbor Laboratory),Jonathan M. Parrett; Eleanor M. Slade; Robert J. Knell,2,True,https://www.biorxiv.org/content/biorxiv/early/2021/05/10/2021.05.09.443318.full.pdf,boolean_search,"Abstract When competition between males for mates is intense it is common to find that some males will adopt alternative tactics for acquiring fertilisations, often involving the use of ‘sneak’ tactics whereby males avoid contests. These alternative tactics are sometimes associated with discrete differences in male morphology, with sneak males investing less in weaponry but more in traits such as testes which will give an advantage in sperm competition. In some cases it appears that males develop into more than two morphs, with a number of examples of tri- and even tetramorphic arthropod species being described. Here we analyse the scaling relations of the dung beetle species Proagoderus watanabei , which expresses two distinct weapon traits: paired head horns and a pronotal horn. We find that males of this species are trimorphic, with alpha males expressing long head horns and a pronotal horn, beta males with long head horns but no pronotal horn, and gamma males with short head horns only. We also find that alpha males invest less in testes than do beta or gamma males, indicating that beta and gamma males in this species probably experience higher risks of sperm competition than do alphas."
https://openalex.org/W2894949767,https://doi.org/10.1111/jzo.12619,Tactic‐specific sperm traits in the dusky frillgoby (Bathygobius fuscus),2018,2018-09-30,Journal of Zoology,A. Nakanishi; Takeshi Takegaki,16,False,,boolean_search,"Abstract Sperm competition between males with different reproductive tactics can be a strong selective force that shapes the evolution of tactic‐specific reproductive traits. In fishes, sneak fertilization of the female's eggs is the most widespread male alternative reproductive tactic and sneaker males generally exhibit enlarged testes as a tactic‐specific trait due to the higher risk of sperm competition they face. In addition, traits of the sperm themselves, such as size, density, velocity and longevity, vary with reproductive tactic in some species. Here, we investigated differences in the sperm traits between males of dusky frillgoby (Bathygobius fuscus) adopting nest‐holding tactics and sneaking tactics. In this species, sneak nest intrusion lasts only a few seconds to a minute, whereas females lay eggs over several hours. A unique feature of this species is that both types of males deposit sperm‐containing mucus on the nests, from which the sperm are gradually released into the water. We found that the sperm of sneaker males are present at a higher concentration in the testes, are longer lived and decrease in velocity more gradually than the sperm of nest‐holding males, despite no differences in sperm size being detected. These tactic‐specific sperm traits of sneaker males appear to contribute enhancing their fertilization success under the limited opportunity for sneaking in this species."
https://openalex.org/W2597148240,https://doi.org/10.1007/s10641-017-0593-2,"Evidence for male alternative reproductive tactics in convict cichlids (Amatitlania siquia) in Lake Xiloá, Nicaragua",2017,2017-03-14,Environmental Biology of Fishes,Ethan D. Clotfelter; Elizabeth Johnson; Caleb Anderson; Ryan L. Earley,2,False,,boolean_search,
https://openalex.org/W3214176492,https://doi.org/10.1111/jzo.12941,"Morph‐specific investment in testes mass in a trimorphic beetle, Proagoderus watanabei",2021,2021-11-17,Journal of Zoology,Jonathan M. Parrett; Eleanor M. Slade; Robert J. Knell,1,True,https://onlinelibrary.wiley.com/doi/pdfdirect/10.1111/jzo.12941,boolean_search,"Abstract When competition between males for mates is intense, it is common to find that some males will adopt alternative tactics for acquiring fertilizations, often involving the use of ‘sneak’ tactics whereby males avoid precopulatory contests. These alternative tactics are sometimes associated with discrete differences in male morphology, with sneak males investing less in weaponry but more in traits such as testes which may give an advantage in sperm competition. In some cases, it appears that males develop into more than two morphs, with a number of examples of tri‐ and even tetramorphic arthropod species being described. Here, we analyse the scaling relations of the dung beetle species Proagoderus watanabei, which expresses two distinct weapon traits: paired head horns and a pronotal horn. We find that males of this species are trimorphic, with alpha males expressing long head horns and a pronotal horn, beta males with long head horns but no pronotal horn and gamma males with short head horns only. We also find that alpha males invest relatively less in testes than do beta or gamma males, indicating that beta and gamma males in this species probably experience higher risks of sperm competition than do alphas."
https://openalex.org/W2804867040,https://doi.org/10.1126/sciadv.aap8563,Alternative male morphs solve sperm performance/longevity trade-off in opposite directions,2018,2018-05-04,Science Advances,Michael Taborsky; Dolores Schütz; Olivier Goffinet; G. Sander van Doorn,34,True,https://www.science.org/doi/pdf/10.1126/sciadv.aap8563?download=true,boolean_search,", two Mendelian male morphs compete for fertilization by divergent means: Bourgeois nest males ejaculate sperm, on average, about six times farther from the unfertilized ova than do parasitic dwarf males. This asymmetry is opposite to the usual situation, in which bourgeois males typically benefit from superior fertilization opportunities, suggesting that nest males' sperm should persist longer than dwarf male sperm. The assumed trade-off between sperm swimming performance and longevity predicts that, in turn, sperm of dwarf males should outperform that of nest males in swimming efficiency. Measurement of sperm performance and endurance reveals that dwarf male spermatozoa swim straighter initially than those of nest males, but their motility declines earlier and their velocity slows down more abruptly. Nest male sperm survives longer, which relates to a larger sperm head plus midpiece, implying more mitochondria. Thus, the trade-off between sperm performance and endurance is optimized in opposite directions by alternative male morphs. We argue that the relative success of alternative sperm performance strategies can be influenced strongly by environmental factors such as the time window between gamete release and fertilization, and the position of gamete release. This is an important yet little understood aspect of gametic adaptations to sperm competition."
https://openalex.org/W2906511802,https://doi.org/10.1111/mec.14999,"Experimentally induced variation in neuroendocrine processes affects male reproductive behaviour, sperm characteristics and social interactions",2018,2018-12-26,Molecular Ecology,Bridget M. Nugent; Kelly A. Stiver; Hans A. Hofmann; Suzanne H. Alonzo,12,False,,boolean_search,"While extensive research has focused on how social interactions evolve, the fitness consequences of the neuroendocrine mechanisms underlying these interactions have rarely been documented, especially in the wild. Here, we measure how the neuroendocrine mechanisms underlying male behaviour affect mating success and sperm competition in the ocellated wrasse (Symphodus ocellatus). In this species, males exhibit three alternative reproductive types. ""Nesting males"" provide parental care, defend territories and form cooperative associations with unrelated ""satellites,"" who cheat by sneaking fertilizations but help by reducing sperm competition from ""sneakers"" who do not cooperate or provide care. To measure the fitness consequences of the mechanisms underlying these social interactions, we used ""phenotypic engineering"" that involved administering an androgen receptor antagonist (flutamide) to wild, free-living fish. Nesting males treated with flutamide shifted their aggression from sneakers to satellite males and experienced decreased submissiveness by sneaker males (which correlated with decreased nesting male mating success). The preoptic area (POA), a region controlling male reproductive behaviours, exhibited dramatic down-regulation of androgen receptor (AR) and vasotocin 1a receptor (V1aR) mRNA following experimental manipulation of androgen signalling. We did not find a direct effect of the manipulation on male mating success, paternity or larval production. However, variation in neuroendocrine mechanisms generated by the experimental manipulation was significantly correlated with changes in behaviour and mating success: V1aR expression was negatively correlated with satellite-directed aggression, and expression of its ligand arginine vasotocin (AVT) was positively correlated with courtship and mating success, thus revealing the potential for sexual selection on these mechanisms."
https://openalex.org/W2772746175,https://doi.org/10.1098/rspb.2017.2223,Condition-dependent female preference for male genitalia length is based on male reproductive tactics,2017,2017-12-06,Proceedings of the Royal Society B Biological Sciences,Armando Hernandez-Jimenez; Oscar Ríos-Cárdenas,10,True,https://royalsocietypublishing.org/doi/pdf/10.1098/rspb.2017.2223,boolean_search,"There is extensive morphological variation of male genitalia across animals with internal fertilization, even among closely related species. Most studies attempting to explain this extraordinary diversity have focused on processes that occur post-copula (e.g. sperm competition, cryptic female choice). Only a few studies have focused on the pre-copula process of female preference. In addition, the extent to which this variation could be associated with the use of different reproductive tactics has yet to be explored. Here, we show that female preference for male genitalia length in two livebearing fishes depends on the type of reproductive tactic of the males being evaluated as well as the body condition of the female. In a species where all males coax females to acquire matings (courters), females preferred males with short genitalia. In a species with genetically influenced alternative reproductive tactics (courter males that only court and produce courter sons, sneaker males that use the coercive tactic of sneak chase and produce sneaker sons), female preference depended on an interaction between male tactic and female condition: females in good condition preferred courter males with short genitalia, and sneaker males with long genitalia. Our results suggest that female preference for male traits favourable to their sons may be an important factor contributing to the diversification of male genitalia. Despite the contrasting selection for genitalia length that our female preference tests suggest, we found no significant differences in genitalia length between coaxing (courters) and coercive (sneakers) males. Our study represents a starting point to more clearly understand the role of alternative reproductive tactics and variation in female mate preference in the evolution of male genitalia."
https://openalex.org/W2907887931,https://doi.org/10.1002/jmor.20930,"Genital morphology associated with mating strategy in the polymorphic lizard, Uta stansburiana",2018,2018-12-28,Journal of Morphology,Casey Gilman; Ammon Corl; Barry Sinervo; Duncan J. Irschick,12,False,,boolean_search,"Sexual selection can lead to rapid evolution of sexual traits and striking morphological diversity across taxa. In populations where competition for mates is intense, males sometimes evolve distinct behavioral strategies along with morphological differences that help them secure mating opportunities. Strong postcopulatory selection and differential resource allocation across male strategy type can result in strategy-specific differences in sexual traits, such as sperm morphology, ejaculate components, and testis size. Some polymorphic species also have strategy-specific genital morphology. Thus far, among vertebrates, this has only been observed in fish. Here, we present the first morphological description of the intromittant copulatory organ, the hemipenis, of the three mating types of the side-blotched lizard, Uta stansburiana, from a population that exhibits alternative mating strategies. We found that the isometrically scaling hemipenis was shortest in the nonterritorial (yellow) morph that sneaks copulations with other males' mates. Although the hemipenes were generally the same shape across morphs, the usurping territorial (orange) morph had a significantly wider apical horn than the nonterritorial sneaker morph. Sneaker males also had smaller relative body masses than both the mate-guarding (blue) morph and the usurper morph, and shorter tibia than the usurper morph. This study using a small sample of males suggests that strong sexual selection may drive genital trait differentiation across morphs within populations of terrestrial vertebrates."
https://openalex.org/W4362634782,https://doi.org/10.25225/jvb.22069,Male position in a sexual network reflects mating role and body size,2023,2023-04-05,Journal of Vertebrate Biology,Carl Smith; Rowena Spence; Richard I. Bailey; Martin Reichard,4,True,https://bioone.org/journals/journal-of-vertebrate-biology/volume-72/issue-22069/jvb.22069/Male-position-in-a-sexual-network-reflects-mating-role-and/10.25225/jvb.22069.pdf,boolean_search,"Several species are characterised by male mating polymorphisms, which are often associated with sperm competition for which some phenotypes show specialisation. With high-resolution behavioural data, we used network analysis to quantify sperm competition intensity; the probability of overlap of the ejaculates of different males among competing male European bitterling (Rhodeus amarus) in a large experimental mesocosm. Implementing Bayesian inference with informative priors, we modelled sperm competition intensity among males adopting two alternative mating roles to understand how sperm competition intensity varied between roles as a function of body size. We demonstrated that larger males performing a “guarder” role experienced lower sperm competition intensity than smaller males. In contrast, for “sneaker males”, larger males experienced greater sperm competition intensity. We discuss these findings in the context of mating system evolution and the reproductive biology of bitterling."
https://openalex.org/W2891162765,https://doi.org/10.1016/j.zool.2018.08.002,A mating plug in a squid? Sneaker spermatophores can block the female sperm-storage organ in Doryteuthis plei,2018,2018-09-08,Zoology,Luiza de Oliveira Saad; Thomas Schwaha; Stephan Handschuh; Andreas Wanninger; José Eduardo Amoroso Rodriguez Marian,7,False,,boolean_search,
https://openalex.org/W2972140570,https://doi.org/10.3389/fphys.2019.01180,Behavior of “Intermediate” Males of the Dimorphic Squid Doryteuthis pleii Supports an Ontogenetic Expression of Alternative Phenotypes,2019,2019-09-13,Frontiers in Physiology,Lígia H. Apostólico; José Eduardo Amoroso Rodriguez Marian,16,True,https://www.frontiersin.org/articles/10.3389/fphys.2019.01180/pdf,boolean_search,"The expression of alternative reproductive tactics (ARTs) by different-sized males of loliginid squids has been extensively investigated. In loliginids, alternative phenotypes are characterized by differences in behavior, body size, sperm deposition site, and morphology and functioning of ejaculates. Consort males guard females, display agonistic behaviors towards rival males, and mate with females in male-parallel position (MP). Sneaker males avoid fights and instead adopt furtive behaviors to access females guarded by consort males, mating in the head-to-head posture (HH). Recently, reappraisal of preserved material from the loliginid squid Doryteuthis pleii showed that intermediate-sized males (so-called “intermediate” males) had both sneaker- and consort- like ejaculates, leading to the hypothesis of them being a transitional stage between both phenotypes. Here, we describe observations made in captivity showing that intermediate males can display agonistic behaviors towards consort males and mate with females in both mating positions, depending on the male’s current reproductive context, i.e., generally in HH, but switching to MP when the female is laying eggs. Such unusual findings of intermediate males simultaneously displaying behaviors of both sneaker and consort males comprise additional evidence corroborating the ontogenetic hypothesis for phenotypic expression of ARTs in this species. Taken together, our results indicate that (1) instead of competing with large consort males for female access and monopolization, small/young males adopt sneaker tactics to obtain mating opportunities, and (2) as they continue to grow, they gradually modify the morphology of their ejaculates and their mating behavior, going through an “intermediate” stage, before becoming large consort males."
https://openalex.org/W2605225341,https://doi.org/10.1111/jeb.13083,The evolution of strategic male mating effort in an information transfer framework,2017,2017-04-05,Journal of Evolutionary Biology,Leif Engqvist; Michael Taborsky,4,False,,boolean_search,"Sperm competition theory predicts that males should use cues indicating the risk and intensity of sperm competition to tailor their sperm investment accordingly. Rival males are an important source of social information regarding sperm competition risk. However, revealing such information may not be in the rival males' interest. Here, we use a theoretical approach based on informed and uninformed games to investigate when information transfer about sperm competition risk to competitors is beneficial for a male, and when it is not. The results show that signalling to potential future mates that a female has already mated is beneficial when the signalling male has a sperm competition disadvantage, whereas it is unfavourable when the signaller has an advantage. The reason for this counterintuitive result is that the rival males' optimal response is to reduce sperm investment when the signaller has a disadvantage and, conversely, to increase investment when the signaller has an advantage. Furthermore, we analysed scenarios where males use alternative reproductive tactics. In this situation, signalling the awareness of sperm competition risk rarely pays; instead, it is beneficial to maintain an information advantage. Thus, it may be beneficial for bourgeois males to accept cuckoldry instead of revealing their sperm competition awareness to reproductive parasites. These results provide new insight into the evolution of communication between rivals in the context of sperm competition."
https://openalex.org/W3004139261,https://doi.org/10.1007/s00265-020-2803-8,Indirect cue of paternity uncertainty does not affect nest site selection or parental care in a Pacific toadfish,2020,2020-01-27,Behavioral Ecology and Sociobiology,Aneesh P. H. Bose; Noah Houpt; Madeline Rawlins; Jessica S. Miller; Francis Juanes; Sigal Balshine,5,False,,boolean_search,
https://openalex.org/W3093569101,https://doi.org/10.1098/rspb.2020.2004,Evidence of sperm removal behaviour in an externally fertilizing species and compensatory behaviour for the risk of self-sperm removal,2020,2020-10-21,Proceedings of the Royal Society B Biological Sciences,Takeshi Takegaki; Ayako Nakanishi; Yosuke Kanatani; Shoma Kawase; Masaaki Yoshida; Noriyosi Sato,12,True,https://nagasaki-u.repo.nii.ac.jp/record/160/files/RSPB287_20202004.pdf,boolean_search,"The removal of rival sperm from a female's sperm storage organ acts as a strong sperm competition avoidance mechanism, which has been reported only in internally fertilizing species and not at all in externally fertilizing species. This study demonstrated for the first time that nest-holding males of Bathygobius fuscus , an externally fertilizing marine fish, remove the sperm of rival sneaker males from the spawning nest by exhibiting tail-fanning behaviour within the nest. Males showed tail-fanning behaviour when semen was artificially injected into the nest but not when seawater was injected, and in open nests this behaviour resulted in higher paternity rates for the focal male. The sperm removal behaviour entails the risk of removing their own sperm; therefore, additional sperm release behaviour is likely necessary to benefit from the sperm removal effect. Consistent with this, males increased post-fanning sperm release behaviour more in the semen than in the seawater injection treatment. Moreover, males who had removed sperm for a longer time spent more time releasing sperm after the removal, suggesting that the additional sperm release behaviour compensated for the loss of their own sperm. These results suggest that sperm removal behaviour is not restricted to internally fertilizing organisms and deserves further investigation in this and other species."
https://openalex.org/W2909842111,https://doi.org/10.1155/2019/5129263,"Kisspeptin Protein in Seminal Plasma Is Positively Associated with Semen Quality: Results from the MARHCS Study in Chongqing, China",2019,2019-01-09,BioMed Research International,Peng Zou; Xiaogang Wang; Qing Chen; Huan Yang; Niya Zhou; Lei Sun; Hongqiang Chen; Jinyi Liu; Lin Ao; Zhihong Cui; Jia Cao,30,True,https://downloads.hindawi.com/journals/bmri/2019/5129263.pdf,boolean_search,"OBJECTIVES: To study the associations between kisspeptin levels in seminal plasma and blood plasma and semen quality. MATERIALS AND METHODS: We conducted a male reproductive health survey in June 2014. A total of 666 volunteers were recruited from colleges in Chongqing, China. All volunteers completed a questionnaire including information on domestic characteristics and some potential confounders. We tested the kisspeptin levels in both blood and seminal plasma. Total seminal kisspeptin was calculated as the concentration of kisspeptin in seminal plasma multiplied by semen volume. Semen samples were tested according to the 2010 World Health Organization's (WHO) guidelines. Spearman correlation and multivariate linear regression were used to explore the association between kisspeptin concentrations in seminal plasma and blood plasma and semen quality. Potential confounders that were adjusted for included age, abstinence time, body mass index (BMI), grade, and smoking. RESULTS: pg/ml versus 448.9 pg/ml). Each interquartile range (IQR) of kisspeptin in seminal plasma was associated with a 4.6% (95% confidence interval [CI]: 1.6%-7.6%) increase in sperm concentration. Each IQR of total kisspeptin was associated with a 7.7% (95% CI: 4.4%-11.0%) increase in total sperm number and a 7.8% (95% CI: 4.0%-11.7%) increase in total motile sperm count. Kisspeptin levels were further classified into quartiles and Q1 was set as the reference level. Subjects in the high total kisspeptin group had 57.5% (95% CI: 33.2%-86.2%) higher total sperm number than the reference group. CONCLUSION: system in male reproductive health. Kisspeptin may be a potential marker of male reproductive health and an alternative strategy for treating infertility."
https://openalex.org/W4387077553,https://doi.org/10.1098/rsbl.2023.0306,Female reproductive fluid and male seminal fluid: a non-gametic conflict for post-mating control,2023,2023-09-01,Biology Letters,Livia Pinzoni; Lisa Locatello; Clelia Gasparini; Maria Berica Rasotto,2,True,https://royalsocietypublishing.org/doi/pdf/10.1098/rsbl.2023.0306,boolean_search,"Growing evidence shows that non-gametic components released by both males and females can significantly drive sperm competition outcomes. Seminal fluid (SF) was shown to influence paternity success by affecting rival males' sperm performance, and, in some species with male alternative reproductive tactics, to selectively decrease the fertilization success of males of the opposite tactic. Female reproductive fluid (FRF) has been proven to differentially influence ejaculates of different males and bias fertilization towards specific partners. Whether, and with what outcome, these two processes can intersect to influence sperm competition is still unknown. Here we explore this scenario in the grass goby ( Zosterisessor ophiocephalus), a fish with territorial–sneaker reproductive tactics, where sneaker males can exploit the territorials’ SF while penalizing territorial sperm performance with their own fluid. To test whether FRF can rebalance the ejaculate competition in favour of territorial males, we used in vitro fertilization with a SF mixture (territorial + sneaker), using increasing concentrations of FRF, to simulate the natural conditions that ejaculates encounter towards the eggs. Our findings revealed a differential effect of FRF on the different tactics' fertilization success, favouring territorial ejaculates, possibly through an attenuation of the detrimental effects of sneaker SF, and enabling females to regain control over the fertilization process."
https://openalex.org/W3083076428,https://doi.org/10.1103/physrevlett.125.100404,Narrowing the Parameter Space of Collapse Models with Ultracold Layered Force Sensors,2020,2020-09-03,Physical Review Letters,Andrea Vinante; Matteo Carlesso; Angelo Bassi; Alessandro Chiasera; Stefano Varas; P. Falferi; B. Margesin; R. Mezzena; Hendrik Ulbricht,87,True,https://arxiv.org/pdf/2002.09782,boolean_search,"Despite the unquestionable empirical success of quantum theory, witnessed by the recent uprising of quantum technologies, the debate on how to reconcile the theory with the macroscopic classical world is still open. Spontaneous collapse models are one of the few testable solutions so far proposed. In particular, the continuous spontaneous localization (CSL) model has become subject of intense experimental research. Experiments looking for the universal force noise predicted by CSL in ultrasensitive mechanical resonators have recently set the strongest unambiguous bounds on CSL. Further improving these experiments by direct reduction of mechanical noise is technically challenging. Here, we implement a recently proposed alternative strategy that aims at enhancing the CSL noise by exploiting a multilayer test mass attached on a high quality factor microcantilever. The test mass is specifically designed to enhance the effect of CSL noise at the characteristic length r_{c}=10^{-7} m. The measurements are in good agreement with pure thermal motion for temperatures down to 100 mK. From the absence of excess noise, we infer a new bound on the collapse rate at the characteristic length r_{c}=10^{-7} m, which improves over previous mechanical experiments by more than 1 order of magnitude. Our results explicitly challenge a well-motivated region of the CSL parameter space proposed by Adler."
https://openalex.org/W4394313937,https://doi.org/10.6084/m9.figshare.19174604.v2,"Supplementary material for: ""Male alternative reproductive tactics and sperm competition: a meta-analysis""",2022,2022-01-01,Figshare,Liam R. Dougherty,0,True,https://doi.org/10.6084/m9.figshare.19174604.v2,boolean_search,"All data files and R code for the publication: Dougherty LR, Skirrow MJ, Jennions MD & Simmons LW (2022) Male alternative reproductive tactics and sperm competition: a meta-analysis"" Biological Reviews. Contains:- Supplementary tables and figures- PRISMA statement - Excel file with three data sets: testes size, sperm quantity, and sperm traits - TRE files for three phylogenetic trees (one for each data set)- txt file with data used to create Figure 2 - R code for all analyses"
https://openalex.org/W4394234078,https://doi.org/10.6084/m9.figshare.19174604,"Supplementary material for: ""Male alternative reproductive tactics and sperm competition: a meta-analysis""",2022,2022-01-01,Figshare,Liam R. Dougherty,0,True,https://doi.org/10.6084/m9.figshare.19174604,boolean_search,"All data files and R code for the publication: Dougherty LR, Skirrow MJ, Jennions MD & Simmons LW (2022) Male alternative reproductive tactics and sperm competition: a meta-analysis"" Biological Reviews. Contains:- Supplementary tables and figures- PRISMA statement - Excel file with three data sets: testes size, sperm quantity, and sperm traits - TRE files for three phylogenetic trees (one for each data set)- txt file with data used to create Figure 2 - R code for all analyses"
https://openalex.org/W4394257551,https://doi.org/10.6084/m9.figshare.19174604.v1,Supplementary material for: Male alternative reproductive tactics and sperm competition: a meta-analysis,2022,2022-01-01,Figshare,Liam R. Dougherty,0,True,https://doi.org/10.6084/m9.figshare.19174604.v1,boolean_search,"All data files and R code for the publication: Dougherty, L. R., Skirrow, M. J., Jennions, M. D. & Simmons, L. W. (2022) Male alternative reproductive tactics and sperm competition: a meta-analysis"" Biological Reviews."
https://openalex.org/W4223897076,https://doi.org/10.3410/f.741765467.793592439,Faculty Opinions recommendation of Male alternative reproductive tactics and sperm competition: a meta-analysis.,2022,2022-04-03,Faculty Opinions – Post-Publication Peer Review of the Biomedical Literature,Ingo Schlupp,0,False,,boolean_search,
https://openalex.org/W4250778542,https://doi.org/10.1007/978-3-319-24612-3_1269,Sperm Competition,2020,2020-01-01,,Tara DeLecce,0,False,,boolean_search,
https://openalex.org/W3190535125,https://doi.org/10.1098/rsbl.2021.0201,Black goby territorial males adjust their ejaculate's characteristics in response to the presence of sneakers,2021,2021-08-01,Biology Letters,Lisa Locatello; Oliviero Borgheresi; Federica Poli; Andrea Pilastro; Maria Berica Rasotto,2,True,https://www.ncbi.nlm.nih.gov/pmc/articles/8331225,boolean_search,"In many species, males can rapidly adjust their ejaculate performance in response to changing levels of sperm competition, an ability that is probably mediated by seminal fluid adaptive plasticity. In the black goby,Gobius niger, territorial males attach viscous ejaculate trails to the nest roof, from which sperm are slowly released into the water during the long-lasting spawning events. Sneaker males release their sperm in the vicinity of the nest, and territorial males try to keep them at a distance by patrolling their territory. We show here that territorial males' ejaculate trails released a higher proportion of their sperm in the presence of a single sneaker, but this proportion decreased when there were three sneakers, an effect that is most likely mediated by a change in the seminal fluid composition. Field observations showed that when multiple sneaking attempts occurred, territorial males spent more time outside the nest, suggesting that ejaculation rate and territory defence are traded-off. Altogether, these results suggest that the adjustment of sperm release from the ejaculate may be strategic, guaranteeing a more continuous concentration of the territorial male's sperm in the nest, although at a lower level, when he is engaged in prolonged territory defence outside the nest."
https://openalex.org/W2605546099,https://doi.org/10.1016/j.anbehav.2017.03.027,"Size-dependent ejaculation strategies and reproductive success in the yellow dung fly, Scathophaga stercoraria",2017,2017-04-23,Animal Behaviour,Brian E. Gress; Scott Pitnick,6,False,,boolean_search,
https://openalex.org/W4416227945,https://doi.org/10.1093/jeb/voaf139,"Ejaculate investment differs by population, but not wing morph or perceived sperm competition risk, in Pacific field crickets",2025,2025-11-14,Journal of Evolutionary Biology,Jessie C. Tanner; Justa L. Heinen‐Kay; Lili Hagg; Maxine Lovegrove; Marlene Zuk; Leigh W. Simmons,0,True,https://academic.oup.com/jeb/advance-article-pdf/doi/10.1093/jeb/voaf139/65289987/voaf139.pdf,boolean_search,"Conspicuous sexual signals are frequently under selection from conflicting sources, such as natural versus sexual selection and precopulatory versus postcopulatory sexual selection, which may act in the same or different directions. The Pacific field cricket (Teleogryllus oceanicus) is undergoing rapid evolutionary trait loss: mutations that render males obligately silent (the ""flatwing phenotype"") have become established on several islands of Hawai'i. Females strongly discriminate against silent males, yet flatwings do gain matings. In this study, we take advantage of this natural system to understand how investment in ejaculate quality under high and low perceived sperm competition risk (manipulated using acoustic cues) differs between wild type males and flatwings, which obligately adopt alternative reproductive tactics (ARTs). We replicated our study in two islands with different flatwing frequencies because female mating rate and therefore sperm competition risk is likely higher in O'ahu than Kaua'i. We measured testes mass and gene expression for three seminal fluid proteins (SFPs) that affect paternity success, sperm viability, and female propensity to remate. Compared to Kaua'i males, O'ahu males showed higher residual testes mass and expression of ToSfp011, which increases male sperm viability and paternity success, and reduces mate searching behaviour by females. We found no effect of immediate sperm competition risk or wing morph on any of the SFPs or testes mass. Differential SFP expression and residual testes mass in Hawaiian populations that likely differ in mating rate are compatible with the predictions of sperm competition theory."
https://openalex.org/W2966768617,https://doi.org/10.3389/fphys.2019.01035,Tactical Tentacles: New Insights on the Processes of Sexual Selection Among the Cephalopoda,2019,2019-08-21,Frontiers in Physiology,Peter Morse; Christine L. Huffard,30,True,https://www.frontiersin.org/articles/10.3389/fphys.2019.01035/pdf,boolean_search,"The cephalopods (Mollusca: Cephalopoda) are an exceptional class among the invertebrates, characterised by the advanced development of their conditional learning abilities, long-term memories, capacity for rapid colour change and extremely adaptable hydrostatic skeletons. These traits enable cephalopods to occupy diverse marine ecological niches, become successful predators, employ sophisticated predator avoidance behaviours and have complex intraspecific interactions. Where studied, observations of cephalopod mating systems have revealed detailed insights to the life histories and behavioural ecologies of these animals. The reproductive biology of cephalopods is typified by high levels of both male and female promiscuity, alternative mating tactics, long-term sperm storage prior to spawning, and the capacity for intricate visual displays and/or use of a distinct sensory ecology. This review summarises the current understanding of cephalopod reproductive biology, and where investigated, how both pre-copulatory behaviours and post-copulatory fertilisation patterns can influence the processes of sexual selection. Overall, it is concluded that sperm competition and possibly cryptic female choice are likely to be critical determinants of which individuals' alleles get transferred to subsequent generations in cephalopod mating systems. Additionally, it is emphasised that the optimisation of offspring quality and/or fertilisation bias to genetically compatible males are necessary drivers for the proliferation of polyandry observed among cephalopods, and potential methods for testing these hypotheses are proposed within the conclusion of this review. Further gaps within the current knowledge of how sexual selection operates in this group are also highlighted, in the hopes of prompting new directions for research of the distinctive mating systems in this unique lineage."
https://openalex.org/W2899005692,,Accessory glands and sperm competition,2017,2017-09-25,MacSphere (McMaster University),Jessica A. Miller,0,True,http://hdl.handle.net/11375/23453,boolean_search,"Sperm competition is a widely-recognized and powerful selective force. Male accessory glands are organs found across animal taxa that can influence sperm performance, and thus may be selected for in competitive contexts. In fishes, these organs are in fact rare, but display great diversity in form and function across species. Although the accessory gland is known to play a role in mate attraction, parental care, fertilization, or post-copulatory competition in a few select species, the role of this organ remains a mystery in most species. Many fishes with accessory glands also exhibit alternative reproductive tactics (ARTs), which add an extra layer of complexity to how species respond to sperm competition. Because males of different ARTs typically experience different levels of sperm competition risk, it’s possible they may differentially invest in accessory glands to overcome this competition. In this thesis, I used the plainfin midshipman fish (Porichthys notatus), a species with both ARTs and an accessory gland, to experimentally investigate the role of the accessory gland in sperm competition and uncover how this organ may differ between ARTs. Over a two-year period, I studied tactic-specific investment in the accessory gland in fish from the beaches of British Columbia. I also examined the effects of seminal fluid, produced in part by the accessory gland, on sperm performance and morphology. I found that males adopting the ‘guarder’ male tactic invested more in one region (the lobules) of this organ, while males adopting the smaller ‘sneaker’ male tactic invested more the other region of the gland (the nodes). Using data collected over five years, I found that guarder males also invested more in their whole accessory glands. Additionally, I report that sperm swam faster in the presence of seminal fluid, and seminal fluid increased sperm head size in both male tactics and increased midpiece size in guarder males. These results suggest that the plainfin midshipman accessory gland may have dual functions, one of which may be to aid sperm competitive ability through enhancements in swimming speed and potentially more successful sperm morphology. Taken together, the results of my thesis improve our knowledge of the role of non-sperm components like seminal fluid and the accessory gland in sperm competition, and demonstrate how species with ARTs can have varying physiological responses to such competition. Only a handful of studies have considered the effects of seminal fluid on sperm performance. By examining sperm competition in a more biologically relevant way and incorporating the effects of a little-studied organ that impacts sperm competition, we should be able to more generally and accurately appreciate the dynamics of post-copulatory competition and fertilization."
https://openalex.org/W2905586487,https://doi.org/10.1016/j.bpobgyn.2018.12.004,Fertility preservation in male patients with cancer,2018,2018-12-20,Best Practice & Research Clinical Obstetrics & Gynaecology,Shlomi Barak,33,False,,boolean_search,
https://openalex.org/W4232159265,https://doi.org/10.1007/978-3-319-19650-3_1943,Physiological Evidence for Human Sperm Competition,2021,2021-01-01,,Tara DeLecce,0,False,,boolean_search,
https://openalex.org/W4307918713,https://doi.org/10.1002/ece3.9463,Paternity sharing in insects with female competition for nuptial gifts,2022,2022-10-30,Ecology and Evolution,Jessica H. Browne; Darryl Gwynne,9,True,https://doi.org/10.1002/ece3.9463,boolean_search,"Male parental investment is expected to be associated with high confidence of paternity. Studies of species with exclusive male parental care have provided support for this hypothesis because mating typically co-occurs with each oviposition, allowing control over paternity and the allocation of care. However, in systems where males invest by feeding mates (typically arthropods), mating (and thus the investment) is separated from egg-laying, resulting in less control over insemination, as male ejaculates compete with rival sperm stored by females, and a greater risk of investing in unrelated offspring (cuckoldry). As strong selection on males to increase paternity would compromise the fitness of all a female's other mates that make costly nutrient contributions, paternity sharing (males not excluded from siring offspring) is an expected outcome of sperm competition. Using wild-caught females in an orthopteran and a dipteran species, in which sexually selected, ornamented females compete for male nuptial food gifts needed for successful reproduction, we examined paternity patterns and compared them with findings in other insects. We used microsatellite analysis of offspring (lifetime reproduction in the orthopteran) and stored sperm from wild-caught females in both study species. As predicted, there was evidence of shared paternity as few males failed to sire offspring. Further support for paternity sharing is the lack of last-male sperm precedence in our study species. Although paternity was not equal among sires, our estimates of paternity bias were similar to other insects with valuable nuptial gifts and contrasted with the finding that males are frequently excluded from siring offspring in species where males supply little more than sperm. This suggests paternity bias may be reduced in nuptial-gift systems and may help facilitate the evolution of these paternal investments."
https://openalex.org/W3126742790,https://doi.org/10.1111/rda.13912,Development of a RAPD marker‐based classification criterion for quality semen production in Holstein crossbred bulls,2021,2021-02-09,Reproduction in Domestic Animals,Shaziya Hussain; Rani Alex; Rafeeque R. Alyethodi; Shalini Sharma; Nitika Verma; A S SIROHI; Umesh Singh; Sushil Kumar; N. Chand; Gyanendra Singh Sengar; Ankur Sharma; Rachna Tyagi; Sarmesh Arya; Srikant Tyagi,2,False,,boolean_search,"In cattle production systems, an intense selection pressure for production traits has resulted in the decline of fertility traits. To optimize an efficient reproduction system, the inclusion of both male and female fertility traits in the selection process is very much essential. RAPD (Random Amplified Polymorphic DNA) was developed as a molecular biology tool and has been extensively used, to study intra- and interspecific genetic diversity. The present study was undertaken to utilize RAPD primers to investigate the association between DNA markers and semen quality traits viz. Sperm concentration, total sperm count ejaculate and initial sperm motility and thereby to identify good/poor semen producers. DNA isolated from the blood samples of healthy bulls was subjected to RAPD-PCR. The multiple regression analysis followed by independent t test was carried out to identify suitable markers. Based on the results, only 12 bands were identified as marker suitable for any of the quality trait. This includes, OPA2 ~ 760, OPA2 ~ 700, OPA6 ~ 1,200, OPA9 ~ 400, OPA9 ~ 380, OPA12 ~ 970, OPA14 ~ 715, OPA14 ~ 605, OPA16 ~ 485, OPA17 ~ 860 and OPA18 ~ 480. Multiple regression analysis selected, OPA2 ~ 760 and OPA2 ~ 1,750 for sperm concentration and OPA2 ~ 760, OPA2 ~ 700, OPA9 ~ 620, OPA4 ~ 670 and OPA18 ~ 1,015 for total sperm count/ejaculate. But the t test revealed a significant association between OPA2 ~ 760 and total sperm count. Further, discriminant function analysis also identified this marker in the first step itself. The results of the present study can be exploited as a low-cost alternative strategy for identification of good /poor semen producers in crossbred bulls at an early age."
https://openalex.org/W7125954176,https://doi.org/10.1111/1365-2435.70266,Warm waters undermine cryptic female choice,2026,2026-01-28,Functional Ecology,Matthew C. Kustra; Louise M. Alissa; Michaela M. Rogers; M. Molinari; Kelly A. Stiver; Susan Marsh‐Rollo; Jennifer K. Hellmann; Suzanne H. Alonzo,1,True,https://onlinelibrary.wiley.com/doi/pdfdirect/10.1111/1365-2435.70266,boolean_search,"Abstract Understanding the thermal sensitivity of reproductive interactions is crucial given global warming. Previous studies have almost exclusively focused on interactions before mating, even though important interactions between the sexes also occur after mating (e.g. gamete interactions), which are likely also affected by temperature. Thus, it remains unknown how temperature affects the influence of female reproductive fluid on sperm performance, thereby altering female control over fertilization (cryptic female choice). This gap limits our understanding of how sexual selection changes with seasonal temperature fluctuations and temperatures outside the range of historical norms. We tested how temperatures relevant to current conditions and climate change projections influence the mechanisms underlying cryptic female choice in a marine fish, Symphodus ocellatus . Under typical, cooler thermal conditions, female reproductive fluid enhances sperm velocity and biases fertilization dynamics to favour preferred, dominant males over sneaker males. We find that warmer temperatures decrease female influence on sperm velocity, especially for dominant males. This results in dominant males having slower sperm than sneaker males at warmer temperatures, reducing the expected paternity of preferred, dominant males. Our results highlight that considering the thermal sensitivity of female–male interactions that occur after mating will be essential for understanding how seasonal variation and climate change can influence fertility, reproduction and sexual selection. Read the free Plain Language Summary for this article on the Journal blog."
https://openalex.org/W7160869853,https://doi.org/10.1007/s00227-026-04857-y,Size-advantage in nest-holding tactics in the dusky frillgoby Bathygobius fuscus males: mating success and parental care success but not fertilization success,2026,2026-05-11,Marine Biology,Shoma Kawase; Noriyosi Sato; Masaaki Yoshida; Takeshi Takegaki,1,False,,boolean_search,
https://openalex.org/W4409380001,https://doi.org/10.1111/1365-2656.70039,"Male reproductive tactics in house mice: Consistent individual differences, intrinsic factors and density effects",2025,2025-04-12,Journal of Animal Ecology,Fragkiskos Darmis; Alexandros Vezyrakis; Anja Guenther,9,True,https://onlinelibrary.wiley.com/doi/pdfdirect/10.1111/1365-2656.70039,boolean_search,"Alternative reproductive tactics (ARTs) describe non-reversible or flexible alternative strategies that secure fertilization. For example, some male defend territories with females while others attempt sneaky matings. Often, ARTs are considered to be status-dependent and are explained by differences in mass or competitive ability. However, most studies on ARTs only approximate their fitness effect, ignore males that never reproduced and consider status (e.g. weight) as the sole mediator of ARTs. We used 244 male mice, Mus musculus domesticus, from semi-natural populations, to describe ARTs in Mus Musculus for the first time. We followed males throughout their life and categorized them as territorials or roamers over multiple monthly intervals, after validating our method of assigning tactics with detailed spatial data. We explored if tactic choice is repeatable, whether multiple social and/or intrinsic factors predict tactic choice and transitions between tactics, and tested for fitness and physiological differences between ARTs. Tactic choice was repeatable, but males switched flexibly between tactics. Tactic choice was associated with mass, age, the operational sex ratio and population size. Territorials had a higher probability of reproduction, but a lower gonadosomatic index. Our results reveal a personality component of ARTs, confirm equal mean fitness among tactics and suggest tactic choice as a multifaceted decision under various selective pressures."
https://openalex.org/W4312219715,https://doi.org/10.1093/cz/zoac102,Reproductive biology of harvestmen (Arachnida: Opiliones): a review of a rapidly evolving research field,2022,2022-12-26,Current Zoology,Glauco Machado; Mercedes Burns,14,True,https://academic.oup.com/cz/advance-article-pdf/doi/10.1093/cz/zoac102/49687981/zoac102.pdf,boolean_search,"in 2007 stimulated the development of many behavioral studies. Although the book is relatively recent, our understanding of the reproductive biology of harvestmen is already outdated due to the fast accumulation of new data. Our goal is to provide an updated review of the subject to serve as a benchmark for the following years. In the pre-copulatory phase, we explore the evolution of facultative parthenogenesis, the factors that may affect the types of mating system, and the role of nuptial gifts in courtship. Regarding the copulatory phase, harvestmen are unique arachnids because they have aflagellate spermatozoa and a penis with complex morphology. We discuss the implications of these two features for sperm competition and cryptic female choice. In the post-copulatory phase, we connect oviposition site selection and climate conditions to the widespread occurrence of resource defense polygyny, alternative reproductive tactics, and sexual dimorphism in several clades of tropical harvestmen. Finally, we present the different forms of parental care in the order, and discuss the benefits and costs of this behavior, which can be performed either by females or males. Throughout the review, we indicate gaps in our knowledge and subjects that deserve further studies. Hopefully, the information synthesized here will stimulate researchers worldwide to embrace harvestmen as a study system and to improve our effort to unravel the mysteries of their reproductive biology."
https://openalex.org/W7170260871,https://doi.org/10.1093/jeb/voag066,"Sneak early, as females lay eggs fast: sperm competition in a fish with long spawning duration",2026,2026-07-24,Journal of Evolutionary Biology,Yosuke Kanatani; Shoma Kawase; Noriyosi Sato; Takeshi Takegaki,0,False,,boolean_search,"In species with external fertilisation, synchronizing sperm release by males with egg release by females is generally considered crucial, yet little is known about sperm release strategies when females lay eggs over extended periods. In the intertidal goby Bathygobius fuscus, smaller males intrude into the nest during pair spawning, which lasts several hours, and release sperm. Here, we investigated how the timing of sneaker intrusion affects the paternity of sneaker males, using controlled aquarium experiments combined with genetic paternity analysis. Our results showed that early nest intrusion after the onset of egg-laying (within approximately 1 hour) significantly increased sneaker male paternity. This may be partly because early released sperm remain viable for several hours and can fertilise eggs laid later. In addition to the increased fertilization rate, another possible reason why sneaker males attempt early intrusion is that females lay more eggs during the early stages of egg-laying (approximately 70% of their total eggs during the first hour of spawning), giving the males the opportunity to fertilize a greater number of eggs. These findings suggest that early sneaking increases fertilization opportunities for sneaker males, which is thought to be favorable given the traits of long egg-laying period and long sperm longevity in this species. This study proposes the importance of considering the timing and sequence of sperm release in understanding the consequences of sperm competition in externally fertilising species with a time gap between sperm release and fertilization, similar to that of species with internal fertilisation."
https://openalex.org/W3198037775,https://doi.org/10.1371/journal.pone.0256745,Context-dependent behavioural plasticity compromises disruptive selection of sperm traits in squid,2021,2021-08-30,PLoS ONE,Noritaka Hirohashi; Noriyosi Sato; Yoko Iwata; Satoshi Tomano; Md. Nur E. Alam; Lígia H. Apostólico; José Eduardo Amoroso Rodriguez Marian,8,True,https://journals.plos.org/plosone/article/file?id=10.1371/journal.pone.0256745&type=printable,boolean_search,"Sperm morphology is generally uniform within a species due to selective pressures that act to achieve better fertilization outcomes under postcopulatory competitive circumstances. Therefore, polyandry that intensifies post-mating sperm competition should constrain intraspecific sperm polymorphism. Contrary to this paradigm, we previously found that a polyandrous squid, Heterololigo bleekeri, produces dimorphic eusperm (flagellum length dimorphism; FLD), which is closely associated with alternative reproductive tactics (ARTs); large males (consorts) transfer their spermatophores inside the female's mantle cavity, while small males (sneakers) do so outside the mantle. Thus, FLD was considered as the consequence of different insemination strategies that arise from different modes of sperm competition, sperm storage and the fertilization environment. However, in other squid species showing ARTs, the choice of mating behaviour is rather conditional (i.e., switching mating tactic between consorts and sneakers), which poses the question of whether sperm FLD could have evolved. Here, we investigated five species in the family Loliginidae that exhibit ARTs and found that all species showed sneaker-biased FLD. However, in a species with conditional ARTs, we found FLD rather ambiguous and the testicular somatic index to be nearly continuous among individuals at transitional state, suggesting that plasticity in mating behaviour compromises the disruptive selection on a sperm morphological trait."
https://openalex.org/W3128668234,https://doi.org/10.1242/dev.195875,The intrinsically disordered protein SPE-18 promotes localized assembly of MSP in Caenorhabditis elegans spermatocytes,2021,2021-02-08,Development,Kari L. Price; Marc Presler; Christopher M. Uyehara; Diane C. Shakes,14,True,https://journals.biologists.com/dev/article-pdf/148/5/dev195875/1818105/dev195875.pdf,boolean_search,"ABSTRACT Many specialized cells use unconventional strategies of cytoskeletal control. Nematode spermatocytes discard their actin and tubulin following meiosis, and instead employ the regulated assembly/disassembly of the Major Sperm Protein (MSP) to drive sperm motility. However, prior to the meiotic divisions, MSP is sequestered through its assembly into paracrystalline structures called fibrous bodies (FBs). The accessory proteins that direct this sequestration process have remained mysterious. This study reveals SPE-18 as an intrinsically disordered protein that is essential for MSP assembly within FBs. In spe-18 mutant spermatocytes, MSP forms disorganized cortical fibers, and the cells arrest in meiosis without forming haploid sperm. In wild-type spermatocytes, SPE-18 localizes to pre-FB complexes and functions with the kinase SPE-6 to localize MSP assembly. Changing patterns of SPE-18 localization uncover previously unappreciated complexities in FB maturation. Later, within newly individualized spermatids, SPE-18 is rapidly lost, yet SPE-18 loss alone is insufficient for MSP disassembly. Our findings reveal an alternative strategy for sequestering cytoskeletal elements, not as monomers but in localized, bundled polymers. Additionally, these studies provide an important example of disordered proteins promoting ordered cellular structures."
https://openalex.org/W2905095633,https://doi.org/10.26021/6785,Post-copulatory sexual selection and the evolution of adaptations to sperm competition risk in an externally fertilising fish.,2018,2018-01-01,UC Research Repository  (University of Canterbury),Michael Bartlett,0,True,https://doi.org/10.26021/6785,boolean_search,"There is extensive evidence from a wide range of taxa that supports sperm competition theory, including studies that show males can adapt to sperm competition by producing more competitive ejaculates. Several traits, including sperm concentration and velocity, influence ejaculate quality by altering male reproductive success when sperm compete. Emerging evidence shows that males can strategically alter ejaculate quality in response to cues, such as the presence of a male competitor, that signal changed sperm competition risk. However, when rapid adjustments to ejaculates occur it is unclear whether changes to sperm performance are due to changes in seminal fluid composition and/or the production of new sperm. Furthermore, if changing sperm performance is mediated by seminal fluid, the mechanisms underlying the way sperm and seminal fluid interact in most taxa are poorly understood. Here, I used a series of experiments on an externally fertilising fish, chinook salmon (Oncorhynchus tshawytscha), a species with a dynamic social environment in which males adopt alternative reproductive tactics that exposes them to different sperm competition risk. Overall, my aim was to determine whether male chinook salmon can make rapid strategic adjustments to ejaculate quality, and to further understand the proximate mechanisms behind such adjustments, focusing on sperm velocity - a key trait that impacts reproductive success in salmonids. In Chapter two, I report results from a comprehensive series of experiments on fully grown “hooknose” males. Using a two-stage social status manipulation, I tested whether ejaculate quality traits respond rapidly to changes in sperm competition risk. I then used in-vitro ejaculate manipulations to determine if changes to sperm velocity are mediated by seminal fluid. Finally, using in-vitro fertilisation trials in which sperm compete under simulated natural spawning conditions, I assessed the paternity share of males using both manipulated and unmanipulated ejaculates. I found that both sperm number and velocity were linked to social position; subdominant males that have greater sperm competition risk produced higher quality ejaculates compared to dominant males. Furthermore, males changing from dominant to subdominant status responded to this increase in sperm competition risk by producing ejaculates with faster swimming sperm within 48 hours. By manipulating ejaculates, I found that rapid changes in sperm velocity were mediated by seminal fluid and found that the effect of seminal fluid on sperm velocity directly impacted paternity share and therefore reproductive success. Chapter two provides compelling support for seminal fluid having “quality” driven effects that influence sperm from all males similarly rather than a “targeted” negative effect on rival male sperm. However, two studies have reported such targeted effects in externally fertilising fish, but both compared averages across treatment groups. In Chapter three, I test the hypothesis that support for quality driven effects is only apparent when relative sperm velocity between males in each pair is considered. I tested this hypothesis using an experiment that manipulated ejaculates from male chinook salmon with different life-histories, “hooknose” males and early maturing “precocious” males. Although comparison of averages across treatment groups suggested targeted effects on rival sperm, the alternate approach found a significant correlation between relative sperm velocity and changes in sperm velocity caused by rival seminal fluid. These results further support a quality driven rather than targeted effect and provide further information about the possible proximate mechanism of sperm and seminal fluid interaction. To gain further insight on the potential mechanism of sperm and seminal fluid interaction identified in chapters two and three, I used proteomic methods to characterise the seminal fluid proteome in chinook salmon. Growing evidence for invertebrate species shows that seminal fluid proteins (SFPs) have evolved key functional roles in sperm competition. However, relatively little is known about SFPs in vertebrate species. Chapters four and five explore the chinook salmon seminal fluid proteome, using seminal fluid collected during the social status manipulation experiment in chapter two and a combination of pre-fractionation techniques followed with analysis by mass spectrometry. In Chapter four, the chinook salmon seminal fluid proteome is described and compared to the three previous proteomic studies in teleost fish. To identify candidate SFPs that may be linked to the underlying mechanism, in Chapter five I assess the correlation between SFP abundance, male social status and ejaculate quality traits. I show that SFP composition is influenced by social status, and identify several SPFs correlated with sperm velocity and sperm concentration that are part of energy metabolism, defence and signalling pathways previously shown to influence sperm function. In summary, using a series of behavioural manipulation, ejaculate manipulation, in vitro sperm competition experiments and proteomic analyses on chinook salmon males with alternative reproductive tactics, I provide unequivocal evidence that sperm competition risk drives patterns of investment in ejaculate quality. Furthermore, I show that adjustment of sperm velocity, a key trait determining ejaculate competitiveness and impacting male reproductive success in salmonids, occurs via investment in seminal fluid. My results provide support that males invest in high quality seminal fluid that affects the velocity of sperm from all males similarly, rather than targeting and reducing the velocity of sperm from rival males. I also provide a detailed analysis of the chinook salmon seminal fluid proteome and identify a candidate list of SFPs associated with ejaculate quality, that will be critical for the identification of proximate mechanisms underlying sperm and seminal fluid interactions that influence male reproductive success. These combined results represent a significant advance in our understanding of post-copulatory sexual selection and the evolution of adaptations to sperm competition risk."
https://openalex.org/W7211933645,https://doi.org/10.1007/s00227-026-04932-4,Male alternative reproductive tactics reflect complex spatial and temporal dynamics of fertilization in the squid,2026,2026-09-08,Marine Biology,Lígia H. Apostólico; José Eduardo Amoroso Rodriguez Marian,0,True,https://doi.org/10.1007/s00227-026-04932-4,boolean_search,"Abstract Males adopting alternative reproductive tactics (ARTs) often face uneven sperm competition, leading to asymmetrical pressures on ejaculate expenditure. These asymmetries are further influenced by spatio-temporal variations in fertilization context, such as where and when males release sperm relative to female oocytes. In loliginid squids, females have two spatially separated fertilization sites (internal oviduct opening and external buccal membrane) associated with consort and sneaker tactics, respectively. Males with alternative phenotypes, therefore, face asymmetrical pressures both in sperm competition and fertilization context. Consort males have long been predicted to dominate paternity due to their access to the internal site, making it difficult to understand the role of sneakers, whose sperm are stored at the buccal membrane. Using the loliginid Doryteuthis pleii , we empirically obtained evidence that fertilization sites dictate male success. Sperm at the oviduct monopolizes fertilization when spawning females have sperm at both sites. This clarifies long-standing enigmas regarding squid ARTs. For example, previous studies showed that sneakers have lower sperm investment per mating than consorts – our results indicate that this strategy could be associated with the lower availability of unfertilized oocytes at the buccal membrane. Conversely, when females lack sperm at the oviduct, the last sneaker to mate sires most offspring. This indicates that while the buccal membrane provides long-term sperm storage for several sneaker males, last-male sperm precedence ultimately dictates fertilization success at the external site, revealing complex postcopulatory sexual selection at the buccal membrane. Overall, these results corroborate the critical importance of fertilization context in the evolution of ARTs and highlight loliginid squids as excellent models to test how fertilization environment and sperm competition asymmetries shape diverging adaptations in male ARTs."
https://openalex.org/W4393893844,https://doi.org/10.5281/zenodo.8248197,Supergenes and maintenance of alternative reproductive tacitcs,2023,2023-08-16,Zenodo (CERN European Organization for Nuclear Research),Sarah P. Flanagan,0,True,https://doi.org/10.5281/zenodo.8248197,boolean_search,"# Archived outputs from models of alternative reproductive tactics This repository contains outputs from models of the evolution of alternative reproductive tactics, with accompanying code available on github (https://github.com/spflanagan/ARTs). The repository supports a manuscript submitted to Proceedings of the Royal Society B, which is investigating the effects of explicit genetic architecture on evolutionary dynamics of alternative reproductive tactics. The analysis used two separate programs: a baseline analytical model (written in R) and a simulation-based model (written in C++). Outputs from both of these models are archived here. ## Baseline model - `morph_results_Ns.RDS`: An R data file containing a data.frame with the results of the baseline analytical model. It contains 11 columns: - initial_CP = frequency of the courter/parent morph in the initial generation of the model - initial_CN = frequency of the courter/non-parent morph in the initial generation of the model - initial_NP = frequency of the non-courter/parent morph in the initial generation of the model - initial_NN = frequency of the non-courter/non-parent morph in the initial generation of the model - CP = frequency of the courter/parent morph in the final generation of the model - CN = frequency of the courter/non-parent morph in the final generation of the model - NP = frequency of the non-courter/parent morph in the final generation of the model - NN = frequency of the non-courter/non-parent morph in the final generation of the model - r = the relative reproductive investment parameter - c = the sperm competition coefficient - num_sneak = the number of males allowed to sneak fertilisations within a single clutch - `morph_results_10000_equalStart.RDS`: An R data file containing a data.frame with the results of the baseline analytical model after it had been run for 10,000 generations. It contains the same 11 columns as `morph_results_Ns.RDS`. ## Simulation model The simulation model was run with a variety of parameter combinations, which have been summarised in various files and the archived files are provided. ### Raw outputs These results were generated by running the scripts `scripts/101_model-informed-single-locus.sh`, `101_model-informed-single-locus-tradeoffs.sh`, and `102_model-informed-genetics.sh`. Each parameter combination was run multiple times and generated the same sets of files: - `*_parameters.txt`: Outputs the parameter settings for that run in a text file with each parameter on its own line - `*_log.txt`: A text file with the log outputs from the model - will note whether any errors occurred in that run. - `*_traits.txt`: A tab-delimited file containing the trait data for every individual in generation 0 and generation 12000. The columns are: - Gen: generation - Pop: population ID within simulations that started with identical starting conditions - Individual: A numerical index for the individual whose information is output. - Sex: whether the individual is MALE or FEMALE - Courter: A boolean value for whether the individual has the courter trait (1) or the non-courter trait (0). Note that females can carry the courter trait (i.e., have a value of 1 in this column) but do not express the courter trait. - CourtTrait: The actual trait value for the individual, which is the sum of allelic effects at courter QTLs. - Parent: A boolean value for whether the individual has the parent trait (1) or the non-parent trait (0). Note that females can carry the parent trait (i.e., have a value of 1 in this column) but do not express the parent trait. - ParentTrait: The actual trait value for the individual, which is the sum of allelic effects at parent QTLs. - Preference: A boolean value for whether the individual prefers the courting male (1) or non-courting males (0). For the simulation runs here, all individuals have a preference for courters. - PrefTrait: The trait value for the preference trait if the trait has a genetic basis. In all iterations of the model shared here, the preference trait was not genetically inherited. - MateFound: A count of how many mates the individual was able to obtain. - PotRS: The potential reproductive success of the individual, based on their fecundity (which is set by the parameter settings in the model). - LifetimeRS: The realised reproductive success of the individual based on the number of matings and the number of offpsring produced. - Alive: A boolean value tracking whether the individual died or survived to mate. - `*_summary.txt`: A tab-delimited file summarising the final frequencies of various morphs and other demographic parameters for each generation of the model, and for each population (when populations were initiated with identical starting parameters). It contains the following columns: - Generation: Generation number (an integer) - Pop: Numerical population ID. All populations were initiatlised with identical conditions within a single file. - PopSize: The population size (i.e., number of adults) - NumMal: Number of adult males in the population - NumFem: Number of adult females in the population - NumProgeny: The number of progeny produced - ParentThresh: The population-level threshold for the parent trait to switch from parent to non-parent (this is the mean allelic effects in Gen 0). - ParentFreq: Frequency of the parent trait in the population - ParentAEmean: Mean allelic effects of the Parent QTLs - ParentAEsd: Standard deviation in allelic effects of the Parent QTLs - ParentW: Relative fitness of parent males - NonParentW: Relative fitness of non-parent males - CourterThresh: The population-level threshold for the courter trait to switch from courter to non-courter (this is the mean allelic effects in Gen 0). - CourterFreq: Frequency of the courter trait in the population - CourterAEmean: Mean allelic effects of courter QTLs - CourterAEsd: Standard deviation of allelic effects of courter QTLs - CourterW: Relative fitness of courting males - NonCourterW: Relative fitness of non-courting males - FreqNcNp: Frequency of non-courting/non-parent (NN) morph - FreqCNp: Frequency of courting/non-parent (CN) morph - FreqNcP: Frequency of non-courting/parent (NP) morph - Freq CP: Frequency of courting/parent (CP) morph - PrefThresh: The population-level threshold for the preference trait to switch from preferring the courting to non-courting males (not relevant to these simulations) - PrefFreq: Frequency of the preference for the courting male in th epopulation (not relevant to these simulations) - NumRandMate: Number of females that randomly mated (i.e., did not find a partner with the preferred trait) The runs with explicit genetic architectures also have the following files: - `*_qtlinfo.txt`: A tab-delimited file summarising the location of each type of QTL. Each column is a different QTL and each row is a different population. If they are initialised to be identical, the QTL information will be the same for each population. The format of the QTL location information is a the chromosome number as an integer (starting at 0), followed by a decimal, and the following numbers are the location among the marker loci. So, 0.850 refers to a QTL on chromosome 0 at marker location 850 (out of 1000). - `*_allelic-effects.txt`: A tab-delimited file containing the allelic effects for each QTL. These are the additive contributions each QTL makes towards the trait, and these mutate if a mutation occurs at the location of the QTL (which is recorded in the corresponding `*_qtlinfo.txt` file). - `*_markers.txt`: A tab-delimited file summarising the allele frequency at each marker locus. - `*vcf`: A variant call format file for the population in the final generation of the simulations. See standard formats for this type of file online (e.g., https://samtools.github.io/hts-specs/VCFv4.2.pdf) - `*Tajima.D`: The vcftools output format containing Tajima's D statistics, which was generated using the vcf file. See the vcftools manual for more details (https://vcftools.github.io/man_latest.html) - `*LD.geno.ld`: The vcftools output format containing pairwise linkage disequilibrium statistics, which was generated using the vcf file. See the vcftools manual for more details (https://vcftools.github.io/man_latest.html) - `*_gt.csv`: A comma-separated file summarising the genotype information for each individual at all marker loci. It is similar to vcf file format, with the following columns: - Marker: marker ID - Chrom: Chromosome ID or number (starting at 0) - Position: Locaiton on the chromosome (starting at 0) - REF: Reference allele - ALT: Alternative allele - The remaining columns are each individual's genotype - `*_pheno.csv`: A comma-separated file summarising the phenotypes for a population with the following columns: - ID: individual ID - CourtTrait: Whether the individual is a courter (2) or a non-courter (1) - ParentTrait: Whether the individual is a parent (2) or a non-parent (1) - Sex: Whether the individual is a male (MAL) or a female (FEM) - Morph: The morph of the individual (CP = courter/parent, C = courter, P = non-courter/parent, N = non-courter/non-parent; females can have preferences as well but this is not relevant to these datasets) These above outputs, run with various parameter settings, are found in the following `tar.gz` files: - `stochasticity.tar.gz`: Contains the output for the parameter combinations without explicit genetic architectures but including demographic stochasticity, recombination, and mutation. Their file names contain the following labels: - lowDiversity, highDiversity, or highDiversityStrict: indicates the parameter settings used as described in the main text. The 'Stri"
https://openalex.org/W4200077779,https://doi.org/10.1101/2021.12.17.473195,Can cryptic female choice prevent invasive hybridization in external fertilizing fish?,2021,2021-12-20,bioRxiv (Cold Spring Harbor Laboratory),Tyler H. Lantiegne; Craig F. Purchase,1,True,https://www.biorxiv.org/content/biorxiv/early/2021/12/20/2021.12.17.473195.full.pdf,boolean_search,"Abstract Polyandrous mating systems result in females mating with multiple males. This includes the potential for unintended matings and subsequent sperm competition with hybridizing species, especially in the presence of alternative reproductive tactics (sneaker males). Cryptic female choice allows females to bias paternity towards preferred males under sperm competition and may include conspecific sperm preference when under hybridization threat. The potential becomes particularly important in context of invasive species that can novelly hybridize with natives. We provide the first examination of conspecific sperm preference in a system of three species with potential to hybridize: North American native Atlantic salmon ( Salmo salar ) and brook char ( Salvelinus fontinalis ), and invasive brown trout ( Salmo trutta ) from Europe. Using naturalized populations on the island of Newfoundland, we measured changes in sperm swimming performance, a known predictor of paternity, to determine the degree of upregulation to female cues related to conspecific sperm preference. Compared to water alone, female ovarian fluid in general had a pronounced effect and upregulated sperm motility (mean 53%) and swimming velocity (mean 30%). However, patterns in the degree of upregulation suggest there is no conspecific sperm preference in the North American populations. Furthermore, female cues from both native species tended to boost the sperm of invasive males more than their own. We conclude that cryptic female choice is too weak in this system to prevent invasive hybridization and is likely insufficient to promote or maintain reproductive isolation between the native species. Impact Summary Female mediated post-ejaculatory sexual selection, known as cryptic female choice, has only recently been researched in earnest, but has been documented across many taxa. This process allows females to bias paternity to favor a given male and can act as a filter to prevent fertilizations from unwanted males under sperm competition, including those of different species. In internal fertilizers like mammals, birds and insects, mechanisms of cryptic female choice can be very robust as the female can greatly modify the environment that sperm experience. In external fertilizers, females cannot control which males release sperm in close proximity to her eggs as she spawns with a chosen mate, but she can release reproductive fluids that act as a mechanism of cryptic female choice. In fishes, cryptic female choice is often mediated by ovarian fluid that is released with the eggs. This ovarian fluid alters sperm behavior, favoring certain males in situations of sperm competition. The mechanism is reportedly strong in native populations of European Atlantic salmon and brown trout, biasing paternity towards the female’s own species when eggs are under threat of hybridization under sperm competition. We examined cryptic female choice in three species of hybridizing salmonids on the North American island of Newfoundland, native Atlantic salmon and brook char, and invasive brown trout from Europe. Although the same species, salmon populations from both continents are quite distinct and our results suggest cryptic female choice is too weak in North American Atlantic salmon and brook char to prevent hybridization by invasive brown trout. We hope that this research inspires more work on cryptic female choice to better understand patterns across different species and locally adapted populations within species."
https://openalex.org/W4327541357,https://doi.org/10.1093/evlett/qrad007,Heat stress reveals a fertility debt owing to postcopulatory sexual selection,2023,2023-02-24,Evolution Letters,Julian Baur; Martyna K. Zwoinska; Mareike Koppik; Rhonda R. Snook; David Berger,18,True,https://academic.oup.com/evlett/advance-article-pdf/doi/10.1093/evlett/qrad007/49538188/qrad007.pdf,boolean_search,"Climates are changing rapidly, demanding equally rapid adaptation of natural populations. Whether sexual selection can aid such adaptation is under debate; while sexual selection should promote adaptation when individuals with high mating success are also best adapted to their local surroundings, the expression of sexually selected traits can incur costs. Here we asked what the demographic consequences of such costs may be once climates change to become harsher and the strength of natural selection increases. We first adopted a classic life history theory framework, incorporating a trade-off between reproduction and maintenance, and applied it to the male germline to generate formalized predictions for how an evolutionary history of strong postcopulatory sexual selection (sperm competition) may affect male fertility under acute adult heat stress. We then tested these predictions by assessing the thermal sensitivity of fertility (TSF) in replicated lineages of seed beetles maintained for 68 generations under three alternative mating regimes manipulating the opportunity for sexual and natural selection. In line with the theoretical predictions, we find that males evolving under strong sexual selection suffer from increased TSF. Interestingly, females from the regime under strong sexual selection, who experienced relaxed selection on their own reproductive effort, had high fertility in benign settings but suffered increased TSF, like their brothers. This implies that female fertility and TSF evolved through genetic correlation with reproductive traits sexually selected in males. Paternal but not maternal heat stress reduced offspring fertility with no evidence for adaptive transgenerational plasticity among heat-exposed offspring, indicating that the observed effects may compound over generations. Our results suggest that trade-offs between fertility and traits increasing success in postcopulatory sexual selection can be revealed in harsh environments. This can put polyandrous species under immediate risk during extreme heat waves expected under future climate change."
https://openalex.org/W2932466395,https://doi.org/10.1093/beheco/arz040,Maintenance of deceptive gifts in a natural spider population: ecological and demographic factors,2019,2019-03-09,Behavioral Ecology,María J. Albo; Valentina Franco‐Trecu; Filip J. Wojciechowski; Søren Toft; Trine Bilde,14,True,https://pure.au.dk/portal/en/publications/b17b0fca-29ce-42e0-ad67-5a2ed1a9cbc4,boolean_search,"Abstract Alternative mating tactics are expected to occur predominantly when mate competition is intense, resources are in short supply, or as a result of asymmetric power relationships between individuals. Males of the nuptial gift-giving spider Pisaura mirabilis use a prevailing tactic of offering a nutritive gift (insect prey) and a deceptive tactic of offering a worthless gift (consumed prey) to prospective mates. If the male’s tactic depends on precopulatory male–male competition, worthless gifts should occur primarily late in the season, when the operational sex ratio (OSR) becomes male-biased. If it depends on resource availability and/or postcopulatory sexual selection (sperm competition), worthless gifts should occur mostly early in the mating season, when prey availability is low and most females are unmated (i.e., postcopulatory sexual selection is weak). Nuptial gift construction correlated positively with prey availability and negatively with OSR, suggesting that males increase reproductive effort when resource and mate availability increase. We did not find evidence for body condition affecting male tactic use. Male size had a marked effect on the reproductive tactic employed. Males that matured early in the season were very small and employed mostly the nutritive gift tactic during their short life. Among the males that matured later and persisted through the season, relatively small males employed the worthless gift tactic whereas large males employed the nutritive gift tactic. We suggest that the existence of 2 distinct life-history strategies among males (early small and late large size) interacts with environmental and demographic conditions to maintain the deceptive tactic."
https://openalex.org/W2939537785,https://doi.org/10.1093/cz/zoz011,Experimental manipulation of reproductive tactics in Seba’s short-tailed bats: consequences on sperm quality and oxidative status,2019,2019-03-23,Current Zoology,Magali Meniri; Florence Gohon; Ophélie Gning; Gaétan Glauser; Armelle Vallat; Nicolas J. Fasel; Fabrice Helfenstein,2,True,https://academic.oup.com/cz/article-pdf/65/6/609/31533808/zoz011.pdf,boolean_search,"Abstract To reproduce, males have to fertilize the female’s eggs, sometimes in competition with ejaculates of other males. In species where males display alternative reproductive tactics, whereby territorial males secure mating and non-territorial males have to sneak copulations, the latter might be expected to invest relatively more resources towards sperm quality compared with the territorial males. Sperm cells are especially vulnerable to oxidative stress, which reduces male fertility. Therefore, antioxidant resources are expected to modulate sperm quality, and might be allocated differently between reproductive tactics. To test the link between reproductive tactics, redox profile and sperm quality, we experimentally induced changes in the reproductive tactics of 39 captive males Seba’s short-tailed bats Carollia perspicillata. We monitored the blood and ejaculate oxidative balance, and the sperm quality before, 7 days and 21 days after the manipulation of reproductive tactic. Although ejaculates’ oxidative damage was negatively related to sperm velocity, males exhibited similar blood and ejaculates redox profiles and similar sperm quality, regardless of their reproductive tactic. Possibly, these results arise as a consequence of some constraints having been lifted during the experiment. Our results also suggest that, in Seba’s short-tailed bats, the expression of alternative reproductive tactics is not subjected to strong oxidative constraints. Furthermore, our results could reflect an absence of trade-off between pre- and post-copulatory traits in harem males, as they could be selected to invest both in female attraction and sperm quality, as a consequence of their inability to fully monopolize females."
https://openalex.org/W3208152786,https://doi.org/10.1007/s10508-021-01992-z,Mate Retention Behavior and Ejaculate Quality in Humans,2021,2021-10-28,Archives of Sexual Behavior,Tara DeLecce; Todd K. Shackelford; Virgil Zeigler‐Hill; Bernhard Fink; Mohaned G. Abed,0,False,,boolean_search,
https://openalex.org/W3044267249,https://doi.org/10.1016/j.theriogenology.2020.07.014,Fractionated semen collection as a tool to rescue fertility in stallions with seminal vesiculitis,2020,2020-07-27,Theriogenology,Sidnei Nunes de Oliveira; L.R.P. Andrade; Luis F.M.C. Silva; Endrigo Adonis Braga de Araújo; Rafaella M. Rayashi; Lorenzo Segabinazzi; Marco Antônio Alvarenga; Camila PF. Dell’Aqua; J.A. Dell’Aqua; Frederico Ozanam Papa,3,True,http://hdl.handle.net/11449/202011,boolean_search,
https://openalex.org/W4403308773,https://doi.org/10.35662/unine-thesis-2711,Oxidative stress as a life history constraint: pespectives from a bat species with alternative reproductive tactics/,2018,2018-01-01,,Magali Meniri,0,False,,boolean_search,"Au cours de cette thèse, j’ai étudié le rôle du stress oxydant en tant que contrainte pour les traits d’histoire de vie, en utilisant les chauves-souris Fer de lance à lunettes (Carollia perspicillata) comme modèle d’étude. Chez cette espèce, les mâles présentent trois tactiques de reproduction alternatives qui ont des succès reproducteurs différents, et dont l’acquisition pourrait être influencée par les conditions de vie précoce. Tout d’abord, j’ai étudié l’effet du stress oxydant comme contrainte pendant le début de vie. J’ai induit un mauvais départ en utilisant une restriction alimentaire suivit par un rétablissement de la nourriture ad libitum. Bien que j’aie trouvé que la croissance générait du stress oxydant, je n’ai pas trouvé de coût physiologique à court-terme (stress oxydant et glucocorticoïdes) associé à la croissance compensatoire effectuée. De plus, la survie pendant la première année n’était pas clairement impactée par notre traitement. Ces résultats suggèrent que les jeunes ont été capable de mitiger efficacement les conséquences à court-terme d’un mauvais départ. Ensuite, j’ai étudié le rôle du stress oxydant comme contrainte pour la reproduction, afin de tester si la protection anti-oxydante peut représenter un médiateur du compromis d’allocation entre les traits pré- et post-copulatoires, permettant ainsi d’expliquer la qualité spermatique supérieure trouvée précédemment chez les mâles opportunistes. Au cours d’une expérience où j’ai manipulé expérimentalement les tactiques de reproduction des mâles, j’ai trouvé que tous les mâles, quelle que soit leur tactique, présentaient une qualité spermatique similaire (morphologie et capacité natatoire). Bien que les dommages oxydatifs impactassent négativement la capacité natatoire, le profil redox à la fois dans le sang et les éjaculats était le même pour tous les mâles. Globalement, nos résultats suggèrent qu’un compromis d’allocation entre l’investissement dans le soma et les éjaculats pourrait ne pas avoir lieu chez cette espèce. Comme d’autres études avant nous, nous n’avons pas trouvé de corrélation entre les capacités natatoires et la morphologie des spermatozoïdes, ce qui remet en question l’existence d’un lien fonctionnel entre ces deux traits. Enfin, nous proposons que les mâles puissent appliquer une stratégie de « bet-hedging gamétique » où la production de spermatozoïdes à la morphologie hautement variable pourrait permettre d’optimiser les capacités de fertilisation de l’éjaculat pour des risques de compétition spermatique variable. En conclusion, nous avons trouvé que le début de vie était associé à des niveaux élevés de stress oxydant, bien que la croissance compensatoire n’ait pas entrainé de coûts physiologique sur le court-terme. De plus, le stress oxydant ne semble pas contraindre l’expression des tactiques de reproduction alternatives. Je suggère donc que le stress oxydant ne représente pas une contrainte forte chez les chauves-souris Fer de lances à lunettes. Je propose également que les mâles harems puissent investir à la fois dans les traits pré- et post- copulatoires, afin de conjointement attirer les femelles et d’assurer la fertilisation. Enfin, je prône que les études expérimentales devraient, le plus possible, être conduites dans l’environnement naturel plutôt qu’en cages, et ai donc créé un piège sélectif à cet effet. , In this thesis, I investigated the role of oxidative stress (OS) as a constraint for life history traits, using Seba’s short-tailed bats (Carollia perspicillata) as a model species. In this species, males exhibit three alternative reproductive tactics having unequal pay-offs, and whose acquisition could be impacted by early life conditions. First, I studied the effect of OS as a constraint during early life. I induced early adverse conditions using food restriction followed by ad libitum feeding. Although we found that growth generated oxidative damage, we did not find physiological short-term costs (OS and glucocorticoids) to compensatory growth. Moreover, survival during the first year was not significantly impacted by our treatment. These results suggest that pups were able to efficiently mitigate the short-term consequences of early-life adverse conditions. Then, I tested the role of OS as a constraint for reproduction and investigated whether antioxidant protection could mediate the trade-off between pre- and post-copulatory traits, and thus explain the higher sperm quality found previously in sneaker males. In an experiment where we manipulated males’ reproductive tactic, we found that all males, regardless of their tactic, exhibited similar sperm quality (sperm swimming performance and sperm morphology). Although oxidative damage negatively impacted sperm swimming performance, the redox profile of blood and ejaculates were similar for all males. Overall, our results suggest that a trade-off between investing in the soma or in the ejaculate might not occur. As other studies before, we did not find a correlation between sperm swimming performance and sperm morphology, which questions the existence of a functional link between those two traits. Finally, we propose that males may apply a “gametic bet-hedging” strategy, whereby they would produce highly morphologically variable sperm to optimize their sperm fertilizing abilities across varying sperm competition risks. In conclusion, we found that early life was associated with elevated levels of OS, although compensatory growth did not entail physiological costs on the short-term. Moreover, oxidative stress did not seem to constraint the expression of alternative reproductive tactics. Overall, I suggest that OS might not represent a strong constraint in Seba’s short-tailed bats. I suggest that harem males might invest in both pre- and post-copulatory traits to both attract females and secure fertilizations. Finally, I advocate for experimental studies to be conducted in the natural environment rather than in cages, and I designed a selective trap for that purpose."
https://openalex.org/W3013939512,,"Reproductive traits in euryhaline gobies: insights into physiology, adaptations and biological invasions",2020,2020-03-24,Gothenburg University Publications Electronic Archive (Gothenburg University),León Green,1,False,,boolean_search,"Organisms are adapted to reproduce in their specific environment by a range of different traits. For many animals, reproduction is tied to specific conditions, that trigger or enable the reproductive events. This thesis deals with traits associated with reproduction, their functions and interactions with the environment. Some traits are plastic, and can change in an individual’s lifetime depending on the environment, while other traits are more or less fixed. The variation in trait expression will enable selection when environments change, as some individuals will survive and reproduce to a larger degree. For the gobies, a large family of fishes (ca. 2000 species) found in a wide range of different salinities, reproduction can be affected by the environment. Since their sperm and eggs meet to fertilize externally, surrounded by water, sperm need to be able to swim. The salinity environment can limit this process. However, of all the environmental conditions that can affect reproduction, salinity variation seems to be one that they are highly tolerant towards. This is unusual, since most fishes are adapted to reproduce in a very narrow salinity range. Studying what different environmental adaptations gobies have in their reproductive traits can help us to better understand the eco- evolutionary processes they partake in. For example, the round goby (Neogobius melanostomus), is a non-native species in many regions of the world. It is important to understand what limits their reproduction, and if they can adapt to cope with drastically new environmental conditions. Another common species, the sand goby (Pomatoschistus minutus), is well studied, but more knowledge on their reproduction will increase the understanding of this budding model organism.\nAs round gobies are spreading into different salinities, there is likely strong selection for the ability to reproduce in their new environments. This may lead to evolutionary adaptations that greatly strengthens the species’ invasiveness. In the Baltic Sea, round gobies are spreading into both lower and higher salinities. By measuring their sperm velocity in a range of salinities representing the Baltic salinity gradient, I found that males from these different invasion fronts showed different responses to salinity. Also, the more generations a population had spent in their local salinity, the higher their sperm velocity when spawning there. This change in sperm velocity is most likely an adaptive, evolutionary response to natural selection.\nTo understand if a population can also acclimate and increase their reproductive success in a new salinity, I exposed adult round gobies to novel salinities and enticed them to spawn. Despite a lack of acclimation in their sperm traits, they were still able to reproduce. A key to this could be the finding that, in freshwater, low sperm velocity seems to increase fertilization success, while the opposite is true for brackish conditions. Moreover, round goby eggs grew equally well in low and high salinity, although eggs from Baltic Sea parents had better overall development, regardless of what salinity the eggs were spawned or treated in.\nGobies have a pair of special organs called sperm duct glands, that produce chemical substances contributing to the male’s ejaculate. In the marine sand goby, I found that these substances increased their sperm velocity, but they did not help sperm survive. However, when testing these substances on sperm in round gobies from freshwater and brackish water, there was no positive effect on sperm. Importantly, gland contents did not improve poor sperm velocity in freshwater. Round gobies have ‘sneaker’ males, which reproduce by parasitizing nest-holders for fertilizations. I found that in the sampled freshwater river, these males invested little energy in testes growth, compared to the brackish males. This suggests that the elsewhere naturally occurring ‘sneaker’ tactics are limited by poor sperm performance and could be rare in the freshwater river that was sampled.\nOverall, I show that salinity influences round goby reproduction, and that in some cases they can adapt to salinity conditions, while in others it limits their behaviour and physiology. Similarities between the sand goby and round goby exists, but they likely have different uses for their sperm duct glands. Since round gobies from brackish waters can reproduce in both brackish conditions and freshwater, management should try to limit round goby spread from brackish environments into freshwater."
https://openalex.org/W3195790675,https://doi.org/10.25225/jvb.21026,"Reproductive biology of pioneer round gobies (Neogobius melanostomus Pallas, 1814) at the edge of their invasion front in three small rivers (Lower Danube Basin, Bulgaria)",2021,2021-08-25,Journal of Vertebrate Biology,Dimitriy Dashinov; E. Uzunova,7,True,https://bioone.org/journals/journal-of-vertebrate-biology/volume-70/issue-4/jvb.21026/Reproductive-biology-of-pioneer-round-gobies-Neogobius-melanostomus-Pallas-1814/10.25225/jvb.21026.pdf,boolean_search,"Reproductive traits are among the most important biological characteristics that facilitate or impede the establishment of non-native fish into new environments. In several tributaries of the Lower River Danube (Bulgaria), the round goby (Neogobius melanostomus Pallas, 1814) is a recent invader. Specimens from the edge of the invasion front were collected monthly (March 2017 to May 2018) from each river. The pioneer individuals displayed relatively small body sizes. First maturation of females occurs at 49 mm total length. Based on the dynamics of oocyte size and GSI, it was established that spawning begins in early spring, at a relatively low water temperature (6-7 °C). The breeding season extended from March to June. Average absolute fecundity was 162 ± 62 oocytes, while average relative fecundity was 94 oocytes/g ± 24. Female fecundity is linearly dependent on the length and weight. Both of the known male alternative reproductive tactics were observed. Body condition factor was lowest during April for both sexes. The relationship between reproductive traits and invasive potential in N. melanostomus is discussed."
https://openalex.org/W2914422250,https://doi.org/10.1093/mollus/eyy059,"Whole spermatangia within the seminal receptacles of female chokka squid (Loligo reynaudii d’Orbigny, 1839–1841)",2018,2018-11-21,Journal of Molluscan Studies,Noriyosi Sato; Yoko Iwata; Paul W. Shaw; WHH Sauer,6,True,https://academic.oup.com/mollus/article-pdf/85/1/172/27724761/eyy059.pdf,boolean_search,"During cephalopod copulation, sperm are transferred from males to females through a complex process involving males depositing sperm packets (spermatophores) onto various locations on or inside the female (Hanlon & Messenger, 2018). When spermatophores are released from the Needham’s sac through the male funnel, the cap-thread of the spermatophore is pulled and triggers a spermatophoric reaction (Drew, 1919; Sato et al., 2013; Sato, Kasugai & Munehara, 2014; Marian, 2012, 2015). Through this reaction, a sac containing a sperm mass (spermatangium) is ejaculated from the spermatophore and attaches to the female by a cement-body and numerous small stellate particles (Drew, 1919; Austin, Lutwak-Mann & Mann, 1964; Takahama et al., 1991; Marian, 2012; Sato et al., 2014). Females of many species of squid and cuttlefish have sperm storage organs (seminal receptacles) within the buccal membrane, and spermatangia are generally attached on and around the buccal mass [e.g. in Idiosepidae (Sato et al., 2010), Loliginidae (Drew, 1911; van Oordt, 1938; Lum-Kong, 1992; Wada et al., 2005; Iwata & Sakurai, 2007: Saad et al., 2018) and Sepiidae (Hanlon, Ament & Gabr, 1999; Naud et al., 2005)]. How sperm are transferred from the spermatangium to the seminal receptacle, however, is poorly understood. Spermatozoa are ejaculated from the distal tip of the spermatangia after completion of the spermatophoric reaction, but the spermatozoa are not directly transferred to the seminal receptacle through this ejaculation, because the distal tip does not connect directly to the opening of the seminal receptacle (Drew, 1919; Iwata et al., 2011; Sato et al., 2014; Marian, 2012, 2015; Fernández-Álvarez et al., 2018). Previous studies have offered several hypotheses to explain sperm transfer in squid, including sperm actively swimming, muscular action of the seminal receptacle and female manipulation. The most intuitive hypothesis is that spermatozoa ejaculated from the spermatangium actively swim into the seminal receptacle. Spermatozoa become active on contact with seawater (Drew, 1919; van Oordt, 1938; Marian, 2012; Sato et al., 2014), whereas they become immobilized once inside the seminal receptacle (van Oordt, 1938), where their heads align facing the internal epithelium (Drew, 1911; van Oordt, 1938; Sato et al., 2010; Fernández-Álvarez et al., 2018), suggesting active swimming towards sperm-attracting substances. A recent microscopy study demonstrated free sperm within the opening of the seminal receptacle in Dosidicus gigas (Fernández-Álvarez et al., 2018) and that the spermatozoa were the only cellular component of the seminal solution (mobile spermatozoa and immobile round cells) found inside the seminal receptacle, reinforcing the active-swimming hypothesis. It is not known how spermatozoa might be attracted to the seminal receptacle, but sperm-attracting peptides are present in the eggs of Sepia (Zatylny et al., 2002) and Octopus (De Lisa et al., 2013). Another hypothesis is that females may transfer whole spermatangia directly into the seminal receptacle using their arms. Caribbean reef squid have been suggested to employ this method (Moynihan & Arcadio, 1982; Hanlon & Messenger, 2018), but these studies were based on direct behavioural observation in the field and lacked histological confirmation of the spermatangia in the receptacle. Van Oordt (1938) observed whole spermatangia inside the seminal receptacle in Loligo vulgaris and used this observation to propose the hypothesis of muscular suction generated by the seminal receptacle. Manipulation of attached spermatangia by the female has been reported in Idiosepius paradoxus (Sato et al., 2013) and in Sepiadarium austrinum (Wegener et al., 2013), but these cases were associated with removal or ingestion, rather than with sperm transfer. With the exception of van Oordt (1938) and Saad et al. (2018), most previous studies involving multiple cephalopod species have not reported whole spermatangia within the seminal receptacle (e.g. Drew, 1911; Lum-Kong, 1992; Hanlon et al., 1999; Naud et al., 2005; Sato et al., 2010, Bush et al., 2012; Fernández-Álvarez et al., 2018). In the present study, we report finding whole spermatangia inside the seminal receptacle of another loliginid, the chokka squid Loligo reynaudii. Based on this finding, we further explore the possibilities of sperm transfer mechanisms in squids. Ten female squid (dorsal mantle length 177–228 mm) were collected by jigging on 16 November 2008 and 11 September 2009 in St Francis Bay, South Africa. All females were mature according to the maturity scale of Perez, Aguiar & Oliveira (2002) for Doryteuthis plei. The seminal receptacle was dissected from each individual and fixed in Bouin’s solution, then dehydrated and embedded in paraffin wax. Serial 8–10 μm sections were made in transverse (5 individuals) and longitudinal (5 individuals) orientations, and stained with haematoxylin and eosin using standard methods. The largest diameter of the central duct and the greatest depth of the seminal receptacle were measured at the mid-sagittal section, from photographs using ImageJ software (NIH, Bethesda, MD). The duct was found to run through the centre of the seminal receptacle and to branch into a number (14–37) of small bulb-shaped compartments (bulbs) (Fig. 1). The mean diameter of the duct was 270 μm (n = 5, range 99–464 μm) and depth of the seminal receptacle was 2,166 μm (n = 5, range 1,797–2,384 μm) (Fig. 1A). Columnar ciliated epithelium lined the duct (Fig. 1B), cuboidal ciliated epithelium cells lined the bottom of each bulb (Fig. 1C) and goblet cells were distributed in the neck of each bulb (Fig. 1C). The seminal receptacles were surrounded by a muscle sheath and connective tissue, and individual bulbs were separated by a muscle sheath (Fig. 1C). In 75 of 198 bulbs observed, sperm were aligned with their heads facing the epithelium (Fig. 1D), whereas in the remaining bulbs sperm were not aligned but, rather, were distributed randomly, similar to sperm located near the bulb entrance or in the central duct (Fig. 1A, B). Structure of the seminal receptacle in Loligo reynaudii. A. Entire receptacle in longitudinal section, showing external opening, central duct and peripheral bulbs (arrowhead indicates a peripheral bulb). B. Spermatozoa located in central duct of seminal receptacle. C. Longitudinal section of individual bulbs, showing part of sperm with their heads not facing the epithelium (arrowhead indicates goblet cells). D. Bulbs filled with sperm facing epithelium. In all females, at least ten intact spermatangia (containing sperm) were observed attached to the external surface of the buccal mass near the seminal receptacle (Fig. 2A). Whole spermatangia structures (cement body plus tunic containing varying amounts of sperm) were found within the seminal receptacles of five of the ten examined females (Fig. 2B). In these spermatangia, the cement bodies were attached to, and interspersed with, the epithelium of the seminal receptacle (Fig. 2B, C). One receptacle contained two spermatangia (widths 375 μm and 354 μm), which were filled with spermatozoa (Fig. 2B), and the whole spermatangial structure (tunic, sperm mass and cement-body) appeared identical to spermatangia attached to the outside of the buccal mass, except for their tips, which appeared partly shrivelled. In this seminal receptacle, spermatozoa near the tip of the intact spermatangia were not aligned towards the bulb walls (Fig. 2C). The remaining four receptacles each contained only one spermatangium, which in all cases contained few spermatozoa within an inner tunic (Fig. 2D). In three of these last four cases, the inner tunic was collapsed (Fig. 2E) or missing, and only the cement-body remained (Fig. 2F). Spermatangia attached around and within the seminal receptacle in Loligo reynaudii. A. Multiple spermatangia (to left) attached to buccal membrane around seminal receptacle (to right) (black arrow indicates opening of seminal receptacle). B. Two spermatangia stored within seminal receptacle. C. A spermatangium and released spermatozoa within seminal receptacle. D. A spermatangium containing a small volume of spermatozoa. E. Collapsed spermatangium in seminal receptacle containing a small volume of sperm, with most bulbs showing few sperm but one bulb containing many sperm (to right). F. Transverse section of cement-body in seminal receptacle. Male L. reynaudii employ two distinct mating tactics: large consort males mate in a ‘male-parallel’ position and attach spermatophores near the oviduct opening, while small sneaker males mate in a ‘head-to-head’ position and attach spermatophores near the seminal receptacle (Hanlon, Smale & Sauer, 2002). Dimorphism in spermatangium size and morphology has also been demonstrated between large consort and small sneaker males in this species, which have ‘rope-like’ and ‘drop-like’ forms, respectively (Iwata et al., 2018). Spermatangia in and around the seminal receptacle were found in the present study to be of the drop-like form only, and therefore assumed to be deposited by sneaker males. As well as free individual spermatozoa present within the seminal receptacles, as expected from previous studies of squid and cuttlefish (Drew, 1911; van Oordt, 1938; Lum-Kong, 1992; Hanlon, et al. 1999; Naud, et al., 2005; Sato et al., 2010; Bush et al., 2012; Fernández-Álvarez et al., 2018), the present study also found whole spermatangia within the seminal receptacle of 50% of females examined. This result prompts the question as to how these spermatangia were transferred into the seminal receptacle. After copulation, the female may use her arms to transfer whole spermatangia into the seminal receptacle, with the spermatangia taken from those attached around the buccal mass. Manipulation of deposited spermatangia has been observed in pygmy squid, Idiosepius paradoxus, where females remove some of the attached spermatangia after mating (Sato et al., 2013; Sato, Yoshida & Kasugai, 2017). Likewise in Sepia apama the number of male genotypes represented by the sperm within the seminal receptacle is less than those represented in spermatangia attached around the buccal mass, suggesting that the female may control sperm or spermatangia transfer into the seminal receptacle (Naud et al., 2005). If females physically transfer the spermatangia, however, the cement-body would be expected to remain attached to the external surface of the buccal mass and not anchored to the epithelium of the seminal receptacle, whereas we observed that the cement-body was intact and strongly attached to the epithelium within the seminal receptacle. The appearance of the connection of the cement substance to the epithelium of the seminal receptacle described here is similar to that observed between the cement substance of the attached spermatangia and the connective tissue in Doryteuthis plei (Marian, 2012). The presence of a strong attachment of the cement-body to the epithelium of the receptacle in L. reynaudii suggests that the spermatophores are implanted into the organ while the spermatophoric reaction is occurring—i.e. during mating, rather than by post-mating translocation by the female. Therefore, we also hypothesize that, once inside the receptacle, sperm are released from the tip of the spermatangium. The presence of spermatangia within the seminal receptacle may also suggest a different process of sperm storage and usage during fertilization. Spermatozoa are assumed to be released and to swim freely from the tip of the spermatangia towards eggs or the receptacle, but in the case of spermatangia transferred directly within the receptacle, their sperm may be released by being ‘squeezed’ out by pressure from the muscle coat of the seminal receptacle. Most of the spermatangia observed here inside the receptacle displayed a ‘squashed’ shape and collapsed inner tunic. In cephalopods, released sperm become active on contact with seawater (e.g. Sato et al., 2014). However, sperm in the seminal receptacle are of course not released directly into seawater, and they may remain inactive. This transfer method may therefore result in sperm not being aligned towards the bulb epithelium. Half of the females examined had spermatangia inside the seminal receptacle, suggesting that this phenomenon may be common in this species. Interestingly, sperm not facing the bulb epithelium were observed in all samples, irrespective of whether whole spermatangia were located within the seminal receptacle. We note that sperm not facing the bulb epithelium in some bulbs of the seminal receptacle has been described in other loliginid species (L. pealii, Drew, 1911; L. vulgaris, van Oordt, 1938; L. forbesi, Lum-Kong, 1992), as well as in other cephalopod groups (S. officinalis, Hanlon et al., 1999; Bathyteuthis berryi, Bush et al., 2012). This is not the case for all cephalopods, however: I. paradoxus (Sato et al., 2010), Octopus vulgaris (Cuccu et al., 2013), O. mimus (Olivares et al., 2017) and Dosidicus gigas (Fernández-Álvarez et al., 2018) were all found to show stored sperm facing the bulb epithelium. Recently, Saad et al. (2018) reported intact spermatangia stored in the seminal receptacle in D. plei. They hypothesized that those spermatangia serve as mating plugs and not for sperm storage, as most of them are concentrated in the opening duct of the seminal receptacle with the tips protruding outside the receptacle. This phenomenon was not observed in the present study, but instead the whole spermatangia here were situated well within the bulbs rather than in the duct openings. In conclusion, we observed whole spermatangia within the seminal receptacle of 50% of female squid examined, demonstrating that sperm storage by direct transfer of spermatangia may occur frequently in L. reynaudii, in addition to active migration of sperm over the buccal membrane and into the seminal receptacle from externally stored spermatangia. Our results do not preclude active swimming by individual sperm, given that most females had many spermatangia attached around the external surface of the seminal receptacle and that sperm stored in some bulbs were aligned facing towards the epithelium, suggesting that these sperm might have entered the storage organ through active swimming. In addition, it has been established in Heterololigo bleekeri that the flagellum of sneaker sperm, from the spermatangia attached around the seminal receptacle, is longer than that of consort sperm, from spermatangia placed around the oviduct (Iwata et al., 2011). There are no differences in swimming velocity between consort and sneaker sperm (Iwata et al., 2011), but sneaker sperm form clusters (Hirohashi et al., 2013) and display asymmetrical movement, using their long flagella, while moving along CO2 gradients (Iida et al., 2017)—behaviours proposed to be adapted to reach the seminal receptacle through active swimming (Hirohashi et al., 2016). Loligo reynaudii has a similar reproductive strategy to that of H. bleekeri, with morphological dimorphism in spermatangia between consort and sneaker males (Iwata et al., 2018). Sperm transfer and storage in L. reynaudii (Fig. 1B, D) may therefore be conducted by a combination of active swimming of sperm ejaculated from external spermatangia and by direct transfer of spermatangia into the seminal receptacle. However, additional research is required to confirm this. We thank K. Yoshikoshi for his advice on histological observations. We also thank J.E.A.R. Marian and one referee for their helpful comments. The research was funded by the South Africa Squid Management Industrial Association (SASMIA), Rhodes University to WHHS, and a European Commission Marie Curie International Incoming Fellowship to YI. NS is financially supported to publish this manuscript by the faculty of Life and Environmental Science in Shimane University."
https://openalex.org/W4387832584,https://doi.org/10.1093/hesc/9780197573822.003.0009,Reproductive Behavior,2021,2021-02-22,Oxford University Press eBooks,Dustin R. Rubenstein,1,False,,boolean_search,Sexual Selection and the Evolution of Sex Differences Sex Differences in Behavior and Investment A Reversal in Sex Differences Intrasexual Selection and Competition for Mates Competition and Access to Mates Conditional Mating Tactics versus Alternative Mating Strategies Sperm Competition Paternity Assurance Intersexual...
https://openalex.org/W2596849475,https://doi.org/10.1111/eth.12601,The effects of paternal reproductive tactic and rearing environment on juvenile variation in growth as mediated through aggression and foraging behaviours of Chinook salmon (Oncorhynchus tshawytscha),2017,2017-03-16,Ethology,Adriana R. Forest; Mitchel G.E. Dender; Trevor E. Pitcher; Christina A. D. Semeniuk,6,False,,boolean_search,"Abstract In species with indeterminate growth, differential growth rates can lead to animals adopting alternative reproductive tactics such as sneak–guard phenotypes, which is partially predicted by variation in growth during the juvenile life‐history stage. To investigate sources of growth variation, we examined the independent and joint effects of paternal reproductive tactic (G) and rearing environment (E) on juvenile growth in Chinook salmon (Oncorhynchus tshawytscha), hypothesizing G and E effects are partially mediated through differences in behaviour such as aggressive interactions and resulting foraging behaviours. We created maternal half‐sibling families with one‐half of the female's eggs fertilized by the milt of a sneaker “jack” and the other half by a guarder “hooknose”. At the exogenous feeding stage, each split‐clutch family was then divided again and reared in a rationed diet or growth‐promotion diet environment for approximately 6 months, during which growth parameters were measured. Before saltwater transfer at 9 months of age, social interactions were observed in groups of six fish of various competitor origins. We found ration restricts growth rate and juvenile mass, and evidence of genetic effects on growth depensation, where jack‐sired individuals grew less uniformly over time. These growth‐related differences influenced an individual's level of aggression, with individuals raised on a restricted diet and those whose families experienced greatest growth being most aggressive. These individuals were more likely to feed than not and feed most often. Jack‐sired individuals were additionally aggressive in the absence of food, and when raised on a rationed diet outcompeted others to feed most. These results show how individuals may achieve higher growth rates via intrinsic (G) or induced (E) aggressive behavioural phenotypes, and eventually attain the threshold body size necessary during the saltwater phase to precociously sexually mature and adopt alternative reproductive phenotypes."
https://openalex.org/W3199728650,https://doi.org/10.1111/eth.13212,The Evolution of Social Behaviour,2021,2021-09-09,Ethology,Barbara Taborsky,17,True,https://onlinelibrary.wiley.com/doi/pdfdirect/10.1111/eth.13212,boolean_search,"In July 2020, Michael Taborsky officially retired as Professor in Behavioural Ecology at the University of Bern, Switzerland. His scientific life has been, and still is devoted to revealing the fundamental principles of social evolution by natural selection, based on conflict and cooperation among individuals. Colleagues, collaborators and students celebrate this occasion with a symposium on the evolution of social behaviour in September 2021, in which former colleagues, collaborators and students present their current research. This special issue on The Evolution of Social Behaviour is a companion to this event and includes contributions of almost all symposium speakers. Having been trained as a classical behavioural ecologist, during his further scientific life Michael recognized the central necessity to study ultimate and proximate causation of behaviour in conjunction. The breadth of the contributions to this special issue nicely mirrors the multifaceted interests and integrative scientific approach of Michael to animal behaviour. The contributors to this special issue selected Ethology as outlet because this journal represents and encourages this integrative approach ever since its foundation, and not the least because Michael served as Editor-in-Chief of Ethology for 11 years, from 1999 to 2010. Ethology offers their authors a wide spectrum of article types. Accordingly, this special issue contains a bouquet of contributions. The issue includes Perspective and Reviews papers asking how cooperative breeding may help or hinder coping with environmental change (Komdeur & Ma, 2021), highlighting the possibility that sociality is more widespread in marine habitats than usually assumed (Mazzei & Rubenstein, 2021), or how individual social competence may further the evolution of sociality and vice versa (Taborsky, 2021). Oliveira and Bshary (2021) propose to include interspecific relationships into social behaviour, and Bender (2021) outlines the potential for ethology to improve the evolutionary understanding of human medical problems. Original Research papers ask whether naked mole rats express caste differentiation (Siegmann et al., 2021), whether rats are aware of the ability of partners to reciprocate food donations (Schweinfurth, 2021), propose novel imaging techniques in the study of sociality (Jungwirth et al., 2021), show how collective actions can lead to diversification of behaviours (Green et al., 2021) and illustrate the importance of the early social environment for learning abilities in cichlids (Fischer et al., 2021) and later life attraction to conspecific odours (Schneeberger & Eccard, 2021). Tebbich et al., (2021) provides the first quantitative account of self-anointment in birds. Two Species-in-the-Spotlight articles provide comprehensive insights into the social systems and sociality of crotophagine cuckoos (Riehl, 2021) and vampire bats (Carter, 2021). Finally, an Ethological Methods article explores the usefulness of mirrors to score aggression across cichlids (Josi & Frommen, 2021). The compilation of articles for this special issue underlines the extraordinary diversity of Michael's research on the evolution of social behaviour. Beyond that, it mirrors one of Michael's fancies to dive deeply into discussions on exciting scientific questions, no matter whether it concerns his own fields of research or entirely unrelated topics. Among his colleagues, Michaels is certainly best known for his large body of research on the evolution of cooperation. Cooperation has been considered one of the most fundamental questions of biology ever since Darwin, and current consensus in primary literature and biology textbooks has been that kin selection is generally responsible for the evolution of cooperation among social partners. Michael's research on different vertebrate and invertebrate study systems demonstrated, however, that this focus is way too narrow. His work revealed that cooperation originates by an interaction of several evolutionary mechanisms, involving kin selection, negotiation and trading, and enforcement, depending on social and ecological forces of natural selection. Michael further measured the fitness consequences of males and females in two very different fish systems both exhibiting three alternative male mating tactics allowing to understand how such multiple morphs can evolve and be maintained; and he deciphered the intricate decision rules Norway rats use when reciprocating help received by others. In the era of the “phenotypic gambit,” when Michael was trained in behavioural ecology, mechanisms of behaviour were considered to be unnecessary for understanding evolution. However, very early on Michael adopted an integrative angle on animal behaviour. Building on Tinbergen's famous “four questions” (Tinbergen 1963), Michael was convinced that to understand the function (“why”) one also has to know ""how"" animals accomplish their behaviour (e.g., Hofmann et al., 2014; Taborsky et al., 2015; Taborsky & Taborsky, 2015). Above all, he wanted to understand the decision rules animals use when expressing social behaviours, exemplified by his work on Norway rats, but Michael also strived to understand the sensory (Gerber et al., 2020; Schneeberger et al., 2020), energetic (Grantner & Taborsky, 1998; Taborsky & Grantner, 1998) and hormonal (Bender et al., 2006, 2008) underpinnings of social behaviour. While Michael developed mastery in the art of testing ultimate and proximate concepts by sophisticated experiments in the field and in the laboratory, often involving targeted behavioural manipulations of particular focal or stimulus individuals, he combined his empirical work with theoretical modelling to understand cooperative behaviour on evolutionary time scales. Rather than heuristic proof-of-concept models with a high degree of abstraction, Michael aimed at informing the models by biological insights gained from his empirical work, even at the cost of greater model complexity (e.g., van Doorn &Taborsky, 2012; Hamilton & Taborsky, 2005; Quinones et al., 2016). Few people may know that Michaels started his career in fact as a Lorenzian style “goose maid,” working as a volunteer at the Max-Planck Institute for Behavioural Physiology in Seewiesen. When he joined this institute in the late 1970s, he hand-raised bar-headed geese (Anser indicus) for a project of Jürg Lamprecht. The goslings imprinted on Michael and followed him all day at every turn. Michael stayed in Seewiesen to start his PhD, dwelling deeply into the costs and benefits of cooperative breeding. It was the time when the first functional studies on cooperatively breeding birds (Emlen, 1982; Koenig, 1981; Reyer, 1980) and mammals (Rasa, 1977) caused quite some excitement: cooperative breeding was considered a major evolutionary riddle, because it seemed to contradict the maximization of individual fitness to forgo own reproduction in order to raise foreign young. When Michael came to Seewiesen, Kalas (1976) just had described the basics of the social system of an apparently cooperatively breeding cichlid fish from Lake Tanganyika, Neolamprologus brichardi. Sociality of these fish were chosen as PhD topic of Michael and his colleague Dominique Limberger, who used the fantastic opportunities this system offers to study cooperative breeding experimentally in the laboratory and in the field. Michael's thesis, handed in at the University of Vienna in 1982, contained a most detailed cost–benefit analysis of helping behaviour from the perspectives of subordinates and dominant breeders (Taborsky, 1984, 1985; Taborsky & Limberger, 1981). He would return for an in-depth study of this cichlid system only several years later. When I met Michael in Seewiesen in 1981, I was an ornithologist aiming for a scientific career studying birds. I did not consider fish as super-exciting, to say the least. However, I was taught better. As first postdoctoral project, Michael studied alternative male reproductive tactics (ARTs) in Mediterranean ocellated wrasses, Symphodus occellatus. I joined him as a field assistant and was truly astounded to see that fish have diverse and fine-tuned means of behaving and communicating, form stable, individual relationships and recognize each other. Ocellated wrasses feature three male ARTs, nest-building burgeois males, tolerated satellite males that help defending against sneakers, and female mimic sneakers, which steal fertilizations. Remarkably, satellites parasitically spawn themselves and therefore do not enhance the net fertilization success of nest males. Yet, nest males benefit from satellites, as their presence indicates a successful nest to females (Taborsky et al., 1987). Michael's second postdoc project, still at the MPI in Seewiesen, was on birds—much to my delight. However, these particular birds were unusual in almost any respect and on top of that they were pretty much invisible. Michael became hooked to a species featuring one of the most extreme parental investments among animals, the flightless and fully nocturnal North Island brown kiwi, Apteryx mantelli. Females of the size of a small chicken lay yolk-rich eggs weighing up to half a kilo, incubated by males for 3 months. Reproduction drives both sexes to their critical limits of energy expenditure (Taborsky & Taborsky 1993). The question was why such extreme investment pattern would evolve. Also, should one not expect that during this long male incubation, female partners would seek their chances of multiple matings? This project, aspects of which became my diploma and doctoral topics, challenged the limits of technical feasibility and required all our investigative skills to obtain quantitative data on the behaviour and energetics of this secretive species. Our first, fruitless weeks of the first field season we spent trying various more or less sophisticated methods to catch kiwis, until we had to accept that the only way to catch a kiwi is by trying to run faster than it and catch it by hand. Needless to say that more often than not the kiwis were winning the race. It turned out that kiwis live in stable pairs and are socially and genetically monogamous (Taborsky & Taborsky, 1991, 1992, 1999). Males need a long recovery time after incubation, during which they lose all their energy reserves. But why are females 100% faithful to their male partners? Simply because they cannot lay more of these jumbo eggs. Egg formation also greatly depletes their reserves, and so they cannot compensate energy loss fast enough to engage in mating with other males (Taborsky & Taborsky, 1993). In 1985, Michael took up a permanent research position at the Konrad-Lorenz Institute of Comparative Ethology (KLIVV) in Vienna, where he also served as deputy director since 1993. While waiting for a generous aquarium facility to be built at the KLIVV for cichlid research, he and myself started a project on another unusual bird. This time, the species was able to fly and active during the day—so far so good. But it was odd in another way: it was an obligate brood parasite. We started this project, because it was still unknown how females of the European cuckoo, Cuculus canorus, find the “correct” host species for which they lay a mimetic egg among the roughly 100 potential host species. Host imprinting, the most popular hypothesis at this time, according to which young learn the phenotype of their host as nestlings, was not supported in an experiment by Brooke and Davies (1991). We set out to perform a hand-rearing experiment, testing an alternative hypothesis—the habitat-imprinting hypothesis, proposing that cuckoo chicks learn the habitat type around their nest and return to this habitat as adults for egg laying. We hand-reared seven cuckoo chicks in differently shaped and coloured artificial “habitats.” While cuckoo chicks are clearly early birds, neither Michael nor I are. So during the early morning hours, the chicks were placed next to our bed to ensure they get their hourly meals from 6:00 am, and in between we still could catch some additional sleep. As adults, the cuckoos were tested in the huge flying hall of the KLIVV for their habitat preferences. When given the simultaneous choice between all possible rearing habitats and a natural reed habitat, they indeed preferred to watch nest-building songbirds within the habitat they had been imprinted on (Teuschl et al., 1998). In a radio-telemetry study in the Czech Republik, further support for this hypothesis was accumulated (Vogl et al., 2002, 2004), and a recent cross-continental study using ringing data confirmed that after first migration, cuckoos return to habitats resembling the ones they grew up in (Kolecek et al., 2020). In 2000, Michael was offered an ordinary professorship and chair of the Division of Behavioural Ecology at the Institute of Ecology and Evolution of the University of Bern, Switzerland, situated in the picturesque Ethological Station Hasli, a 300-year-old farm in a nature reserve next to the river Aare. During the two decades he worked in Bern, Michael's main focus remained on the study of social behaviour, in particular cooperative breeding in Neolamprologus pulcher and of alternative reproductive tactics in Lepidiolamprologus callipterus. In addition, he started to work on reciprocal interactions in wild-type Norway rats (Rattus norvegicus) and on cooperative breeding in ambrosia beetles. Parallel to experimental work in the laboratory, from 1995 on, Michael started yearly expeditions to Zambia, where he established a field station in Kasakalawe near Mpulungu, which is now open to cichlid research teams from all over the world. Neolamprologus pulcher (see Cover Illustration of this issue) is certainly Michael's most intensively studied and best understood study system. It is a cooperatively breeding cichlid, in which a dominant breeder pair and helpers jointly care for eggs and larvae produced by dominants until free-swimming, guard them from egg and fish predators, and maintain the quality of breeding territory. Several features diverge significantly from those of most other cooperative breeders. (a) Michael's team found that one particular ecological factor—predation pressure—predominantly triggers sociality in this species (Groenewoud et al., 2016; Heg et al., 2004; Taborsky, 1985) whereas resource availability, habitat saturation or climatic unpredictability play less of a role for sociality in these fish. The risk to be predated, mainly by large piscivores, explains why N. pulcher breed in colonies (Jungwirth et al., 2015), have extended natal philopatry (Heg et al., 2004), why helpers strategically adjust their growth (Heg et al., 2004b) and why helpers pay to stay to be accepted by the dominants of a group (Taborsky, 1985). Cooperative breeding in N. pulcher reflects a system of negotiation and reciprocal trading of commodities (Quinones et al., 2016). Safety of subordinates is traded against energetic load-lightning of breeders (Taborsky et al., 2007; Zöttl et al., 2013a) and offspring survival (Brouwer et al., 2005), and this is stabilized by a latent threat of punishment and eviction (Fischer et al., 2014). (b) Another peculiarity of N. pulcher is their marked size-dependent division of labour (Taborsky & Limberger, 1981; Taborsky, 1984; Taborsky et al., 1986, Bruintjes & Taborsky 2011), which is possible because many different sizes are present in a social group due to indeterminate growth. (c) Finally, N. pulcher of a of and unrelated individuals. to breeders with so that large which are most in are usually unrelated to the offspring and of help et al., to cooperative systems by kin selection, but in with the in N. pulcher cooperative et al., Cooperative breeding can entirely different in to Michael worked on a cooperatively breeding system exhibiting division of labour by & Taborsky, 2011), and in which the between is high due to and obligate are a group of by et al., which they and in a system in the of to high conflict in these is even their fitness & Taborsky, sociality in ambrosia may be by the need to socially against allowing the to but not to be by et al., of the the of and the of et al., 2021). one of his first PhD students in Bern, Michael for a system to study and trading between animals more to study wild-type Norway rats, which turned out to be a In the two Michael's team an diversity of as as decision rules how Norway rats and that rats use to or & Taborsky, these authors that rats can also reciprocate by a much In help is by help by any other a & Taborsky, While in rats a for cooperation than a study in revealed that both and cooperation & Taborsky, Several theoretical models that can be evolutionary stabilized by social relationships or by et al., van Doorn & Taborsky, 2012; et al., when (e.g., & Taborsky, 2008) or et al., of the when interaction partners use the or different methods for the (e.g., a for a & Taborsky, and also when different commodities (e.g., food for & Taborsky, can cooperative and partners over several & Taborsky, and the actions of different cooperative or partners et al., 2021). Remarkably, reciprocal cooperation is between than unrelated rats & Taborsky, reciprocal of food in rats is by the of (Gerber et al., or of partners (Schneeberger et al., 2020). In the work on rats as as in across animal Michael the long that is in nature (Taborsky et al., 2021). since his first postdoctoral project on Mediterranean wrasses, Michael by the question how are evolutionary to the wrasses, the cichlid Lepidiolamprologus three alternative male types. males and of of The much females use these to their and they care for their offspring for two weeks in the males and females of the most extreme size in animals in this males are than of experiments & Taborsky, 2000, and a theoretical model et al., revealed that selection males selected to large enough to during nest and with females selected to small enough to into the this extreme males eggs the a also followed by However, is also a male able to by females and to offspring in the of the males that it to the on of but are successful in this position et al., 2014). breeding experiment revealed that most in other and tactics morphs that are on the whereas females are et al., 2014). The different male and females engage in intricate behavioural which can even for females when a male over an nest & Taborsky, But different male also et al., Taborsky et al., Michael his insights gained from this species and other systems exhibiting in several articles (Taborsky, 1998). In Michael and a comprehensive et al., the most recent on all major featuring In the years, Michael and his and set out for the major to a the evolution of the diversity in social systems and behaviours in most social behaviour from in evolutionary their the current on cooperation and conflict into a for how animals with The authors that can in resource by that is faster than in for or both the and many years of and discussions among the by a in the or the this comprehensive work in (Taborsky et al., 2021). at a Michael also was in a of as from a of he had been of the Institute of Ecology and of the and of the some of these As a in the many and Michael and a major was to students engage in scientific than just As of his almost PhD and and he on young in all aspects of the scientific the use and of evolutionary concepts and asking critical of his was to to their He spent to and to get them for not least Michael and my own I would to on a I have been several how it is possible to not only and bed with but also to work with that next all I can only it worked I cannot a more and in in or in any of the small and large we are I to all authors to this issue and all the their helping to get the issue in time for the We all it be a for the"
https://openalex.org/W2740160524,https://doi.org/10.1636/joa-s-17-002.1,Field observations of simultaneous double mating in the wolf spider Rabidosa punctulata (Araneae: Lycosidae),2017,2017-08-01,Journal of Arachnology,Matthew H. Persons,2,False,,boolean_search,"Males of many species of spider engage in alternative mating tactics that do not involve pre-mating courtship. Here I report field observations of a novel opportunistic mating tactic of the wolf spider Rabidosa punctulata (Hentz, 1844): simultaneous double mating, whereby males that encounter copulating pairs also mount and achieve inseminations concurrently with the first male. On three separate occasions, female R. punctulata were observed mating with two males simultaneously. Males that mate with already copulating females likely receive multiple fitness benefits. It may allow courtship parasitism of other males while also reducing male agonistic interactions, eliminate the need to court or subdue the female, and reduce pre-mating cannibalism risk. If such behavior is common, it may limit sexual selection acting on male courtship displays by reducing the effectiveness of pre-mating female choice while also increasing sperm competition."
https://openalex.org/W3012569748,https://doi.org/10.1016/j.anbehav.2020.02.008,"Relative sexual attractiveness does not influence mate-choice copying in male Trinidadian guppies, Poecilia reticulata",2020,2020-03-21,Animal Behaviour,Ryan Pusiak; Heather L. Auld; Jean‐Guy J. Godin,4,False,,boolean_search,
https://openalex.org/W4308065160,https://doi.org/10.1101/2022.10.31.514482,Heat stress reveals a fertility debt owing to postcopulatory sexual selection,2022,2022-11-01,bioRxiv (Cold Spring Harbor Laboratory),Julian Baur; Martyna K. Zwoinska; Mareike Koppik; Rhonda R. Snook; David Berger,3,True,https://www.biorxiv.org/content/biorxiv/early/2022/11/01/2022.10.31.514482.full.pdf,boolean_search,"ABSTRACT Climates are changing rapidly, demanding equally rapid adaptation of natural populations. Whether sexual selection can aid such adaptation is under debate; while sexual selection should promote adaptation when individuals with high mating success are also best adapted to their local surroundings, the expression of sexually selected traits can incur costs. Here we asked what the demographic consequences of such costs may be once climates change to become harsher and the strength of natural selection increases. We investigated how an evolutionary history of strong postcopulatory sexual selection (sperm competition) affects male fertility under acute adult heat stress. Harnessing the empirical potential of long-term experimental evolution in the seed beetle Callosobruchus maculatus , we assessed the thermal sensitivity of fertility (TSF) in replicated lines maintained for 68 generations under three alternative mating regimes manipulating the opportunity for sexual and natural selection. We find that males evolving under strong sexual selection suffer from increased TSF, and that male success in sperm competition (P2: sperm offense) is genetically correlated to increased TSF. Interestingly, females from the regime under strong sexual selection, who experienced relaxed selection on their own reproductive effort, had high fertility in benign settings but suffered increased TSF, like their brothers. This implies that female fertility and TSF evolved through genetic correlation with reproductive traits sexually selected in males. Paternal but not maternal heat stress reduced offspring fertility with no evidence for adaptive transgenerational plasticity among heat-exposed offspring, indicating that the observed effects may compound over generations. Our results suggest that trade-offs between fertility and traits increasing success in postcopulatory sexual selection can be revealed in harsh environments. This can put polyandrous species under increased risk during extreme heat waves expected under future climate change. IMPACT STATEMENT How will populations respond to a warming world? Of increasing concern are negative effects of elevated temperatures on fertility, which in many species are observed for temperatures substantially lower than the ones causing death. Incorporating knowledge on species-specific thermal fertility limits has improved estimates of current species’ ranges but renders a more pessimistic view of the potential for adaptive responses under climate change. Sexual selection is a process that can interact with thermal sensitivity of fertility and is strongest in males of polyandrous species, in which females mate multiply and sperm of multiple males compete for fertilization of female eggs. Therefore, males of polyandrous species often invest heavily in sperm competition. However, given finite resources, increased investment in sperm competition can come at an expense of other processes needed to maintain the integrity of the male germline, which when compromised can reduce fertility and offspring quality. How may such male investment, fuelled by sexual selection, affect species responses to climate warming? To address this question, we first evolved populations under different laboratory settings that independently manipulated the levels of natural and sexual selection. We exposed adults from these populations to acute heat stress and measured the fertility of males and females. We find that sexual selection on males leads to a fertility debt that is revealed under heat stress. This debt was also apparent in females, who themselves were not selected for increased reproductive investment. Thus, genes under sexual selection in males seems to have impaired fertility in both sexes under heat stress. Forecasts of species response to climate change that do not incorporate thermal fertility limits and sexual selection may therefore underestimate species vulnerability to increasing temperatures."
https://openalex.org/W4403844090,https://doi.org/10.1038/s41598-024-76115-4,Patterns of sperm swimming behaviour depend on male mating tactic and spawning environment in chinook salmon,2024,2024-10-27,Scientific Reports,Patrice Rosengrave; Rowan A. Lymbery; Jonathan P. Evans,4,True,https://www.nature.com/articles/s41598-024-76115-4.pdf,boolean_search,"Many species exhibit alternative mating tactics (ARTs), with larger socially dominant males competing for females and smaller males adopting ""sneaker"" strategies to exploit fertilisation opportunities without competition or courtship. Females typically prefer larger socially dominant males, but their ability to manipulate mating or fertilisation outcomes is largely unknown. Here, using chinook salmon Oncorhynchus tshawytscha, we examined whether the female's ovarian fluid (OF) differentially influences the temporal patterns of sperm swimming traits in ejaculates from non-preferred sneaker ('parr') and preferred (dominant) males. Results demonstrate that OF improves sperm swimming speed and linearity compared to river water, regardless of male mating tactic. We report a novel tactic-specific difference in sperm linearity in which parr male sperm initially maintain straighter trajectories in river water, compared to dominant males, but then rapidly change to less linear and more circular paths over time. Intriguingly, we show that OF counteracts this change in sperm linearity in parr males so that patterns become indistinguishable from dominants when parr sperm swim in OF. Together, these results show that male chinook salmon exhibit differential sperm trait investment strategies depending on reproductive tactic."
https://openalex.org/W4366446505,https://doi.org/10.1021/acsomega.3c00424,Construction of PLGA Porous Microsphere-Based Artificial Pancreatic Islets Assisted by the Cell Centrifugation Perfusion Technique,2023,2023-04-19,ACS Omega,Chuanjia Guo; Tong Zhang; Jianghai Tang; Chang Gao; Zhimin Zhou; Chen Li,6,True,https://pubs.acs.org/doi/pdf/10.1021/acsomega.3c00424,boolean_search,"High Resolution Image Download MS PowerPoint Slide Pancreatic islet transplantation is a promising treatment that could potentially reverse diabetes, but its clinical applicability is severely limited by a shortage of organ donors. Various cell loading approaches using polymeric porous microspheres (PMs) have been developed for tissue regeneration; however, PM-based multicellular artificial pancreatic islets’ construction has been scarcely reported. In this study, MIN6 (a mouse insulinoma cell line) and MS1 (a mouse pancreatic islet endothelial cell line) cells were seeded into poly(lactic- co -glycolic acid) (PLGA) PMs via an upgraded centrifugation-based cell perfusion seeding technique invented and patented by our group. Cell morphology, distribution, viability, migration, and proliferation were all evaluated. Results from glucose-stimulated insulin secretion (GSIS) assay and RNA-seq analysis suggested that MIN6 and MS1-loaded PLGA PMs exhibited better glucose responsiveness, which is partly attributable to vascular formation during PM-dependent islet construction. The present study suggests that the PLGA PM-based artificial pancreatic islets may provide an alternative strategy for the potential treatment of diabetes in the future."
https://openalex.org/W4392697262,https://doi.org/10.1016/j.anireprosci.2024.107454,Ovarian lavage / artificial insemination method as an alternative approach for controlled reproduction of the northern pike (Esox lucius),2024,2024-03-12,Animal Reproduction Science,Erfan Akbari Nargesi; Danial Gorouhi,5,False,,boolean_search,
https://openalex.org/W3089062310,https://doi.org/10.1016/j.zool.2020.125847,"Male reproductive strategies in two species of spider crabs, Leurocyclus tuberculosus and Libinia spinosa",2020,2020-09-25,Zoology,Ximena González Pisani; Laura S. López Greco,5,False,,boolean_search,
https://openalex.org/W4399200599,https://doi.org/10.1093/rpsppr/rqae014,A review of medicinal plants used for the restoration of reproductive functionality following cimetidine-induced reproductive toxicity,2024,2024-05-31,RPS Pharmacy and Pharmacology Reports,Emmanuel Orire Ikuomola; Victor Otu Oka; Patrick Maduabuchi Aja; Ugwu Nnaemeka Felix; Uthman Shehu Umar; Adekunle Ismahil Adeniyi; Victor Kehinde Abodunrin; Ekom Monday Etukudo; Ugwu Okechukwu Paul-Chima,3,True,https://doi.org/10.1093/rpsppr/rqae014,boolean_search,"Abstract Objectives This review investigates cimetidine’s impact on testicular function, emphasizing histopathological changes, and impaired spermatogenesis resulting in reduced sperm count. Cimetidine disrupts the hormonal balance in both genders. The study explores the potential of medicinal plants (Curcuma longa, Nigella sativa, Tetracarpidium conophorium, Ginger Rhizome, and Kaempferia parviflora rhizome extract) to counter cimetidine-induced toxicity. Methods A systematic review within the Population, Intervention, Comparison, Outcome, and Study design (PICOS) framework and adherence to Preferred Reporting Items for Systematic Reviews and Meta-Analyses (PRISMA) 2020 standards, which outline comprehensiveness, accuracy, and reporting guidelines for systematic reviews and meta-analyses, identified relevant literature through electronic databases. Findings Medicinal plants exhibit diverse mechanisms, indicating the potential to restore reproductive functionality and mitigate cimetidine-induced toxicity. They serve as adjunctive treatments for managing reproductive impairments caused by cimetidine. Conclusions This review provides concise insights into the potential of medicinal plants, notably C. longa, Nigella sativa, Tetracarpidium conophorium, Ginger Rhizome, and Kaempferia parviflora rhizome extract, as interventions against cimetidine-induced reproductive toxicity. These findings propose alternative strategies for addressing reproductive impairments linked to cimetidine."
https://openalex.org/W4411988856,https://doi.org/10.1038/s41598-025-09003-0,Genetic monogamy in high density populations of a threatened Mediterranean rodent,2025,2025-07-04,Scientific Reports,Ricardo Pita; José Jímenez; Joana Paupério; Benigno Cienfuegos; A. Castro; Joshua Díaz-Caballero; João Queirós; Clara Mendes Ferreira; François Mougeot; Alfredo Anega; Marı́a Jesús Palacios; Juán José Luque-Larena,2,True,https://www.nature.com/articles/s41598-025-09003-0.pdf,boolean_search,"Monogamous mammal species often exhibit flexible mating strategies in response to socio-ecological factors such as population density, though the extent of this flexibility remains unclear. In this study, we investigated the genetic mating system of the Cabrera vole (Microtus cabrerae) in high density habitat patches from Extremadura (Spain), assessing whether it aligns with or deviates from the genetic monogamy previously found in low-density populations (< 20 individual/ha). Using genetic non-invasive sampling of vole faeces combined with spatial capture-recapture modelling, we first obtained precise estimates of population density. We then evaluated whether Cabrera voles display alternative mating tactics in these high-density patches by means of space use and parentage analysis. Results indicated that, even under unusually high population densities (> 90 individuals/ha), Cabrera voles exhibit genetic monogamous mating system, contrasting with the density-dependent variations often observed in other socially monogamous species. This suggests that Cabrera voles may have limited flexibility in their reproductive behaviours, potentially influenced by life-history traits such as strong pair-bonds, paternal care, and low levels of sperm competition, which likely promote paternity assurance and reduce the chances of extra-pair mating. These traits probably evolved in response to the limiting conditions that semi-arid Mediterranean environments impose to herbivores, influencing the most optimal mating strategies to the successful rearing of offspring. Overall, our findings highlight that not all monogamous mammal species exhibit flexibility in their mating strategies in response to population density. In the case of the Cabrera vole, being a near-threatened Iberian endemism, the predominance of genetic monogamy may increase its vulnerability to land-use and climate changes, given this mating strategy is generally associated with lower effective population sizes and overall genetic diversity. Conservation efforts for Cabrera voles should thus focus on preserving large and stable habitat patches, while improving landscape connectivity to mitigate potential population and genetic bottlenecks, and enhance the long-term viability of extant populations."
https://openalex.org/W4389397484,https://doi.org/10.1002/mrd.23722,"Sperm, eggs, pollen, and gelato, oh my!",2023,2023-12-06,Molecular Reproduction and Development,Emma Whittington; Murielle Ålund,1,True,https://onlinelibrary.wiley.com/doi/pdfdirect/10.1002/mrd.23722,boolean_search,"On September 4, 2023, the sky cleared over Nynäshamn, Sweden, and researchers from across the globe gathered for the 16th Biology of Spermatozoa (BoS) meeting. What followed was a week fuelled by tasty food (find out below about the gelato!) and beautiful weather discussing sperm, eggs, reproductive fluids, fertility, and all things reproductive evolution. Held biennially from its inception in the early 1990s, BoS relocated from the Sheffield, UK area to Stockholm, Sweden in 2019 (Rowe & Rosengrave, 2020) and is now organised by Rhonda Snook and John Fitzpatrick. The winning formula for this meeting is simple: gather scientists passionate about reproduction in one conference centre for a few days, where they will live and eat together surrounded by beautiful nature, favouring fruitful exchanges and collaborations. BoS16 felt particularly special as regular participants finally reunited after a 4-year pandemic-induced hiatus. On top of this, BoS16 welcomed many new attendees from across the globe (over 20% of delegates and 11 of the 22 contributed talks), providing the opportunity to discover new cutting-edge research and expand the community and collaboration. The topics were varied and covered a broad range of methods and study systems, highlighting the breadth of the field of evolutionary reproductive biology. Researchers used extensive field sampling, meta-analyses, mathematical modelling, experimental evolution, proteomics, lipidomics, single-cell transcriptomics, gene editing and more across the animal and plant kingdoms to tackle exciting topics such as the huge variation in gamete morphology and reproductive tactics, the genetic basis of reproductive barriers, the influence of the female reproductive tract and external environment on fertilisation outcome, and nongenetic transgenerational inheritance. The 2023 meeting was also a time to remember the late Professor Matthew (Matt) J.G. Gage (1967–2022), who was “the life and soul of Biology of Sperm meetings,” as highlighted by Dave Hosken in his dedicated talk. Matt's contributions to the field of evolutionary biology and to promoting and supporting young researchers have been excellently summarized elsewhere (Chapman & Stockley, 2022; Hosken et al., 2022; Vasudeva et al., 2022). In memoriam, BoS16 introduced the Matt Gage Award for the best poster presented by an early career researcher. As decided by a panel of judges (Nina Wedell, Leigh Simmons, and Dave Hosken), the inaugural winners of this award were Lennart Winkler (TU Dresden) and Erin Macartney (Stockholm University) with their posters titled “Population density affects sexual selection in an insect model” and “Ejaculate traits and paternity share under sperm competition: a meta-analysis across species and fertilisation modes,” respectively. Winkler manipulated population density in red flour beetles (Tribolium castaneum) and showed that differences in group size affect both pre and postcopulatory sexual selection, but differently for females and males (Winkler et al., 2023). Macartney investigated correlations between multiple sperm and ejaculate traits and fertilisation success, revealing intriguing patterns when comparing internal and external fertilisers. These topics represent aspects of Matt's work that continue to reveal fascinating results on the evolution of sperm form and function. After a short welcome presentation, BoS16 began with Andrea Pauli's (Vienna Biocenter) excellent opening plenary on the egg membrane protein Bouncer and the search for its interacting protein partners (Deneke et al., 2023), showcasing an impressive range of techniques, including a recently developed AI tool for protein structure prediction (AlphaFold, Jumper et al., 2021). This first plenary set the stage for one of the main themes of BoS meetings, which, despite its name, includes a diverse range of topics going well beyond spermatozoa. The non-sperm focus continued the following morning with Patricia (Patty) Brennan's (Mount Holyoke College) talk on intra-horn insemination in alpacas (Lama pacos) and the consequent wounding of the female reproductive tract. Her findings that alpaca sperm cells have low motility and high infertility led to a common theme and tagline for BoS16 - “If you have a great penis, you can have terrible sperm” and vice versa. In her poster presentation, Dara Orbach (Texas A&M University-Corpus Christi) highlighted the positive effects of mimicking accurate vagina morphology to sample ejaculates of high quality in marine mammals for cryopreservation. Sperm cells do not swim in a sterile medium but generally need to navigate a female-produced fluid. This fluid may be inside the female reproductive tract or surrounding eggs in an external environment. Sperm behaviour and morphology cannot be understood without considering the characteristics of the environment in which they function (Yeates et al., 2013). Clelia Gasparini (University of Padova) presented work showing that the female reproductive fluid increases the opportunity for multiple paternity and postmating sexual selection by expanding the egg fertilisation window in zebrafish (Danio rerio) (Pinzoni et al., 2023). In her talk, Murielle Ålund (Uppsala University) used comparative proteomics of the female reproductive fluid to understand conspecific sperm precedence in hybridizing Ficedula flycatchers, showing some patterns of interspecific divergence that seem mirrored between female and male reproductive proteins. Beyond the molecular composition of reproductive fluid, there is a growing understanding that physical properties (e.g., viscosity) and fluid dynamics may be important in determining sperm swimming behaviour. Kamil Talar (University of Lincoln) and Adnan Morshed (Tulane University) presented posters on the role of biophysics and modelling fluid dynamics on insect sperm in the female reproductive tract. This is a growing field and seeing how it builds over future BoS meetings will be interesting. Spermatozoa are one of the most diverse cell types, however many aspects of the causes and consequences of this diversity are still incompletely understood. Understandably, the morphological diversity of sperm was a prevalent topic at BoS16. John Fitzpatrick (Stockholm University) updated the audience on the current state of SpermTree, an excellent online resource for sperm morphology data (https://spermtree.org/), and asked how fertilisation mode might influence sperm length variance. On the theme of variance, Jan Lifjeld (University of Oslo) proposed the interplay between the female reproductive tract and variance in sperm length may drive divergence between isolated populations. Dick Moberg (University of Stockholm) showed that covariation in sperm and female sperm storage organ length between Drosophila montana populations is condition-dependent and underlies reproductive isolation. There were also various talks assessing morphological diversity across species within taxonomic groups. For example, Emily (Becky) Cramer (University of Oslo) asked how sperm length (particularly the midpiece) has evolved across songbirds, Jason Gallant (Michigan State University) told us a “tale of no tail” with the unusual case of weakly electric mormyroid fish and their aflagellate sperm, the only known case among vertebrates. His group is using CRISPR gene editing to investigate the genomic features underlying this peculiar phenotype, as detailed in a poster by Alyssa Saunders. Jessica Frith (University of Lincoln) presented her work considering the diversity of sperm and reproductive tract morphology beyond length. She invited researchers to share samples of sperm and female reproductive tract to aid her in filling current gaps in the insect phylogeny. The theme of sperm morphological diversity continued in the poster sessions, with Ariel Kahrl (Hamilton College) presenting diversity in sperm morphology and reproductive strategy in tropical frogs. Jonathan Cowart (University of Florida) and Melissah Rowe (Netherlands Institute of Ecology) showed us interesting sperm morphology in manatees (Trichechus manatus) and red-browed finch (Neochmia temporalis), respectively, and Laima Bagdonaite (University of Oslo) investigated the relationship between mitochondrial copy number and sperm midpiece length across birds. Diversity in the ejaculate is not restricted to sperm morphology and, as represented at BoS16, the field's understanding of how ejaculate and reproductive strategies vary between and within males, populations and species is rapidly expanding. In his plenary talk, Noritake Hirohashi (Shimane University) detailed the alternative reproductive tactics of Loligo squids, covering differences in sperm morphology and energetics and even different insemination and storage sites in the female. Noriyosi Sato (Tokai University) gifted us with another talk full of rare and fascinating videos, this time on the strange mating habits of paper nautilus (Argonauta argo), while posters by Léa Daupagne (University of Pau), Yoko Iwata (University of Tokyo) and Tuba Rizvi (Bielefeld University) concerned sneaking, cheating and sperm removal behaviour in Arctic lamprey (Lethenteron camtschaticum), pygmy squid (Idiosepiidae sp.) and bushcrickets (Metaplastes ornatus), respectively. In his presentation, Antonio Gomez (Syracuse University) advocated for the importance and diversity of ejaculate structures. His work focuses on comparative proteomics of the spermatostyle, a dense structure in which sperm heads are embedded, across adephagan beetles. Beyond the description of morphological diversity, Luisa Kumpitsch (Gothenburg University) dived into the function of parasperm, a non-fertilising sperm morph, in Littorina snails, and Matt Dean (University of Southern California) described the use of transgenic knock-out mice to understand the function of the baculum in mice. The external environment and male condition can introduce diversity in sperm function and ejaculate composition. Charlotta (Lotta) Kvarnemo (University of Gothenburg) presented work together with Leon Green, retracing the invasion history of the marine round goby (Neogobius melanostomus) from the Black Sea into brackish areas of the Baltic Sea and then out into the Atlantic. These invasive fish show a high capacity to acclimate to drastically different salinities (Green et al., 2023), but perhaps differences in sperm performance between salinities can curtail the spread of this invasive fish. There were several posters on the impact of climate (Ram Vasudeva, University of Leeds, and Graziella Iossa, University of Lincoln) and other external conditions (Sara Calhim, University of Jyväskylä's) on sperm function and fertility. Klaus Reinhardt (TU Dresden) investigated the effect of diet on sperm function in bedbugs (Cimex lectularius), while Irem Sepil and Krish Sanghvi (both University of Oxford) and Patrice Rosengrave (University of Otago) studied the effects of age and oxidative stress, respectively and Oliver Otti (TU Dresden) presented experimental work looking at interactions between male age and seminal fluid on sperm motility and viability. The fundamental theories of sexual selection and the interplay with sperm competition and reproduction laid the ground for a field of research that continues to expand and flourish. In her plenary talk, Jeanne Tonnabel (CNRS, ISEM Montpellier) reminded us that anisogamy, and thus the key principles of sexual selection, is just as relevant to plants as to animals. However, both theoretical modelling and meta-analyses in plants are lagging behind the animal literature. The Tonnabel group is currently filling these gaps, on top of performing impressive large-scale experimental evolution studies to reveal the impacts of density and mating system on sexual selection in several angiosperm species. Timothée Chenin presented his work on pollen competition and cryptic female choice in Brassica rapa. Hanna Kokko (University of Mainz) turned to Colias butterflies to model the “sexual conflict load” resulting from a combination of sexual conflict over emergence time and environmental constraints (Ekrem & Kokko, 2023). Expanding on this, Kora Klein (also University of Mainz) explicitly modelled the maintenance of colour morph polymorphism and its link to spermatophore expenditure and fertility. Matthew Kustra (UC Santa Cruz) modelled the conditions under which cryptic female choice and conspecific sperm precedence evolve as barriers to interspecific reproduction. Surprisingly, he showed that codivergence between sperm traits and traits underlying cryptic female choice evolved even at low levels of sperm competition, highlighting the importance of considering cryptic female choice in theoretical models on the evolution of male traits (Kustra & Alonzo, 2023). Matilda (Tilly) Pembury-Smith (University of Stockholm) presented her work disentangling the male and female effects on a phenotype by measuring genotype x genotype interactions on sperm ejection rates across Drosophila melanogaster lines, while Mariana Wolfner's poster (Cornell University) focused on the components of the mating plug in this species. Mats Olsson (University of Gothenburg) used an extensive long-term data set on Swedish sand lizards (Lacerta agilis) and several classical measures to compare the strength of pre- and post-copulatory sexual selection in males and females. Estelle Barbot's (University of Montpellier) poster looked at the pre- and post-pollination components of sexual selection in a flowering plant, refuting a long-assumed hypothesis on the relationship between male flower number and pollinator attraction, and showing that sexual selection acts on flower number in males by increasing pollen production and thus the opportunity to fertilise a higher number of female individuals (Barbot et al., 2022). Axel Wiberg (Stockholm University) investigated the impact of sexually antagonistic coevolution on remating rates in D. melanogaster and Caleb Ghione (University of Southern California) reviewed the literature for evidence of correlations between androgen response elements and sexual size dimorphism across mammals. The primary function of spermatozoa is traditionally considered to be delivering the paternal haploid genome to the egg. However, it is now well recognised that sperm carry more than just DNA and that the environment experienced by a male can influence his offspring's phenotype. David Flores-Benitez (TU Dresden) characterised the lipidome of sperm and seminal fluid in bedbugs, suggesting that a male's diet may affect fertility, with potential carry-over effects to the next generation. Sperm cells are known to contain micro-RNA, whereas ribosomal and messenger RNA are assumed to be fragmented. In his talk, Xin Li (Zhejiang University) presented work detecting intact mRNA in mammalian sperm and asked if sperm RNAs can underlie transgenerational effects. Taking it a step further, Jukka Kekäläinen (University of Eastern Finland) contradicted the dogmatic belief that sperm cells are transcriptionally inert and presented evidence for translation and transcription in sperm. Considering ejaculate-mediated transgenerational effects, Rowan Lymberry (University of Western Australia) presented his work on paternal effects and the impact of diet quality on sperm function and fertilisation outcome. He asked if there is potential for genetic variance in the production of paternal effects between males. One of the mechanisms underlying paternal effects on sperm performance is selection on the Y chromosome. Yassi Hafezi (Cornell University) investigated the effects of Y-linked genes on sperm motility in D. melanogaster. Looking at the flip side of these mechanisms, Beverly Strassmann (University of Michigan) measured allele-specific expression in human placentas to detect biases in paternal versus maternal expression and its consequences over several generations of offspring. One of the most popular and humorous traditions at BoS meetings is the poster synopses given by presenters before the start of each session. Our personal favourite was a beautiful poem written by ChatGPT at the prompt of Jessica Hadlow (University of Western Australia) on female reproductive fluid, sperm quality and fertilisation outcome in mussels (Mytilus galloprovincialis). Hadlow presented intriguing results showing that female reproductive fluid can rescue ageing-related declines in sperm motility in these broadcast spawners and select sperm within ejaculates (Hadlow et al., 2023a &, 2023b). Other poster presenters used haikus, mysterious stories, videos and even 3D-printed genitals to convince the rest of the audience to visit their poster. At BoS16, the 33 presenters were given 30 s to summarise and advertise their poster, a decrease from the full minute allowed at BoS15. Impressively everyone stayed on time and avoided the penalty for overrunning, which was a rendition of ABBA hits. This leads us to wonder what the organisers will do for BoS17. Cutting-edge molecular techniques were well represented in the poster sessions, with Erica Leder (Göteborg University of Gothenburg) comparing spermatogenesis across bird species using transcriptomics, Daniel Marcu (University of East Anglia) showing the possibility for haploid selection using single-cell transcriptomics in zebrafish, Emma Whittington (University of Oslo) using proteomics to investigate the link between outer yolk membrane proteins and sperm morphology in passerine birds and Martin Garlovsky (TU Dresden) characterising the bedbug sperm proteome. Katerina Komrskova (Czech Academy of Sciences), Retha Kotze (University of the Western Cape) and Nalini Puniamoorthy (National University of Singapore) presented work on the relationships between disease and fertility in humans, honeybees (Apis mellifera) and mosquitoes (Aedes sp.), respectively. BoS meetings also have several nonscientific traditions, including a midweek walk. This year attendees were rewarded with a long walk in the beautiful Alhagen Wetlands Ecological Park followed by fantastic homemade gelato at Arlan restaurant in Nynäshamn. In the restaurant's first year selling gelato, attendees enjoyed a selection of no less than 12 different homemade gelatos, including the very popular and exotic cloudberry flavour, a new one for most attendees from outside of Scandinavia. The event, which contributed to serious queues in the owners' lovely garden, did not go unnoticed by the local news outlets (Anglerfjord, 2023). At its conclusion, BoS16 proved to be as full of exciting cutting-edge science and engaging discussions as its predecessors. BoS meetings continue to be attended by a supportive community of friends and colleagues. We to many to or this special at the Biology of Spermatozoa to be September September in Nynäshamn, These meetings not be without the work of Rhonda Snook and John Fitzpatrick and the of their research at Axel Dick Matilda Erin and Emma & Murielle & We the presenters at BoS16 and for their research and exciting and all attendees for the is not to this as no new data were or in this"
https://openalex.org/W4379805870,https://doi.org/10.1016/j.anbehav.2023.05.008,Physiological costs to behavioural plasticity in a swordtail fish: clues to its evolutionary maintenance and loss,2023,2023-06-08,Animal Behaviour,Helen Stec; Madison Gambill; Hannah Whitmer; Keith Tompkins; Oscar Ríos-Cárdenas; Molly R. Morris,2,False,,boolean_search,
https://openalex.org/W2604421384,https://doi.org/10.1111/brv.12328,Reproductive senescence: new perspectives in the wild,2017,2017-04-04,Biological reviews/Biological reviews of the Cambridge Philosophical Society,Jean‐François Lemaître; Jean‐Michel Gaillard,228,False,,cites_W2090428386,"According to recent empirical studies, reproductive senescence, the decline in reproductive success with increasing age, seems to be nearly ubiquitous in the wild. However, a clear understanding of the evolutionary causes and consequences of reproductive senescence is still lacking and requires new and integrative approaches. After identifying the sequential and complex nature of female reproductive senescence, we show that the relative contributions of physiological decline and alterations in the efficiency of parental care to reproductive senescence remain unknown and need to be assessed in the light of current evolutionary theories of ageing. We demonstrate that, although reproductive senescence is generally studied only from the female viewpoint, age-specific female reproductive success strongly depends on male-female interactions. Thus, a reduction in male fertilization efficiency with increasing age has detrimental consequences for female fitness. Lastly, we call for investigations of the role of environmental conditions on reproductive senescence, which could provide salient insights into the underlying sex-specific mechanisms of reproductive success. We suggest that embracing such directions should allow building new bridges between reproductive senescence and the study of sperm competition, parental care, mate choice and environmental conditions."
https://openalex.org/W3092659997,https://doi.org/10.1098/rstb.2020.0061,Conceptual developments in sperm competition: a very brief synopsis,2020,2020-10-18,Philosophical Transactions of the Royal Society B Biological Sciences,George A. Parker,98,True,https://www.ncbi.nlm.nih.gov/pmc/articles/7661437,cites_W2090428386,"The past half century has seen the development of the field of post-ejaculatory sexual selection, the sequel to sexual selection for mate-acquisition (pre-ejaculatory) described by Darwin. In richness and diversity of adaptations, post-ejaculatory selection rivals that of pre-ejaculatory sexual selection. Anisogamy-and hence two sexes-likely arose by primeval gamete competition, and sperm competition remains a major force maintaining high sperm numbers. The post-ejaculatory equivalent of male-male competition for matings, sperm competition was an intense ancestral form of sexual selection, typically weakening as mobility and internal fertilization developed in many taxa, when some expenditure became diverted into pre-ejaculatory competition. Sperm competition theory has been relatively successful in explaining variation in relative testes size and sperm numbers per ejaculate and is becoming more successful in explaining variation in sperm phenotype. Sperm competition has generated many other male adaptations such as seminal fluid proteins that variously modify female reproduction towards male interests, and copulatory plugs, prolonged copulations and post-ejaculatory guarding behaviour that reduce female remating probability, many of which result in sexual conflict. This short survey of conceptual developments is intended as a broad overview, mainly as a primer for new researchers. This article is part of the theme issue 'Fifty years of sperm competition'."
https://openalex.org/W2953289348,https://doi.org/10.1111/brv.12524,Effects of nutrient limitation on sperm and seminal fluid: a systematic review and meta‐analysis,2019,2019-06-19,Biological reviews/Biological reviews of the Cambridge Philosophical Society,Erin L. Macartney; Angela J. Crean; Shinichi Nakagawa; Russell Bonduriansky,93,False,,cites_W2090428386,"Theory predicts that costly sexual traits should be reduced when individuals are in poor condition (i.e. traits should exhibit condition-dependent expression). It is therefore widely expected that male ejaculate traits, such as sperm and seminal fluid, will exhibit reduced quantity and quality when dietary nutrients are limited. However, reported patterns of ejaculate condition dependence are highly variable, and there has been no comprehensive synthesis of underlying sources of such variation in condition-dependent responses. In particular, it remains unclear whether all ejaculate traits are equally sensitive to nutrient intake, and whether such traits are particularly sensitive to certain dietary nutrients, respond more strongly to nutrients during specific life stages, or respond more strongly in some taxonomic groups. We systematically reviewed these potential sources of variation through a meta-analysis across 50 species of arthropods and vertebrates (from 71 papers and 348 effect sizes). We found that overall, ejaculate traits are moderately reduced when dietary nutrients are limited, but we also detected substantial variation in responses. Seminal fluid quantity was strongly and consistently condition dependent, while sperm quantity was moderately condition dependent. By contrast, aspects of sperm quality (particularly sperm viability and morphology) were less consistently reduced under nutrient limitation. Ejaculate traits tended to respond in a condition-dependent manner to a wide range of dietary manipulations, especially to caloric and protein restriction. Finally, while all major taxa for which sufficient data exist (i.e. arthropods, mammals, fish) showed condition dependence of ejaculate traits, we detected some taxonomic differences in the life stage that is most sensitive to nutrient limitation, and in the degree of condition dependence of specific ejaculate traits. Together, these biologically relevant factors accounted for nearly 20% of the total variance in ejaculate responses to nutrient limitation. Interestingly, body size showed considerably stronger condition-dependent responses compared to ejaculate traits, suggesting that ejaculate trait expression may be strongly canalised to protect important reproductive functions, or that the cost of producing an ejaculate is relatively low. Taken together, our findings show that condition-dependence of ejaculate traits is taxonomically widespread, but there are also many interesting, biologically relevant sources of variation that require further investigation. In particular, further research is needed to understand the differences in selective pressures that result in differential patterns of ejaculate condition dependence across taxa and ejaculate traits."
https://openalex.org/W4291624792,https://doi.org/10.1038/s41576-022-00524-2,Sex-specific morphs: the genetics and evolution of intra-sexual variation,2022,2022-08-15,Nature Reviews Genetics,Judith E. Mank,81,False,,cites_W2090428386,
https://openalex.org/W2946602131,https://doi.org/10.1016/bs.ctdb.2019.04.002,Sperm success and immunity,2019,2019-01-01,Current topics in developmental biology/Current Topics in Developmental Biology,Stuart Wigby; Susan S. Suárez; Brian P. Lazzaro; Tommaso Pizzari; Mariana F. Wolfner,80,True,https://www.ncbi.nlm.nih.gov/pmc/articles/6784542,cites_W2090428386,
https://openalex.org/W3194282868,https://doi.org/10.1038/s41598-021-94976-x,Male sperm storage impairs sperm quality in the zebrafish,2021,2021-08-17,Scientific Reports,Silvia Cattelan; Clelia Gasparini,34,True,https://www.nature.com/articles/s41598-021-94976-x.pdf,cites_W2090428386,"Variation in sperm traits is widely documented both at inter- and intraspecific level. However, sperm traits vary also between ejaculates of the same male, due for example, to fluctuations in female availability. Variability in the opportunities to mate can indeed have important consequences for sperm traits, as it determines how often sperm are used, and thus the rate at which they are produced and how long they are stored before the mating. While being stored within males' bodies, sperm are subjected to ageing due to oxidative stress. Sperm storage may significantly impair sperm quality, but evidence linking male sperm storage and variation in sperm traits is still scarce. Here, we tested the effect of the duration of sperm storage on within-male variation in sperm traits in the zebrafish, Danio rerio. We found that without mating opportunities, sperm number increased as storage duration increased, indicating that sperm continue to be produced and accumulate over time within males without being discharged in another way. Long sperm storage (12 days) was associated with an overall impairment in sperm quality, namely sperm motility, sperm longevity, and sperm DNA fragmentation, indicating that sperm aged, and their quality declined during storage. Our results confirm that male sperm storage may generate substantial variation in sperm phenotype, a source of variation which is usually neglected but that should be accounted for in experimental protocols aiming to assay sperm traits or maximise fertilization success."
https://openalex.org/W3201663486,https://doi.org/10.1111/evo.14373,Sperm depletion in relation to developmental nutrition and genotype in Drosophila melanogaster,2021,2021-10-08,Evolution,Erin L. Macartney; Valérian Zeender; Abhishek Meena; Alessio N. De Nardo; Russell Bonduriansky; Stefan Lüpold,33,True,https://onlinelibrary.wiley.com/doi/pdfdirect/10.1111/evo.14373,cites_W2090428386,"Nutrient limitation during development can restrict the ability of adults to invest in costly fitness traits, and genotypes can vary in their sensitivity to developmental nutrition. However, little is known about how genotype and nutrition affect male ability to maintain ejaculate allocation and achieve fertilization across successive matings. Using 17 isogenic lines of Drosophila melanogaster, we investigated how variation in developmental nutrition affects males' abilities to mate, transfer sperm, and sire offspring when presented with successive virgin females. We found that, with each successive mating, males required longer to initiate copulation, transferred fewer sperm, and sired fewer offspring. Males reared on a low-nutrient diet transferred fewer sperm than those reared on nutritionally superior diets, but the rate at which males depleted their sperm, as well as their reproductive performance, was largely independent of diet. Genotype and the genotype × diet interaction explained little of the variation in these male reproductive traits. Our results show that sperm depletion can occur rapidly and impose substantial fitness costs for D. melanogaster males across multiple genotypes and developmental environments."
https://openalex.org/W3083160628,https://doi.org/10.1002/evl3.193,How female × male and male × male interactions influence competitive fertilization in Drosophila melanogaster,2020,2020-09-05,Evolution Letters,Stefan Lüpold; Jonathan Bradley Reil; Mollie K. Manier; Valérian Zeender; John M. Belote; Scott Pitnick,61,True,https://onlinelibrary.wiley.com/doi/pdfdirect/10.1002/evl3.193,cites_W2090428386,"Abstract How males and females contribute to joint reproductive success has been a long-standing question in sexual selection. Under postcopulatory sexual selection, paternity success is predicted to derive from complex interactions among females engaging in cryptic female choice and males engaging in sperm competition. Such interactions have been identified as potential sources of genetic variation in sexually selected traits but are also expected to inhibit trait diversification. To date, studies of interactions between females and competing males have focused almost exclusively on genotypes and not phenotypic variation in sexually selected traits. Here, we characterize within- and between-sex interactions in Drosophila melanogaster using isogenic lines with heritable variation in both male and female traits known to influence competitive fertilization. We confirmed, and expanded on, previously reported genotypic interactions within and between the sexes, and showed that several reproductive events, including sperm transfer, female sperm ejection, and sperm storage, were explained by two- and three-way interactions among sex-specific phenotypes. We also documented complex interactions between the lengths of competing males’ sperm and the female seminal receptacle, which are known to have experienced rapid female-male co-diversification. Our results highlight the nonindependence of sperm competition and cryptic female choice and demonstrate that complex interactions between the sexes do not limit the ability of multivariate systems to respond to directional sexual selection."
https://openalex.org/W3093190766,https://doi.org/10.1098/rstb.2020.0068,Seminal fluid and accessory male investment in sperm competition,2020,2020-10-18,Philosophical Transactions of the Royal Society B Biological Sciences,Steven A. Ramm,59,True,https://www.ncbi.nlm.nih.gov/pmc/articles/7661439,cites_W2090428386,"Sperm production and allocation strategies have been a central concern of sperm competition research for the past 50 years. But during the 'sexual cascade' there may be strong selection for alternative routes to maximizing male fitness. Especially with the evolution of internal fertilization, a common and by now well-studied example is the accessory ejaculate investment represented by seminal fluid, the complex mixture of proteins, peptides and other components transferred to females together with sperm. How seminal fluid investment should covary with sperm investment probably depends on the mechanism of seminal fluid action. If seminal fluid components boost male paternity success by directly enhancing sperm function or use, we might often expect a positive correlation between the two forms of male investment, whereas trade-offs seem more likely if seminal fluid acts independently of sperm. This is largely borne out by a broad taxonomic survey to establish the prevailing patterns of seminal fluid production and allocation during animal evolution, in light of which I discuss the gaps that remain in our understanding of this key ejaculate component and its relationship to sperm investment, before outlining promising approaches for examining seminal fluid-mediated sperm competitiveness in the post-genomic era. This article is part of the theme issue 'Fifty years of sperm competition'."
https://openalex.org/W2570956209,https://doi.org/10.1111/evo.13172,"Ontogenetic timing as a condition‐dependent life history trait: High‐condition males develop quickly, peak early, and age fast",2017,2017-01-09,Evolution,Amy K. Hooper; Foteini Spagopoulou; Zachariah Wylde; Alexei A. Maklakov; Russell Bonduriansky,56,False,,cites_W2090428386,"Within-population variation in ageing remains poorly understood. In males, condition-dependent investment in secondary sexual traits may incur costs that limit ability to invest in somatic maintenance. Moreover, males often express morphological and behavioral secondary sexual traits simultaneously, but the relative effects on ageing of investment in these traits remain unclear. We investigated the condition dependence of male life history in the neriid fly Telostylinus angusticollis. Using a fully factorial design, we manipulated male early-life condition by varying nutrient content of the larval diet and, subsequently, manipulated opportunity for adult males to interact with rival males. We found that high-condition males developed more quickly and reached their reproductive peak earlier in life, but also experienced faster reproductive ageing and died sooner than low-condition males. By contrast, interactions with rival males reduced male lifespan but did not affect male reproductive ageing. High-condition in early life is therefore associated with rapid ageing in T. angusticollis males, even in the absence of damaging male-male interactions. Our results show that abundant resources during the juvenile phase are used to expedite growth and development and enhance early-life reproductive performance at the expense of late-life performance and survival, demonstrating a clear link between male condition and ageing."
https://openalex.org/W2606495544,https://doi.org/10.1261/rna.059246.116,Genomic responses to the socio-sexual environment in male Drosophila melanogaster exposed to conspecific rivals,2017,2017-04-20,RNA,Irina Mohorianu; Amanda Bretman; Damian T. Smith; Emily K. Fowler; Tamás Dalmay; Tracey Chapman,51,True,http://rnajournal.cshlp.org/content/23/7/1048.full.pdf,cites_W2090428386,", males detect the presence of conspecific, same-sex mating rivals prior to mating using multiple, redundant sensory cues. Males that respond to rivals gain significant fitness benefits by altering mating duration and ejaculate composition. Here we investigated the underlying genome-wide changes involved. We used RNA-seq to analyze male transcriptomic responses 2, 26, and 50 h after exposure to rivals, a time period that was previously identified as encompassing the major facets of male responses to rivals. The results showed a strong early activation of multiple sensory genes in the head-thorax (HT), prior to the expression of any phenotypic differences. This gene expression response was reduced by 26 h, at the time of maximum phenotypic change, and shut off by 50 h. In the abdomen (A), fewer genes changed in expression and gene expression responses appeared to increase over time. The results also suggested that different sets of functionally equivalent genes might be activated in different replicates. This could represent a mechanism by which robustness is conferred upon highly plastic traits. Overall, our study reveals that mRNA-seq can identify subtle genomic signatures characteristic of flexible behavioral phenotypes."
https://openalex.org/W3138176769,https://doi.org/10.1016/j.tree.2021.02.013,The Scope for Postmating Sexual Selection in Plants,2021,2021-03-25,Trends in Ecology & Evolution,Jeanne Tonnabel; Patrice David; Tim Janicke; Arnaud Lehner; Jean‐Claude Mollet; John R. Pannell; Mathilde Dufaÿ,44,False,,cites_W2090428386,
https://openalex.org/W2695115266,https://doi.org/10.1111/mec.14215,Sperm competition suppresses gene drive among experimentally evolving populations of house mice,2017,2017-06-21,Molecular Ecology,Andri Manser; Anna K. Lindholm; Leigh W. Simmons; Renée C. Firman,43,True,https://research-repository.uwa.edu.au/en/publications/b201b8ba-182b-4be6-b3a9-011c4ed3f0ac,cites_W2090428386,"Drive genes are genetic elements that manipulate the 50% ratio of Mendelian inheritance in their own favour, allowing them to rapidly propagate through populations. The action of drive genes is often hidden, making detection and identification inherently difficult. Yet drive genes can have profound evolutionary consequences for the populations that harbour them: most known drivers are detrimental to organismal gamete development, reproduction and survival. In this study, we identified the presence of a well-known drive gene called t haplotype post hoc in eight replicate selection lines of house mice that had been evolving under enforced monandry or polyandry for 20 generations. Previous work on these selection lines reported an increase in sperm competitive ability in males evolving under polyandry. Here, we show that this evolutionary response can be partly attributed to gene drive. We demonstrate that drive-carrying males are substantially compromised in their sperm competitive ability. As a consequence, we found that t frequencies declined significantly in the polyandrous lines while remaining at stable, high levels in the monandrous lines. For the first time in a vertebrate, we thus provide direct experimental evidence that the mating system of a species can have important repercussions on the spread of drive genes over evolutionary relevant timescales. Moreover, our work highlights how the covert action of drive genes can have major, potentially unintended impact on our study systems."
https://openalex.org/W2778588346,https://doi.org/10.1073/pnas.1710450115,Structure of sexual networks determines the operation of sexual selection,2017,2017-12-18,Proceedings of the National Academy of Sciences,Grant C. McDonald; Tommaso Pizzari,42,True,https://www.ncbi.nlm.nih.gov/pmc/articles/5776794,cites_W2090428386,"Sexual selection is a fundamental evolutionary process but remains debated, particularly in the complexity of polyandrous populations where females mate with multiple males. This lack of resolution is partly because studies have largely ignored the structure of the sexual network, that is, the pattern of mate sharing. Here, we quantify what we call mating assortment with network analysis to specify explicitly the indirect as well as direct relationships between partners. We first review empirical studies, showing that mating assortment varies considerably in nature, due largely to basic properties of the sexual network (size and density) and partly to nonrandom patterns of mate sharing. We then use simulations to show how variation in mating assortment interacts with population-level polyandry to determine the strength of sexual selection on males. Controlling for average polyandry, positive mating assortment, arising when more polygynous males tend to mate with more polyandrous females, drastically decreases the intensity of precopulatory sexual selection on male mating success (Bateman gradient) and the covariance between male mating success and postcopulatory paternity share. Average polyandry independently weakened some measures of sexual selection and crucially also impacted sexual selection indirectly by constraining mating assortment through the saturation of the mating network. Mating assortment therefore represents a key-albeit overlooked-modulator of the strength of sexual selection. Our results show that jointly considering sexual network structure and average polyandry more precisely describes the strength of sexual selection."
https://openalex.org/W3092699220,https://doi.org/10.1098/rstb.2020.0060,Fifty years of sperm competition: the structure of a scientific revolution,2020,2020-10-18,Philosophical Transactions of the Royal Society B Biological Sciences,Leigh W. Simmons; Nina Wedell,41,True,https://research-repository.uwa.edu.au/en/publications/c353778a-3a22-4d19-970b-b74b268b624f,cites_W2090428386,
https://openalex.org/W2901309619,https://doi.org/10.1038/s41437-018-0166-y,Ejaculate sperm number compensation in stalk-eyed flies carrying a selfish meiotic drive element,2018,2018-11-22,Heredity,Lara Meade; Deidre Dinneen; Ridhima Kad; Dominic M. Lynch; Kevin Fowler; Andrew Pomiankowski,40,True,https://www.nature.com/articles/s41437-018-0166-y.pdf,cites_W2090428386,"Meiotic drive genes cause the degeneration of non-carrier sperm to bias transmission in their favour. Males carrying meiotic drive are expected to suffer reduced fertility due to the loss of sperm and associated harmful side-effects of the mechanisms causing segregation distortion. However, sexual selection should promote adaptive compensation to overcome these deleterious effects. We investigate this using SR, an X-linked meiotic drive system in the stalk-eyed fly, Teleopsis dalmanni. Despite sperm destruction caused by drive, we find no evidence that SR males transfer fewer sperm to the female's spermathecae (long-term storage organs). Likewise, migration from the spermathecae to the ventral receptacle for fertilisation is similar for SR and wildtype male sperm, both over short and long time-frames. In addition, sperm number in storage is similar even after males have mated multiple times. Our study challenges conventional assumptions about the deleterious effects of drive on male fertility. This suggests that SR male ejaculate investment per ejaculate has been adjusted to match sperm delivery by wildtype males. We interpret these results in the light of recent theoretical models that predict how ejaculate strategies evolve when males vary in the resources allocated to reproduction or in sperm fertility. Adaptive compensation is likely in species where meiotic drive has persisted over many generations and predicts a higher stable frequency of drive maintained in wild populations. Future research must determine exactly how drive males compensate for failed spermatogenesis, and how such compensation may trade-off with investment in other fitness traits."
https://openalex.org/W3084904589,https://doi.org/10.1016/j.mce.2020.110974,Sexual selection and sperm diversity in primates,2020,2020-09-11,Molecular and Cellular Endocrinology,Guillaume Martinez; Cécile Garcia,33,False,,cites_W2090428386,
https://openalex.org/W2593751908,https://doi.org/10.1098/rspb.2016.2394,Sexual conflict over remating interval is modulated by the sex peptide pathway,2017,2017-03-01,Proceedings of the Royal Society B Biological Sciences,Damian T. Smith; Naomi V. E. Clarke; James M. Boone; Claudia Fricke; Tracey Chapman,31,True,https://royalsocietypublishing.org/doi/pdf/10.1098/rspb.2016.2394,cites_W2090428386,"Sexual conflict, in which the evolutionary interests of males and females diverge, shapes the evolution of reproductive systems across diverse taxa. Here, we used the fruit fly to study sexual conflict in natural, three-way interactions comprising a female, her current and previous mates. We manipulated the potential for sexual conflict by using sex peptide receptor ( SPR ) null females and by varying remating from 3 to 48 h, a period during which natural rematings frequently occur. SPR -lacking females do not respond to sex peptide (SP) transferred during mating and maintain virgin levels of high receptivity and low fecundity. In the absence of SPR, there was a convergence of fitness interests, with all individuals gaining highest productivity at 5 h remating. This suggests that the expression of sexual conflict was reduced. We observed an unexpected second male-specific advantage to early remating, resulting from an increase in the efficiency of second male sperm use. This early window of opportunity for exploitation by second males depended on the presence of SPR . The results suggest that the SP pathway can modulate the expression of sexual conflict in this system, and show how variation in the selective forces that shape conflict and cooperation can be maintained."
https://openalex.org/W2617468375,https://doi.org/10.1111/jfb.13331,"Reproductive biology of black seabream Acanthopagrus schlegelii, threadfin porgy Evynnis cardinalis and red pargo Pagrus major in the northern South China Sea with consideration of fishery status and management needs",2017,2017-05-23,Journal of Fish Biology,Calton S. W. Law; Yvonne Sadovy de Mitcheson,31,False,,cites_W2090428386,"The reproductive biology of three commercially significant seabream species (family: Sparidae) Acanthopagrus schlegelii, Evynnis cardinalis and Pagrus major, taken from Hong Kong and adjacent northern South China Sea (SCS) waters, were investigated for their sexual patterns, spawning seasons, length at maturity and exploitation in relation to their conservation and management status. Histological analysis showed E. cardinalis and P. major to be functionally gonochoristic, the latter having a bisexual juvenile stage and being a rudimentary hermaphrodite. Acanthopagrus schlegelii is a protandric hermaphrodite. Standard length (LS) at 50% sex change for A. schlegelii is 291 mm. LS at 50% female maturity for E. cardinalis and P. major are 117 and 332 mm, respectively. For all three species, the spawning period falls between November and March. The study highlights geographical differences in reproductive biology among the species and a paucity of fishery or other population‐related data. While heavy fishing pressure, life‐history characteristics and absence of effective management throughout the geographic ranges of these species make them susceptible to overfishing, they nonetheless appear to be generally more resilient than many other taxa that comprise the multi‐species fisheries of the region, possibly due to their relatively rapid sexual maturation and spatial movement patterns. Overall, however, little is known of the biology, fishing history and current fishery status of sparids in general in the northern SCS and the current study is one of the first to examine such aspects of this family in the region and to consider appropriate management options."
https://openalex.org/W2972829162,https://doi.org/10.1093/aesa/saz045,Adult Reproductive Tract Morphology and Spermatogenesis in the Black Soldier Fly (Diptera: Stratiomyidae),2019,2019-08-01,Annals of the Entomological Society of America,Aline S Malawey; David Mercati; Charles C. Love; Jeffery K. Tomberlin,31,True,https://academic.oup.com/aesa/article-pdf/112/6/576/30649981/saz045.pdf,cites_W2090428386,"Abstract Large-scale production of the black soldier fly [Hermetia illucens (L.) (Diptera: Stratiomyidae)] for use as aquaculture and poultry feed has developed into a global industry. Successful commercialization of the black soldier fly relies on optimizing the production of fecund adults. However, current mass-rearing protocols result in variable production of fertile eggs. To help lay a foundation for a better understanding of factors that may play a role in this variability, the morphology of the black soldier fly male reproductive tract and spermatozoa, associated spermatogenesis process, impact of age on the process, and the female spermatheca morphology were examined with various microscopic techniques (e.g., scanning electron microscope, transition electron microscope, and dissecting scope). The gross morphology of the male reproductive tract and female spermatheca appear to be similar to those found in other brachyceran flies. Male spermatozoa are long (~860 µm overall, ~8 µm head), apparently motile, and possess flagella with a typical 9 + 9 + 2 axoneme triplets. Germ cells go through incomplete mitotic divisions surrounded by somatic cyst cells in the testes. Spermatogenesis appears to be initiated during immature development (cryptocephalic pupa stage). From <24 h to 7 d post-emergence, male aging appeared to impact sperm production."
https://openalex.org/W2777692590,https://doi.org/10.1111/evo.13411,The genetics of egg retention and fertilization success inDrosophila: One step closer to understanding the transition from facultative to obligate viviparity,2017,2017-12-19,Evolution,Barbara Horváth; Alex T. Kalinka,27,False,,cites_W2090428386,"Oviparous, facultative egg retention enables Drosophila females to withhold fertilized eggs in their reproductive tracts until circumstances favor oviposition. The propensity to retain fertilized eggs varies greatly between species, and is correlated with other reproductive traits, such as egg size and ovariole number. While previous studies have described the phenomenon, no study to date has characterized within-species variation or the genetic basis of the trait. Here, we develop a novel microscope-based method for measuring egg retention in Drosophila females and determine the range of phenotypic variation in mated female egg retention in a subset of 91 Drosophila Genetic Reference Panel (DGRP) lines. We inferred the genetic basis of egg retention using a genome-wide association study (GWAS). Further, the scoring of more than 95,000 stained, staged eggs enabled estimates of fertilization success for each line. We found evidence that ovary- and spermathecae-related genes as well as genes affecting olfactory behavior, male mating behavior, male-female attraction and sperm motility may play a crucial role in post-mating physiology. Based on our findings we also propose potential evolutionary routes toward obligate viviparity. In particular, we propose that the loss of fecundity incurred by viviparity could be offset by benefits arising from enhanced mate discrimination, resource specialization, or modified egg morphology."
https://openalex.org/W2768980836,https://doi.org/10.1111/jeb.13212,"Bigger testes increase paternity in a simultaneous hermaphrodite, independently of the sperm competition level",2017,2017-11-21,Journal of Evolutionary Biology,Nikolas Vellnow; Lucas Marie‐Orleach; Kira S. Zadesenets; Lukas Schärer,26,False,,cites_W2090428386,"Hermaphroditic animals face the fundamental evolutionary optimization problem of allocating their resources to their male vs. female reproductive function (e.g. testes and sperm vs. ovaries and eggs), and this optimal sex allocation can be affected by both pre- and post-copulatory sexual selection. For example, local sperm competition (LSC) - the competition between related sperm for the fertilization of a partner's ova - occurs in small mating groups and can favour a female-biased sex allocation, because, under LSC, investment into sperm production is predicted to show diminishing fitness returns. Here, we test whether higher testis investment increases an individual's paternity success under sperm competition, and whether the strength of this effect diminishes when LSC is stronger, as predicted by sex allocation theory. We created two subsets of individuals of the simultaneously hermaphroditic flatworm Macrostomum lignano - by sampling worms from either the highest or lowest quartile of the testis investment distribution - and estimated their paternity success in group sizes of either three (strong LSC) or eight individuals (weak LSC). Specifically, using transgenic focal individuals expressing a dominant green-fluorescent protein marker, we showed that worms with high testis investment sired 22% more offspring relative to those with low investment, corroborating previous findings in M. lignano and other species. However, the strength of this effect was not significantly modulated by the experienced group size, contrasting theoretical expectations of more strongly diminishing fitness returns under strong LSC. We discuss the possible implications for the evolutionary maintenance of hermaphroditism in M. lignano."
https://openalex.org/W3093098671,https://doi.org/10.1098/rstb.2020.0082,Of mice and women: advances in mammalian sperm competition with a focus on the female perspective,2020,2020-10-18,Philosophical Transactions of the Royal Society B Biological Sciences,Renée C. Firman,24,True,https://www.ncbi.nlm.nih.gov/pmc/articles/7661441,cites_W2090428386,"Although initially lagging behind discoveries being made in other taxa, mammalian sperm competition is now a productive and advancing field of research. Sperm competition in mammals is not merely a 'sprint-race' between the gametes of rival males, but rather a race over hurdles; those hurdles being the anatomical and physiological barriers provided by the female reproductive tract, as well as the egg and its vestments. With this in mind, in this review, I discuss progress in the field while focusing on the female perspective. I highlight ways by which sperm competition can have positive effects on female reproductive success and discuss how competitive outcomes are not only owing to dynamics between the ejaculates of rival males, but also attributable to mechanisms by which female mammals bias paternity toward favourable sires. Drawing on examples across different species-from mice to humans-I provide an overview of the accumulated evidence which firmly establishes that sperm competition is a key selective force in the evolution of male traits and detail how females can respond to increased sperm competitiveness with increased egg resistance to fertilization. I also discuss evidence for facultative responses to the sperm competition environment observed within mammal species. Overall, this review identifies shortcomings in our understanding of the specific mechanisms by which female mammals 'select' sperm. More generally, this review demonstrates how, moving forward, mammals will continue to be effective animal models for studying both evolutionary and facultative responses to sperm competition. This article is part of the theme issue 'Fifty years of sperm competition'."
https://openalex.org/W4240291188,https://doi.org/10.1086/703633,Mathematical Models of Fertilization—An Eco-Evolutionary Perspective,2019,2019-05-20,The Quarterly Review of Biology,Jussi Lehtonen; Louis Dardare,23,False,,cites_W2090428386,"Mathematical models of fertilization have been developed for many taxa, for both external and internal fertilizers. They estimate the proportion or number of fertilized gametes based on gamete concentrations and parameters relating to the biology of the model organism, as well as serve multiple purposes: a predictive purpose, with applications in, for example, artificial insemination; they clarify causal components of fertilization success such as concentration, size, collision rates and swimming speed of gametes, and polyspermy block times; and they function as components of models in evolutionary ecology, which often require understanding of fitness consequences of resource allocation between gametes and other traits. We pay particular attention to this last category, which has received less attention than other uses. Many evolutionary models assume the simplest relationship between fertilization success and gamete numbers: all eggs are fertilized. In nature, however, it is not uncommon for eggs to be sperm limited, and fertilization success must decrease as sperm density approaches zero. Fertilization functions become important in the range between these two extremes. We focus on models in evolutionary ecology, but aim for a resource that is useful regardless of topic or taxon by reviewing models developed for different purposes in a common mathematical framework."
https://openalex.org/W2783342859,https://doi.org/10.1016/j.anbehav.2017.12.004,"Mating behaviour and postcopulatory fertilization patterns in the southern blue-ringed octopus, Hapalochlaena maculosa",2018,2018-01-09,Animal Behaviour,Peter Morse; Christine L. Huffard; Mark G. Meekan; Mark I. McCormick; Kyall R. Zenger,19,False,,cites_W2090428386,
https://openalex.org/W3093337907,https://doi.org/10.1098/rstb.2020.0083,Social status and ejaculate composition in the house mouse,2020,2020-10-18,Philosophical Transactions of the Royal Society B Biological Sciences,Helen L. Bayram; Catarina Franco; Philip Brownridge; Amy J. Claydon; Natalie Koch; Jane L. Hurst; Robert J. Beynon; Paula Stockley,18,True,https://doi.org/10.1098/rstb.2020.0083,cites_W2090428386,"), combining experimental data with a quantitative proteomics analysis of seminal fluid composition. Our analyses reveal that both sperm production and the composition of proteins found in seminal vesicle secretions differ according to social status. Dominant males invested more in ejaculate production overall. Their epididymides contained more sperm than those of subordinate or control males, despite similar testes size between the groups. Dominant males also had larger seminal vesicle glands than subordinate or control males, despite similar body size. However, the seminal vesicle secretions of subordinate males had a significantly higher protein concentration than those of dominant males. Moreover, detailed proteomic analysis revealed subtle but consistent differences in the composition of secreted seminal vesicle proteins according to social status, involving multiple proteins of potential functional significance in sperm competition. These findings have significant implications for understanding the dynamics and outcome of sperm competition, and highlight the importance of social status as a factor influencing both sperm and seminal fluid investment strategies. This article is part of the theme issue 'Fifty years of sperm competition'."
https://openalex.org/W4210867702,https://doi.org/10.1186/s12915-022-01234-1,Mating behavior and reproductive morphology predict macroevolution of sex allocation in hermaphroditic flatworms,2022,2022-02-07,BMC Biology,Jeremias N. Brand; Luke J. Harmon; Lukas Schärer,16,True,https://bmcbiol.biomedcentral.com/track/pdf/10.1186/s12915-022-01234-1,cites_W2090428386,"BACKGROUND: Sex allocation is the distribution of resources to male or female reproduction. In hermaphrodites, this concerns an individual's resource allocation to, for example, the production of male or female gametes. Macroevolutionary studies across hermaphroditic plants have revealed that the self-pollination rate and the pollination mode are strong predictors of sex allocation. Consequently, we expect similar factors such as the selfing rate and aspects of the reproductive biology, like the mating behaviour and the intensity of postcopulatory sexual selection, to predict sex allocation in hermaphroditic animals. However, comparative work on hermaphroditic animals is limited. Here, we study sex allocation in 120 species of the hermaphroditic free-living flatworm genus Macrostomum. We ask how hypodermic insemination, a convergently evolved mating behaviour where sperm are traumatically injected through the partner's epidermis, affects the evolution of sex allocation. We also test the commonly-made assumption that investment into male and female reproduction should trade-off. Finally, we ask if morphological indicators of the intensity of postcopulatory sexual selection (female genital complexity, male copulatory organ length, and sperm length) can predict sex allocation. RESULTS: We find that the repeated evolution of hypodermic insemination predicts a more female-biased sex allocation (i.e., a relative shift towards female allocation). Moreover, transcriptome-based estimates of heterozygosity reveal reduced heterozygosity in hypodermically mating species, indicating that this mating behavior is linked to increased selfing or biparental inbreeding. Therefore, hypodermic insemination could represent a selfing syndrome. Furthermore, across the genus, allocation to male and female gametes is negatively related, and larger species have a more female-biased sex allocation. Finally, increased female genital complexity, longer sperm, and a longer male copulatory organ predict a more male-biased sex allocation. CONCLUSIONS: Selfing syndromes have repeatedly originated in plants. Remarkably, this macroevolutionary pattern is replicated in Macrostomum flatworms and linked to repeated shifts in reproductive behavior. We also find a trade-off between male and female reproduction, a fundamental assumption of most theories of sex allocation. Beyond that, no theory predicts a more female-biased allocation in larger species, suggesting avenues for future work. Finally, morphological indicators of more intense postcopulatory sexual selection appear to predict more intense sperm competition."
https://openalex.org/W4403055678,https://doi.org/10.1111/ele.14515,Pre‐Copulatory Sexual Selection Predicts Sexual Size Dimorphism: A Meta‐Analysis of Comparative Studies,2024,2024-09-01,Ecology Letters,Lennart Winkler; Robert P. Freckleton; Tamás Székely; Tim Janicke,15,True,https://doi.org/10.1111/ele.14515,cites_W2090428386,"Size differences between males and females are common across the tree of life (termed sexual size dimorphism; SSD), and have fundamental implications for ecology, life history and behaviour of both sexes. Conventionally, SSD is thought to evolve in response to sex-specific sexual selection but more recent work suggests that ecological processes can also promote sex-differences in size. Here, we provide a global test for the role of sexual selection in the evolution of sexual size dimorphism using data from 77 comparative studies spanning the major classes of the animal kingdom. We show that intense sexual selection typically correlates with male-biased SSD across species. Importantly, pre-copulatory but not post-copulatory sexual selection predicts SSD, suggesting a pervasive role of premating male-male competition and female choice to drive sex differences in body size. Collectively, our findings suggest that pre-copulatory sexual selection plays a major role in the evolution of male-biased SSD."
https://openalex.org/W4398772497,https://doi.org/10.1371/journal.pbio.3002519,Male allocation to ejaculation and mating effort imposes different life history trade-offs,2024,2024-05-24,PLoS Biology,Meng‐Han Joseph Chung; Rebecca J. Fox; Michael D. Jennions,10,True,https://doi.org/10.1371/journal.pbio.3002519,cites_W2090428386,"When males compete, sexual selection favors reproductive traits that increase their mating or fertilization success (pre- and postcopulatory sexual selection). It is assumed that males face a trade-off between these 2 types of sexual traits because they both draw from the same pool of resources. Consequently, allocation into mate acquisition or ejaculation should create similar trade-offs with other key life history traits. Tests of these assumptions are exceedingly rare. Males only ejaculate after they mate, and the costs of ejaculation are therefore highly confounded with those of mating effort. Consequently, little is known about how each component of reproductive allocation affects a male's future performance. Here, we ran an experiment using a novel technique to distinguish the life history costs of mating effort and ejaculation for mosquitofish (Gambusia holbrooki). We compared manipulated males (mate without ejaculation), control males (mate and ejaculate), and naïve males (neither mate nor ejaculate) continuously housed with a female and 2 rival males. We assessed their growth, somatic maintenance, mating and fighting behavior, and sperm traits after 8 and 16 weeks. Past mating effort significantly lowered a male's future mating effort and growth, but not his sperm production, while past sperm release significantly lowered a male's future ejaculate quantity, but not his mating effort. Immune response was the only trait impacted by both past mating effort and past ejaculation. These findings challenge the assumption that male reproductive allocation draws from a common pool of resources to generate similar life history costs later in life. Instead, we provide clear evidence that allocation into traits under pre- and postcopulatory sexual selection have different trait-specific effects on subsequent male reproductive performance."
https://openalex.org/W4406972502,https://doi.org/10.1016/j.jinsphys.2025.104751,"Plastic responses in sperm expenditure to sperm competition risk in black soldier fly (Hermetia illucens, Diptera) males",2025,2025-01-30,Journal of Insect Physiology,Frédéric Manas; Carole Labrousse; Christophe Bressac,9,True,https://doi.org/10.1016/j.jinsphys.2025.104751,cites_W2090428386,"In polyandrous species, competition between males for offspring paternity goes on after copulation through the competition of their ejaculates for the fertilisation of the female's oocytes. Given that males allocating more spermatozoa often have greater fertilisation success, different models of sperm competition predict adaptive plasticity in male sperm production and allocation. These predictions were tested experimentally in the black soldier fly (BSF) Hermetia illucens. In this farmed insect, adult biology is little known despite the economic interest of larvae for bioconversion, and as authorized feedstuff. In lab conditions, two sets of experiments were carried out to modify the risk of sperm competition perceived by males. The first consisted of placing adult males alone or in groups of 10 - modifying the mean risk of sperm competition - and then measuring their sperm production. The second took place at the beginning of copulation; pairs with males from the two treatments were transferred to different contexts of immediate risk of sperm competition: empty cages, cages containing 10 males, or cages containing 10 females. In all cases, spermatozoa transferred to mated females were counted. Males reared in groups of 10 showed more spermatozoa in their seminal vesicles than males reared alone. Regarding sperm allocation, females that mated in the presence of conspecifics - either 10 males or 10 females - received more spermatozoa than those that mated in isolation. In BSF, sperm production and allocation are influenced by the risk of sperm competition, demonstrating reproductive plasticity in response to socio-sexual conditions."
https://openalex.org/W2948498828,https://doi.org/10.1016/j.theriogenology.2019.03.034,Fish sperm competition in hatcheries and between wild and hatchery origin fish in nature,2019,2019-06-03,Theriogenology,J. Beirão; Torvald B. Egeland; Craig F. Purchase; Jarle Tryti Nordeide,27,True,https://www.sciencedirect.com/science/article/pii/S0093691X19300846/pdf,cites_W2090428386,"Males compete pre- and post-mating to fertilize the maximum number of eggs. In polyandry, sperm competition occurs when sperm from two or more males compete to fertilize eggs from a female. Here we review how sperm competition from hatchery origin fish can cause loss of genetic variability in fish populations kept in captivity and in wild populations. In fish hatchery practices, sperm competition occurs in mass spawners that release gametes in tanks, and in artificial fertilizations when pooled semen is used. In mass spawnings sperm competition is difficult to tease apart from pre-mating competition and other post-mating selective mechanisms, whereas, studies focused on the use of pooled semen in different fish species have shown a clear relationship between sperm motility parameters and precedence in fertilization. In both situations, sperm competition will result in a loss of genetic variability that accumulates over generations, but hatchery protocols can be adjusted to mitigate it. Another source of concern regarding sperm competition for hatchery produced fish is the spatial and temporal overlap in spawning with wild individuals, either via aquaculture escapees or purposeful stocking programs. This may result in sperm competition between hatchery origin and wild males and impact natural populations. Our review suggests that in order to give every adult selected as broodstock an equal opportunity to produce offspring in captivity, mass spawning and the use of pooled semen should be limited."
https://openalex.org/W2950346381,https://doi.org/10.1086/700094,"Eco-Evolutionary Dynamics in Metacommunities: Ecological Inheritance, Helping within Species, and Harming between Species",2018,2018-10-18,The American Naturalist,Charles Mullon; Laurent Lehmann,27,True,https://www.journals.uchicago.edu/doi/pdf/10.1086/700094,cites_W2090428386,"Understanding selection on intra- and interspecific interactions that take place in dispersal-limited communities is a challenge for ecology and evolutionary biology. The problem is that local demographic stochasticity generates eco-evolutionary dynamics that are generally too complicated to make tractable analytical investigations. Here we circumvent this problem by approximating the selection gradient on a quantitative trait that influences local community dynamics, assuming that such dynamics are deterministic with a stable fixed point. The model nonetheless captures unavoidable kin selection effects arising from demographic stochasticity. Our approximation reveals that selection depends on how an individual expressing a trait change influences (1) its own fitness and the fitness of its current relatives and (2) the fitness of its downstream relatives through modifications of local ecological conditions (i.e., through ecological inheritance). Mathematically, the effects of ecological inheritance on selection are captured by dispersal-limited versions of press perturbations of community ecology. We use our approximation to investigate the evolution of helping within species and harming between species when these behaviors influence demography. We find that altruistic helping evolves more readily when intraspecific competition is for material resources rather than for space, because in this case the costs of kin competition tend to be paid by downstream relatives. Similarly, altruistic harming between species evolves when it alleviates downstream relatives from interspecific competition. Beyond these examples, our approximation can help better understand the influence of ecological inheritance on a variety of eco-evolutionary dynamics in metacommunities, from consumer-resource and predator-prey coevolution to selection on mating systems with demographic feedbacks."
https://openalex.org/W2608114288,https://doi.org/10.1007/s12526-017-0713-4,"Comparative analysis of multiple paternity in different populations of viviparous black rockfish, Sebastes schlegelii, a fish with long-term female sperm storage",2017,2017-04-27,Marine Biodiversity,Tianxiang Gao; Kui Ding; Na Song; Xiumei Zhang; Zhiqiang Han,24,False,,cites_W2090428386,
https://openalex.org/W2746761106,https://doi.org/10.1098/rspb.2017.1266,Sperm competition games when males invest in paternal care,2017,2017-08-16,Proceedings of the Royal Society B Biological Sciences,Gustavo S. Requena; Suzanne H. Alonzo,24,True,https://www.ncbi.nlm.nih.gov/pmc/articles/5563816,cites_W2090428386,"Sperm competition games investigate how males partition limited resources between pre- and post-copulatory competition. Although extensive research has explored how various aspects of mating systems affect this allocation, male allocation between mating, fertilization and parental effort has not previously been considered. Yet, paternal care can be energetically expensive and males are generally predicted to adjust their parental effort in response to expected paternity. Here, we incorporate parental effort into sperm competition games, particularly exploring how the relationship between paternal care and offspring survival affects sperm competition and the relationship between paternity and paternal care. Our results support existing expectations that (i) fertilization effort should increase with female promiscuity and (ii) paternal care should increase with expected paternity. However, our analyses also reveal that the cost of male care can drive the strength of these patterns. When paternal behaviour is energetically costly, increased allocation to parental effort constrains allocation to fertilization effort. As paternal care becomes less costly, the association between paternity and paternal care weakens and may even be absent. By explicitly considering variation in sperm competition and the cost of male care, our model provides an integrative framework for predicting the interaction between paternal care and patterns of paternity."
https://openalex.org/W2897075203,https://doi.org/10.1111/jeb.13435,The effects of male social environment on sperm phenotype and genome integrity,2019,2019-02-28,Journal of Evolutionary Biology,Willian T. A. F. Silva; Paula Sáez‐Espinosa; Stéphanie Torijo‐Boix; Alejandro Romero; Caroline Devaux; Mathilde Durieux; María José Gómez‐Torres; Simone Immler,24,True,https://onlinelibrary.wiley.com/doi/pdfdirect/10.1111/jeb.13435,cites_W2090428386,"Sperm function and quality are primary determinants of male reproductive performance and hence fitness. The presence of rival males has been shown to affect ejaculate and sperm traits in a wide range of taxa. However, male physiological conditions may not only affect sperm phenotypic traits but also their genetic and epigenetic signatures, affecting the fitness of the resulting offspring. We investigated the effects of male-male competition on sperm quality using TUNEL assays and geometric morphometrics in the zebrafish, Danio rerio. We found that the sperm produced by males exposed to high male-male competition had smaller heads but larger midpiece and flagellum than sperm produced by males under low competition. Head and flagella also appeared less sensitive to the osmotic stress induced by activation with water. In addition, more sperm showed signals of DNA damage in ejaculates of males under high competition. These findings suggest that the presence of a rival male may have positive effects on sperm phenotypic traits but negative effects on sperm DNA integrity. Overall, males facing the presence of rival males may produce faster swimming and more competitive sperm but this may come at a cost for the next generation."
https://openalex.org/W2923559807,https://doi.org/10.1007/s00265-019-2653-4,"Sperm-limited males continue to mate, but females cannot detect the male state in a parasitoid wasp",2019,2019-03-28,Behavioral Ecology and Sociobiology,Jun Abe,24,True,https://link.springer.com/content/pdf/10.1007/s00265-019-2653-4.pdf,cites_W2090428386,"Female mating frequency and male ejaculate allocation are likely to interact. Females may adjust their propensity for remating based on the amount of provided sperm to ensure a sufficient sperm supply, and males may determine sperm allocation based on female availability and female mating frequency. In this study, I investigated male and female mating behaviors in the parasitoid wasp Anisopteromalus calandrae. The wasp exhibits the haplo-diploid sex determination, in which sperm-depleted females are constrained to produce only sons by laying unfertilized eggs. The first experiment showed that a rapid succession of male mating decreased the production of daughters (fertilized eggs) by the inseminated females, suggesting that sperm-limited males provided an insufficient amount of sperm to the females. Although the males appeared to replenish their sperm store after 6 h, they mated upon encountering females despite their sperm shortage. The second experiment showed that copulation reduced the subsequent mating receptivity of the inseminated females irrespective of whether the females received a sufficient amount of sperm. Moreover, although approximately 26% of females accepted a second mating and recovered a certain degree of daughter production, remating was independent of the mating status of their first mating partner or the social environment. These results suggest that sperm-limited males may benefit from continuing to mate because their copulation prevents competing males from reproducing with their mates. Females incur a cost from not remating depending on the amount of sperm provided, which may result from weak environmental selection pressure or manipulation by the initial mate. Male and female mating strategies are likely to evolve interdependently. Specifically, in species that produce limited numbers of sperm, the mating behavior of males and females is likely to be influenced by sperm transfer. The results of the present study suggest that males of the parasitoid wasp Anisopteromalus calandrae can replenish their sperm stores over time. However, sperm-limited males that encounter a potential mating partner mate rather than wait for sperm recovery. Females do not discriminate the male state before copulation, and those that mate with sperm-limited males suffer from sperm shortage. Although females can augment their sperm supply by remating, only a portion of females do so, regardless of sperm supply. The lack of a female facultative response suggests weak environmental selection on the species or the existence of sexual conflict over sperm transfer."
https://openalex.org/W2671241439,https://doi.org/10.1093/beheco/arx061,Male spiders reduce pre- and postmating sexual investment in response to sperm competition risk,2017,2017-04-03,Behavioral Ecology,Cristina Tuni; Sabrina Weber; Trine Bilde; George R. Uhl,23,False,,cites_W2090428386,"The interplay between pre- and postmating responses to intrasexual competition remains enigmatic. Sperm competition models often assume a trade-off between pre- and postmating traits that enhance mate acquisition and fertilization success, respectively. However, when males court females through food donations (i.e., nuptial gifts), pre- and postmating responses may be aligned, as nuptial gifts have the dual function of facilitating both mate acquisition and sperm transfer. In the spider Pisaura mirabilis, nuptial gifts consist of silk-wrapped prey. We tested whether males respond to a competitor by altering: 1) premating investment in the gift, 2) postmating sperm investment, and 3) whether pre- and postmating responses are coupled and respond to competition in the same direction or not. Under competition risk males silk-wrapped their gifts for significantly shorter time and transferred less sperm to females, pointing to a reduction of both pre- and postmating responses. Because silk is not a target of female choice, reducing gift construction may speed up mate acquisition. In accordance with models of sperm allocation, perceived high levels of competition and/or sperm priority patterns may explain the reduced patterns of sperm transfer found in our study. Overall, our findings suggest that in competitive environments pre- and postmating traits are coupled and respond in the same direction."
https://openalex.org/W3092984873,https://doi.org/10.1098/rstb.2020.0065,The role of oxidative stress in postcopulatory selection,2020,2020-10-18,Philosophical Transactions of the Royal Society B Biological Sciences,Christopher R. Friesen; Daniel W. A. Noble; Mats Olsson,23,True,https://www.ncbi.nlm.nih.gov/pmc/articles/7661456,cites_W2090428386,"266, 1-12. (doi:10.1098/rspb.1999.0597)) united oxidative stress (OS) biology with sexual selection and life-history theory. This set the scene for analysis of how evolutionary trade-offs may be mediated by the increase in reactive molecules resulting from metabolic processes at reproduction. Despite 30 years of research on OS effects on infertility in humans, one research area that has been left behind in this integration of evolution and OS biology is postcopulatory sexual selection-this integration is long overdue. We review the basic mechanisms in OS biology, why mitochondria are the primary source of ROS and ATP production during oxidative metabolism, and why sperm, and its performance, is uniquely susceptible to OS. We also review how postcopulatory processes select for antioxidation in seminal fluids to counter OS and the implications of the net outcome of these processes on sperm damage, sperm storage, and female and oocyte manipulation of sperm metabolism and repair of DNA to enhance offspring fitness. This article is part of the theme issue 'Fifty years of sperm competition'."
https://openalex.org/W2894306557,https://doi.org/10.1111/jeb.13384,Developmental diet irreversibly shapes male post‐copulatory traits in the neriid fly Telostylinus angusticollis,2018,2018-09-29,Journal of Evolutionary Biology,Erin L. Macartney; Philip R. Nicovich; Russell Bonduriansky; Angela J. Crean,22,True,https://onlinelibrary.wiley.com/doi/pdfdirect/10.1111/jeb.13384,cites_W2090428386,"Nutrient availability has been shown to influence investment in many fitness-related traits, including male reproductive success. Many studies have demonstrated that a reduction in nutrient availability alters male post-copulatory trait expression, with some studies demonstrating an effect of developmental nutrients and others, an effect of adult nutrients. However, few studies have manipulated both developmental and adult nutrients in the same experiment. Therefore, it is not clear what life-stage has the greatest effect on post-copulatory trait expression, and if the effects of developmental and adult nutrients can interact. Here, we investigate effects of developmental and adult nutrition on male testes and accessory gland size, sperm movement within the female reproductive tract and sperm length in the neriid fly, Telostylinus angusticollis. We found that males fed a nutrient-poor developmental diet produced sperm with a reduced tail beat frequency and had smaller testes and accessory glands compared to males fed a nutrient-rich developmental diet. In contrast, we found no effects of adult nutrition on any traits measured, although sperm length was correlated with body size and male age but unaffected by nutrition at any stage. Therefore, investment in adult post-copulatory traits is determined early on by developmental nutrients in male neriid flies, and this effect is not altered by adult nutrient availability."
https://openalex.org/W3162511243,https://doi.org/10.1007/s00265-021-03032-1,Strategic adjustment of ejaculate quality in response to variation of the socio-sexual environment,2021,2021-05-14,Behavioral Ecology and Sociobiology,Martina Magris,21,False,,cites_W2090428386,
https://openalex.org/W3128446461,https://doi.org/10.3390/cells10020287,How Soon Hath Time… A History of Two “Seminal” Publications,2021,2021-02-01,Cells,George A. Parker,20,True,https://www.mdpi.com/2073-4409/10/2/287/pdf?version=1612162837,cites_W2090428386,"This review documents the history of the two papers written half a century ago that relate to this special issue of Cells. The first, “Sperm competition and its evolutionary consequences in the insects” (Biological Reviews, 1970), stressed that sexual selection continues after ejaculation, resulting in many adaptations (e.g., postcopulatory guarding phases, copulatory plugs, seminal fluid components that modify female reproduction, and optimal ejaculation strategies), an aspect not considered by Darwin in his classic treatise of 1871. Sperm competition has subsequently been studied in many taxa, and post-copulatory sexual selection is now considered an important sequel to Darwinian pre-copulatory sexual selection. The second, “The origin and evolution of gamete dimorphism and the male-female phenomenon” (Journal of Theoretical Biology, 1972) showed how selection, based on gamete competition between individuals, can give rise to anisogamy in an isogamous broadcast spawning ancestor. This theory, which has subsequently been developed in various ways, is argued to form the most powerful explanation of why there are two sexes in most multicellular organisms. Together, the two papers have influenced our general understanding of the evolutionary differentiation of the two forms of gametic cells, and the divergence of sexual strategies between males and females under sexual selection."
https://openalex.org/W2966872026,https://doi.org/10.1098/rspb.2019.0906,A weapons–testes trade-off in males is amplified in female traits,2019,2019-07-31,Proceedings of the Royal Society B Biological Sciences,Christine W. Miller; Paul Joseph; Rebecca M. Kilner; Zachary Emberts,19,True,https://www.ncbi.nlm.nih.gov/pmc/articles/6710601,cites_W2090428386,"Sexually selected weapons are assumed to trade off with traits related to ejaculates, such as testes. However, remarkably little is known about what governs resource allocation and why trade-offs are found in some cases and not others. Often-used models depict competitive allocation occurring within the functional grouping of traits (e.g. reproduction); however, other factors including tissue expense and developmental timing may influence allocation. Experimental comparisons of investment across the sexes have the potential to illuminate allocation rules, because the sexes do not always use traits for the same functions. Here, we capitalize upon a species where females have weapons-testes homologues. We report that a documented trade-off in investment between hind-limb weapons and testes in leaf-footed cactus bugs, Narnia femorata, is even more pronounced in female hind limbs and ovaries. Female hind limbs in this species do not share the clear reproductive function of male hind limbs; therefore, this trade-off spans trait functional groups. Such patterns of investment suggest that future studies of reproductive trade-offs should consider factors such as tissue expense and developmental timing."
https://openalex.org/W3127192846,https://doi.org/10.1093/genetics/iyaa018,X-linked meiotic drive can boost population size and persistence,2020,2020-12-10,Genetics,Carl Mackintosh; Andrew Pomiankowski; Michael Scott,18,True,https://ueaeprints.uea.ac.uk/id/eprint/83486/1/Accepted_manuscript.pdf,cites_W2090428386,"X-linked meiotic drivers cause X-bearing sperm to be produced in excess by male carriers, leading to female-biased sex ratios. Here, we find general conditions for the spread and fixation of X-linked alleles. Our conditions show that the spread of X-linked alleles depends on sex-specific selection and transmission rather than the time spent in each sex. Applying this logic to meiotic drive, we show that polymorphism is heavily dependent on sperm competition induced both by female and male mating behavior and the degree of compensation to gamete loss in the ejaculate size of drive males. We extend these evolutionary models to investigate the demographic consequences of biased sex ratios. Our results suggest driving X-alleles that invade and reach polymorphism (or fix and do not bias segregation excessively) will boost population size and persistence time by increasing population productivity, demonstrating the potential for selfish genetic elements to move sex ratios closer to the population-level optimum. However, when the spread of drive causes strong sex-ratio bias, it can lead to populations with so few males that females remain unmated, cannot produce offspring, and go extinct. This outcome is exacerbated when the male mating rate is low. We suggest that researchers should consider the potential for ecologically beneficial side effects of selfish genetic elements, especially in light of proposals to use meiotic drive for biological control."
https://openalex.org/W4212877162,https://doi.org/10.1111/mec.16405,Sperm competition intensity affects sperm precedence patterns in a polyandrous gift‐giving spider,2022,2022-02-18,Molecular Ecology,Magdalena Matzke; Søren Toft; Jesper Bechsgaard; Astrid Pold Vilstrup; George R. Uhl; Sven Künzel; Cristina Tuni; Trine Bilde,17,True,https://onlinelibrary.wiley.com/doi/pdfdirect/10.1111/mec.16405,cites_W2090428386,"Sperm competition drives traits that enhance fertilization success. The amount of sperm transferred relative to competitors is key for attaining paternity. Female reproductive morphology and male mating order may also influence fertilization, however the outcome for sperm precedence under intense sperm competition remains poorly understood. In the polyandrous spider Pisaura mirabilis, males offer nuptial gifts which prolong copulation and increase sperm transfer, factors proposed to alter sperm precedence patterns under strong sperm competition. First, we assessed the degree of female polyandry by genotyping wild broods. A conservative analysis identified up to four sires, with a mean of two sires per brood, consistent with an optimal mating female rate. Then we asked whether intense sperm competition shifts sperm precedence patterns from first male priority, as expected from female morphology, to last male advantage. We varied sexual selection intensity experimentally and determined competitive fertilization outcome by genotyping broods. In double matings, one male monopolised paternity regardless of mating order. A mating order effect with first male priority was revealed when females were mated to four males, however this effect disappeared when females were mated to six males, probably due to increased sperm mixing. The proportion of males that successfully sired offspring drastically decreased with the number of competitors. Longer copulations translated into higher paternity shares independently of mating order, reinforcing the advantage of traits that prolong copulation duration under intense competition, such as the nuptial gift. Sperm competition intensity enhances the impact of competitive sexual traits and imposes multiple effects on paternity."
https://openalex.org/W2983792643,https://doi.org/10.1093/beheco/arz178,Effects of condition and sperm competition risk on sperm allocation and storage in neriid flies,2019,2019-09-24,Behavioral Ecology,Zachariah Wylde; Angela J. Crean; Russell Bonduriansky,16,False,,cites_W2090428386,"Abstract Ejaculate traits can be sexually selected and often exhibit heightened condition-dependence. However, the influence of sperm competition risk in tandem with condition-dependent ejaculate allocation strategies is relatively unstudied. Because ejaculates are costly to produce, high-condition males may be expected to invest more in ejaculates when sperm competition risk is greater. We examined the condition-dependence of ejaculate size by manipulating nutrient concentration in the juvenile (larval) diet of the neriid fly Telostylinus angusticollis. Using a fully factorial design we also examined the effects of perceived sperm competition risk (manipulated by allowing males to mate first or second) on the quantity of ejaculate transferred and stored in the three spermathecae of the female reproductive tract. To differentiate male ejaculates, we fed males nontoxic rhodamine fluorophores (which bind to proteins in the body) prior to mating, labeling their sperm red or green. We found that high-condition males initiated mating more quickly and, when mating second, transferred more ejaculate to both of the female’s posterior spermathecae. This suggests that males allocate ejaculates strategically, with high-condition males elevating their ejaculate investment only when facing sperm competition. More broadly, our findings suggest that ejaculate allocation strategies can incorporate variation in both condition and perceived risk of sperm competition."
https://openalex.org/W4226394127,https://doi.org/10.1098/rspb.2021.2146,"A synthesis of senescence predictions for indeterminate growth, and support from multiple tests in wild lake trout",2022,2022-01-04,Proceedings of the Royal Society B Biological Sciences,Craig F. Purchase; Anna C. Rooke; Michael J. Gaudry; Jason R. Treberg; Elizabeth A. Mittell; Michael B. Morrissey; Michael D. Rennie,16,True,https://www.ncbi.nlm.nih.gov/pmc/articles/8727146,cites_W2090428386,"Senescence-the deterioration of functionality with age-varies widely across taxa in pattern and rate. Insights into why and how this variation occurs are hindered by the predominance of laboratory-focused research on short-lived model species with determinate growth. We synthesize evolutionary theories of senescence, highlight key information gaps and clarify predictions for species with low mortality and variable degrees of indeterminate growth. Lake trout are an ideal species to evaluate predictions in the wild. We monitored individual males from two populations (1976-2017) longitudinally for changes in adult mortality (actuarial senescence) and body condition (proxy for energy balance). A cross-sectional approach (2017) compared young (ages 4-10 years) and old (18-37 years) adults for (i) phenotypic performance in body condition, and semen quality-which is related to fertility under sperm competition (reproductive senescence)-and (ii) relative telomere length (potential proxy for cellular senescence). Adult growth in these particular populations is constrained by a simplified foodweb, and our data support predictions of negligible senescence when maximum size is only slightly larger than maturation size. Negative senescence (aka reverse senescence) may occur in other lake trout populations where diet shifts allow maximum sizes to greatly exceed maturation size."
https://openalex.org/W3165140687,https://doi.org/10.3390/cells10061358,Longer Sperm Swim More Slowly in the Canary Islands Chiffchaff,2021,2021-05-31,Cells,Emily R. A. Cramer; Eduardo García‐del‐Rey; Lars Erik Johannessen; Terje Laskemoen; Gunnhild Marthinsen; Arild Johnsen; Jan T. Lifjeld,14,True,https://www.mdpi.com/2073-4409/10/6/1358/pdf?version=1622630277,cites_W2090428386,"Sperm swimming performance affects male fertilization success, particularly in species with high sperm competition. Understanding how sperm morphology impacts swimming performance is therefore important. Sperm swimming speed is hypothesized to increase with total sperm length, relative flagellum length (with the flagellum generating forward thrust), and relative midpiece length (as the midpiece contains the mitochondria). We tested these hypotheses and tested for divergence in sperm traits in five island populations of Canary Islands chiffchaff (Phylloscopus canariensis). We confirmed incipient mitochondrial DNA differentiation between Gran Canaria and the other islands. Sperm swimming speed correlated negatively with total sperm length, did not correlate with relative flagellum length, and correlated negatively with relative midpiece length (for Gran Canaria only). The proportion of motile cells increased with relative flagellum length on Gran Canaria only. Sperm morphology was similar across islands. We thus add to a growing number of studies on passerine birds that do not support sperm morphology–swimming speed hypotheses. We suggest that the swimming mechanics of passerine sperm are sufficiently different from mammalian sperm that predictions from mammalian hydrodynamic models should no longer be applied for this taxon. While both sperm morphology and sperm swimming speed are likely under selection in passerines, the relationship between them requires further elucidation."
https://openalex.org/W3197681341,https://doi.org/10.3390/cells10092369,"Selection on Sperm Count, but Not on Sperm Morphology or Velocity, in a Wild Population of Anolis Lizards",2021,2021-09-09,Cells,Ariel F. Kahrl; Matthew C. Kustra; Aaron M. Reedy; Rachana S. Bhave; Heidi A. Seears; Daniel A. Warner; Robert M. Cox,14,True,https://www.mdpi.com/2073-4409/10/9/2369/pdf?version=1631178184,cites_W2090428386,"Sperm competition is a widespread phenomenon that shapes male reproductive success. Ejaculates present many potential targets for postcopulatory selection (e.g., sperm morphology, count, and velocity), which are often highly correlated and potentially subject to complex multivariate selection. Although multivariate selection on ejaculate traits has been observed in laboratory experiments, it is unclear whether selection is similarly complex in wild populations, where individuals mate frequently over longer periods of time. We measured univariate and multivariate selection on sperm morphology, sperm count, and sperm velocity in a wild population of brown anole lizards (Anolis sagrei). We conducted a mark-recapture study with genetic parentage assignment to estimate individual reproductive success. We found significant negative directional selection and negative quadratic selection on sperm count, but we did not detect directional or quadratic selection on any other sperm traits, nor did we detect correlational selection on any trait combinations. Our results may reflect pressure on males to produce many small ejaculates and mate frequently over a six-month reproductive season. This study is the first to measure multivariate selection on sperm traits in a wild population and provides an interesting contrast to experimental studies of external fertilizers, which have found complex multivariate selection on sperm phenotypes."
https://openalex.org/W2994603791,https://doi.org/10.1007/s00265-019-2779-4,Novel ablation technique shows no sperm priming response by male eastern mosquitofish to cues of female availability,2019,2019-12-01,Behavioral Ecology and Sociobiology,Meng‐Han Joseph Chung; Michael D. Jennions; Rebecca J. Fox,12,False,,cites_W2090428386,
https://openalex.org/W3087835223,https://doi.org/10.1002/bies.202000109,Copulation Song inDrosophila: Do Females Sing to Change Male Ejaculate Allocation and Incite Postcopulatory Mate Choice?,2020,2020-09-16,BioEssays,Peter Kerwin; Anne C. von Philipsborn,12,True,https://onlinelibrary.wiley.com/doi/pdfdirect/10.1002/bies.202000109,cites_W2090428386,"Drosophila males sing a courtship song to achieve copulations with females. Females were recently found to sing a distinct song during copulation, which depends on male seminal fluid transfer and delays female remating. Here, it is hypothesized that female copulation song is a signal directed at the copulating male and changes ejaculate allocation. This may alter female remating and sperm usage, and thereby affect postcopulatory mate choice. Mechanisms of how female copulation song is elicited, how males respond to copulation song, and how remating is modulated, are considered. The potential adaptive value of female signaling during copulation is discussed with reference to vertebrate copulation calls and their proposed function in eliciting mate guarding. Female copulation song may be widespread within the Drosophila genus. This newly discovered behavior opens many interesting avenues for future research, including investigation of how sexually dimorphic neuronal circuits mediate communication between nervous system and reproductive organs."
https://openalex.org/W3160698350,https://doi.org/10.1111/jfb.14779,"Sperm competition, sexual selection and the diverse reproductive biology of Osteoglossiformes",2021,2021-05-11,Journal of Fish Biology,Lauren Koenig; Jason R. Gallant,12,False,,cites_W2090428386,"Osteoglossiformes are an order of ""bony tongue"" fish considered the most primitive living order of teleosts. This review seeks to consolidate known hypotheses and identify gaps in the literature regarding the adaptive significance of diverse reproductive traits and behaviour of osteoglossiforms within the context of sperm competition and the wider lens of sexual selection. Many of the unusual traits observed in osteoglossiforms indicate low levels of sperm competition; most species have unpaired gonads, and mormyroids are the only known vertebrate species with aflagellate sperm. Several osteoglossiform families have reproductive anatomy associated with internal fertilization but perform external fertilization, which may be representative of the evolutionary transition from external to internal fertilization and putative trade-offs between sperm competition and the environment. They also employ every type of parental care seen in vertebrates. Geographically widespread and basally situated within teleosts, osteoglossiforms present an effective study system for understanding how sperm competition and sexual selection have shaped the evolution of teleost reproductive behaviour, sperm and gonad morphology, fertilization strategies, courtship and paternal care, and sexual conflict. The authors suggest that the patterns seen in osteoglossiform reproduction are a microcosm of teleost reproductive diversity, potentially signifying the genetic plasticity that contributed to the adaptive radiation of teleost fishes."
https://openalex.org/W4302362463,https://doi.org/10.1086/722829,The Effect of Brief or Prolonged Bouts of Winning or Losing Male-Male Contests on Plasticity in Sexually Selected Traits,2022,2022-10-06,The American Naturalist,Lauren M. Harrison; Regina Vega‐Trejo; Michael D. Jennions,12,False,,cites_W2090428386,"Fight outcomes often affect male fitness by determining their access to mates. Thus, “winner-loser” effects, where winners often win their next contest while losers tend to lose, can influence how males allocate resources toward pre- and postcopulatory traits. We experimentally manipulated the winning/losing experiences of pairs of size-matched male Gambusia holbrooki for 1 day, 1 week, or 3 weeks to test whether prior winning/losing experiences differentially affect the plasticity of male investment into either mating effort (precopulatory) or ejaculates (postcopulatory). When winner/loser pairs directly competed for a female, winners had better precopulatory outcomes than losers for three of the four traits we measured: mating attempts, successful attempts, and time spent with the female (but not aggression). However, winners and losers did not differ in either total sperm counts or sperm velocity. Interestingly, absolute male size, an important predictor of fighting success, mediated winner-loser effects on how long males then spent near a female. Compared with losers, smaller winners spent more time with the female than did larger winners, suggesting that how males respond to prior social experiences is size dependent. We discuss the general importance of controlling for inherent male condition when comparing male investment into condition-dependent traits."
https://openalex.org/W2921655297,https://doi.org/10.1016/bs.asb.2019.02.002,Sexual selection and social context: Web-building spiders as emerging models for adaptive plasticity,2019,2019-01-01,Advances in the study of behavior,Maydianne C. B. Andrade,11,False,,cites_W2090428386,
https://openalex.org/W4293103494,https://doi.org/10.1016/j.cub.2022.07.077,Rapid evolution of pollen and pistil traits as a response to sexual selection in the post-pollination phase of mating,2022,2022-08-25,Current Biology,Jeanne Tonnabel; Pascal Cosette; Arnaud Lehner; Jean‐Claude Mollet; Mohamed Amine Ben Mlouka; Lucija Grladinovic; Patrice David; John R. Pannell,11,False,,cites_W2090428386,
https://openalex.org/W4308769142,https://doi.org/10.1111/jeb.14120,Selection on sperm size in response to promiscuity and variation in female sperm storage organs,2022,2022-11-10,Journal of Evolutionary Biology,Emily R. A. Cramer; Zelealem B. Yilma; Jan T. Lifjeld,11,True,https://onlinelibrary.wiley.com/doi/pdfdirect/10.1111/jeb.14120,cites_W2090428386,"Sperm cells are exceptionally morphologically diverse across taxa. However, morphology can be quite uniform within species, particularly for species where females copulate with many males per reproductive bout. Strong sexual selection in these promiscuous species is widely hypothesized to reduce intraspecific sperm variation. Conversely, we hypothesize that intraspecific sperm size variation may be maintained by high among-female variation in the size of sperm storage organs, assuming that paternity success improves when sperm are compatible in size with the sperm storage organ. We use individual-based simulations and an analytical model to evaluate how selection on sperm size depends on promiscuity level and variation in sperm storage organ size (hereafter, female preference variation). Simulations of high promiscuity (10 mates per female) showed stabilizing selection on sperm when female preference variation was low, and disruptive selection when female preference variation was high, consistent with the analytical model results. With low promiscuity (2-3 mates per female), selection on sperm was stabilizing for all levels of female preference variation in the simulations, contrasting with the analytical model. Promiscuity level, or mate sampling, thus has a strong impact on the selection resulting from female preferences. Furthermore, when promiscuity is low, disruptive selection on male traits will occur under much more limited circumstances (i.e. only with higher among-female variation) than many previous models suggest. Variation in female sperm storage organs likely has strong implications for intraspecific sperm variation in highly promiscuous species, but likely does not explain differences in intraspecific sperm variation for less promiscuous taxa."
https://openalex.org/W4353062152,https://doi.org/10.1038/s42003-023-04698-1,Ranking parameters driving siring success during sperm competition in the North African houbara bustard,2023,2023-03-22,Communications Biology,Gabriele Sorci; Hiba Abi Hussein; Gwènaëlle Levêque; Michel Saint Jalme; Frédéric Lacroix; Yves Hingrat; Loïc Lesobre,11,True,https://www.nature.com/articles/s42003-023-04698-1.pdf,cites_W2090428386,"Sperm competition is a powerful force driving the evolution of ejaculate and sperm traits. However, the outcome of sperm competition depends on many traits that extend beyond ejaculate quality. Here, we study male North African houbara bustards (Chlamydotis undulata undulata) competing for egg fertilization, after artificial insemination, with the aim to rank the importance of 14 parameters as drivers of siring success. Using a machine learning approach, we show that traits independent of male quality (i.e., insemination order, delay between insemination and egg laying) are the most important predictors of siring success. Traits describing intrinsic male quality (i.e., number of sperm in the ejaculate, mass motility index) are also positively associated with siring success, but their contribution to explaining the outcome of sperm competition is much lower than for insemination order. Overall, this analysis shows that males mating at the last position in the mating sequence have the best chance to win the competition for egg fertilization. This raises the question of the importance of female behavior as determinant of mating order."
https://openalex.org/W3024259473,https://doi.org/10.2108/zs190132,Sperm Allocation Strategies Depending on Female Quality in Medaka (Oryzias latipes),2020,2020-05-12,ZOOLOGICAL SCIENCE,Yuki Kondo; Masanori Kohda; Yasunori Koya; Satoshi Awata,9,False,,cites_W2090428386,"Sperm production is costly, and males are expected to strategically allocate this potentially limiting resource to maximize their fitness. Sperm allocation theory predicts that males should adjust their sperm expenditure in relation to female quality. However, the available empirical evidence is limited. In this study, we assessed whether wild male medaka (Oryzias latipes) would allocate their sperm depending on female quality under controlled conditions. Behavioral observations revealed that spawning behavior could be classified into four stages: male quivering, female quivering, sperm release, and stay. Of these behaviors, only the duration of sperm release was positively correlated with the number of sperm ejaculated in the aquarium, suggesting that males may adjust the sperm number expended for each mating by controlling the duration of sperm release. The estimated amount of sperm released per spawning was positively and significantly correlated with the body depth and weight of paired females. This result is consistent with the prediction arising from the sperm allocation hypothesis, and suggests that male medaka may allocate their sperm depending on paired female body depth and weight. However, the number of released sperm did not correlate with the number of spawned eggs, which was positively correlated with body depth and weight of females. These results imply that medaka females may have counter-strategies against sperm allocation by males, and consequently, males might not be able to adjust the number of sperm efficiently. We disscuss our results from the perspective of sexual conflict over sperm as a limited resource."
https://openalex.org/W3096469272,https://doi.org/10.1093/biolinnean/blaa130,Copulatory behaviour increases sperm viability in female spiders,2020,2020-08-04,Biological Journal of the Linnean Society,Franco Cargnelutti; Lucía S. Calbacho-Rosa; Diego Rafael Uñates; Luiz Ernesto Costa‐Schmidt; Alex Córdoba‐Aguilar; Alfredo V. Peretti,9,True,http://hdl.handle.net/11336/141400,cites_W2090428386,"Abstract One remarkable reproductive feature in animals with internal fertilization is a reduction in sperm viability over time in females. Whether this reduction is driven by male–male competition and/or cryptic female choice is unclear. From the perspective of cryptic female choice, we postulated that sperm viability is affected by a particular male copulatory behaviour. In this study, we investigated the following aspects: (1) sperm viability in mated females vs. males; (2) whether sperm viability varies temporally after mating; and (3) whether male copulatory behaviour covaries positively with sperm viability within females. We used the spider Holocnemus pluchei, whose males use several copulatory behaviours to court females. We found that females that stored sperm for 4 or 15 days showed no difference in sperm viability but had lower sperm viability compared with males, and males that performed a longer post-insemination behaviour had higher sperm viability inside the female. It is unclear how sperm viability is reduced and how male post-insemination behaviour affects this. It is possible that extending copulation allows males to induce females to keep sperm alive for longer. This result is predicted by theory whereby males induce females to facilitate sperm to reach and fertilize eggs based on male postcopulatory behaviour."
https://openalex.org/W3113263569,https://doi.org/10.1111/evo.14138,Divergence of responses to variable socio‐sexual environments in laboratory populations of Drosophila melanogaster evolving under altered operational sex ratios,2020,2020-12-15,Evolution,Komal Maggu; Neetika Ahlawat; Manas Geeta Arun; Abhishek Meena; Nagaraj Guru Prasad,9,False,,cites_W2090428386,"Post-copulatory sexual selection (PSS) is an important selective force that determines fitness in polyandrous species. PSS can be intense in some cases and can drive the evolution of remarkable ejaculate properties. In males, investment in ejaculate plays an important role in the outcome of PSS. Thus, males are expected to adaptively tailor their ejaculate according to the perceived competition in their vicinity. Plastic responses in ejaculate investment to variation in intrasexual competition are disparate and widespread in males. We investigated the evolution of plasticity in reproductive traits using Drosophila melanogaster populations evolving for more than 150 generations under male- or female-biased sex ratios. When exposed to different numbers of competitors early in their life, males from these two regimes responded differently in terms of their copulation duration and sperm competitive ability. In addition, the effect of this early life experience wore off at different rates in males of male-biased and female-biased regimes with increasing time from the removal of competitive cues. Furthermore, our study finds that males change their reproductive strategies depending upon the identity of rival males. Together, our results provide evidence of the evolution of male reproductive investment that depends on socio-sexual cues experienced early in life."
https://openalex.org/W4309372924,https://doi.org/10.1093/oso/9780192845368.001.0001,The Badgers of Wytham Woods,2022,2022-11-01,,David W. Macdonald; Chris Newman,9,False,,cites_W2090428386,"Abstract The Wytham badger study was begun in earnest by Hans Kruuk in 1972, with David Macdonald his graduate student, and in turn Chris Newman, David’s graduate student. Fifty years later they have documented the genealogy, births, deaths, and ‘marriages’ of over 1900 individuals. The book is a journey from the particular to the general, developing themes from a model species that grows from the authors’ approach to The Badgers of Wytham Woods: A Model for Behaviour, Ecology, and Evolution. This accessible monograph engages 50 years of primary research woven around the badgers of Wytham Woods (Oxford, UK), covering topics as diverse as life history strategy, climate change biology, genetics, communication, senescence, immunology, endocrinology, and epidemiology. The book begins with aspects of individual behaviour, starting with the birth, early development, and then recruitment of youngsters into their social groups. In the quest to understand badger society and its adaptive significance, following chapters describe social networks, the social dynamics of badgers within those networks, and their communication, to ultimately evaluate the pros and, importantly, cons of group living. The account then turns to the paradoxical relationships between adjoining social groups, and then offers an ecological framework within which to interpret this sociology, explaining how group living can evolve facultatively and benefit a species equally adapted to living much less gregariously under other ecological circumstances. Next the story turns to population levels of analysis, exploring demography, the impacts of density, life history trade-offs (including pace of life theory), and extrinsic factors such as the weather. This population-level sequence of chapters leads to an account of diseases, immunology, and, specifically, the role of badgers as a reservoir for bovine tuberculosis, before moving to yet a different level—molecular. This continues to genetic selection and genealogy, and thence senescence, adding a bookend to the opening account of birth. The concluding chapter sets The Badgers of Wytham Woods in the framework of variation at two levels, intra-specific and inter-specific, which culminates in an exploration of a theme woven throughout the book: how badger society is an emergent outcome of ecology and the environmental conditions they experience, framed by the phylogeny of the Mustelidae and, more broadly, by mammalian evolution."
https://openalex.org/W4390231299,https://doi.org/10.1093/evolut/qpad229,Intra-specific correlations between ejaculate traits and competitive fertilization success: a meta-analysis across species and fertilization modes,2023,2023-12-26,Evolution,Erin L. Macartney; Kyle Morrison; Rhonda R. Snook; Malgorzata Lagisz; Shinichi Nakagawa,9,True,https://academic.oup.com/evolut/advance-article-pdf/doi/10.1093/evolut/qpad229/54869731/qpad229.pdf,cites_W2090428386,"Understanding of how selection can act on traits that improve competitiveness and subsequent paternity has advanced, including the idea that internal and external fertilization presents different environments that may select differentially on ejaculate traits. However, no studies have quantitatively synthesized the intra-specific relationships between these traits and paternity. Therefore, we conducted a meta-analysis across 52 papers to determine which ejaculate traits positively correlate with paternity share and how these correlations vary with fertilization mode. Overall, most ejaculate traits were positively associated with paternity, with the notable exception of sperm length. Sub-analyses on sperm number, sperm length, and sperm velocity revealed no statistical differences between fertilization modes in the relationship between traits and paternity when all effect sizes across species were combined. However, in a sub-analysis on fish species only, we found evidence that sperm velocity may be more important in external fertilizers. We also observed differences in the importance of phylogenetic relatedness and some species-specific differences. Our results suggest that while most ejaculate traits should be under positive directional selection in both internal and external fertilizers, sperm length may be subject to more nuanced selection pressures. Overall, we highlight important patterns of intra-specific relationships between ejaculate traits and competitive fertilization success."
https://openalex.org/W2997712937,https://doi.org/10.1016/j.scitotenv.2019.136341,Differential investment in pre- and post-mating male sexual traits in response to prolonged exposure to ambient UVB radiation in a fish,2019,2019-12-30,The Science of The Total Environment,Simon Vitt; Theo C. M. Bakker; Ingolf P. Rick,8,False,,cites_W2090428386,
https://openalex.org/W2998453601,https://doi.org/10.1038/s41598-019-56071-0,Close-up observations on the spawning behavior of a captive Japanese flying squid (Todarodes pacificus),2019,2019-12-24,Scientific Reports,Jun Yamamoto; Kohsuke Adachi; John R. Bower; Hajime Matsui; Mitsuhiro Nakaya; Ryusei Ohtani; Pandey Puneeta; Satoshi Suzuki; Shun Tokioka; Dharmamony Vijai; Takashi Yanagimoto; Hae-Kyun Yoo,7,True,https://www.nature.com/articles/s41598-019-56071-0.pdf,cites_W2090428386,"The spawning behavior of a Japanese flying squid (Todarodes pacificus) is described based on up-close observation of a captive female. The squid was first transferred from a 10-ton tank to a polystyrene plastic box containing 45 liters of seawater. About one hour later, the mantle-contraction rate increased rapidly, followed by a brief convulsion of the mantle and arms and a whitening of the body. The mantle contractions become shallow and rapid, and several seconds later, semitransparent jelly presumably from the nidamental glands emerged from the funnel and passed between the ventral pair of arms. Approximately 90 seconds after the egg mass first emerged, the female began ejecting oocytes through the funnel into the egg mass using rapid, powerful mantle contractions. Soon after the oocytes were ejected, translucent strands (presumably sperm) emanated from the buccal membrane. The female continued to eject oocytes for approximately two minutes, after which the mantle convulsed, and the mantle-contraction rate decreased slowly for about one minute until the contractions stopped. The squid died soon afterwards."
https://openalex.org/W4286500138,https://doi.org/10.1111/evo.14579,The evolution of the testis transcriptome in pregnant male pipefishes and seahorses,2022,2022-07-21,Evolution,Bernadette D. Johnson; Andrew P. Anderson; Clayton M. Small; Emily Rose; Sarah P. Flanagan; Corey Hendrickson‐Rose; Adam G. Jones,7,False,,cites_W2090428386,"In many animals, sperm competition and sexual conflict are thought to drive the rapid evolution of male-specific genes, especially those expressed in the testes. A potential exception occurs in the male pregnant pipefishes, where females transfer eggs to the males, eliminating testes from participating in these processes. Here, we show that testis-related genes differ dramatically in their rates of molecular evolution and expression patterns in pipefishes and seahorses (Syngnathidae) compared to other fish. Genes involved in testis or sperm function within syngnathids experience weaker selection in comparison to their orthologs in spawning and livebearing fishes. An assessment of gene turnover and expression in the testis transcriptome suggests that syngnathids have lost (or significantly reduced expression of) important classes of genes from their testis transcriptomes compared to other fish. Our results indicate that more than 50 million years of male pregnancy have removed syngnathid testes from the molecular arms race that drives the rapid evolution of male reproductive genes in other taxa."
https://openalex.org/W4399553005,https://doi.org/10.1093/evolut/qpae088,The transfer of male cuticular hydrocarbons provides a reliable cue of the risk and intensity of sperm competition in decorated crickets,2024,2024-06-12,Evolution,Clarissa M. House; Kristin R. Duffield; James Rapkin; Scott K. Sakaluk; John Hunt,6,True,https://doi.org/10.1093/evolut/qpae088,cites_W2090428386,"Theoretically, males should increase their ejaculate expenditure when the probability of sperm competition occurring (or risk) is high but decrease ejaculate expenditure as the number of competing ejaculates (or intensity) increases. Here we examine whether male decorated crickets (Gryllodes sigillatus) use cuticular hydrocarbons (CHCs) transferred to females by rival males at mating to assess the risk and intensity of sperm competition and adjust their ejaculate accordingly. Unmated females and those perfumed with CHCs extracted from one, three, or five males could be distinguished chemically, providing a reliable cue of the risk and intensity of sperm competition. In agreement with theory, males mating with these females increased sperm number with the risk of sperm competition and decreased sperm number with the intensity of sperm competition. Similarly, as the risk of sperm competition increased, males produced a larger and more attractive spermatophylax (an important non-sperm component of the ejaculate) but these traits did not vary with the intensity of sperm competition. Our results therefore demonstrate that both sperm and non-sperm components of the male ejaculate respond to the risk and intensity of sperm competition in different ways and that CHCs provide males with an important cue to strategically tailor their ejaculate."
https://openalex.org/W4402398115,https://doi.org/10.1098/rsos.240734,Microbial biomarkers as indicators of sperm viability in an insect,2024,2024-09-01,Royal Society Open Science,Kathryn B. McNamara; Ashley M. Dungan; Linda L. Blackall; Leigh W. Simmons,6,True,https://royalsocietypublishing.org/rsos/article-pdf/doi/10.1098/rsos.240734/953620/rsos.240734.pdf,cites_W2090428386,"Our understanding of microbial variation in male reproductive tissues is poorly understood, both regarding how it varies spatially across different tissues and its ability to affect male sperm and semen quality. To redress this gap, we explored the relationship between male sperm viability and male gut and reproductive tract microbiomes in the Pacific field cricket, Teleogryllus oceanicus . We selected cohorts of males within our populations with the highest and lowest natural sperm viability and characterized the bacterial microbiota present in the gut, testes, seminal vesicle, accessory glands and the spermatophore (ejaculate) using 16S ribosomal RNA gene metabarcoding. We identified bacterial taxa corresponding to sperm viability, highlighting for the first time an association between the host’s microbial communities and male competitive fertilization success. We also found significant spatial variation in bacterial community structure of reproductive tissue types. Our data demonstrate the importance of considering the microbial diversity of both the host gut and reproductive tract when investigating male fertility in wildlife and potentially human clinical settings."
https://openalex.org/W4328048506,https://doi.org/10.1093/evolut/qpad046,How does the timing of weapon loss influence reproductive traits and trade-offs in the insect Narnia femorata ?,2023,2023-03-21,Evolution,E.V. Greenway; Emily Angelis; Christine W. Miller,5,True,https://doi.org/10.1093/evolut/qpad046,cites_W2090428386,"A longstanding goal of evolutionary biology is to understand among-individual variation in resource allocation decisions and the timing of these decisions. Recent studies have shown that investment in elaborate and costly weapons can result in trade-offs with investment in testes. In this study, we ask the following questions: At what point plasticity in resource allocation to these different structures ceases during development, if at all? Furthermore, can individuals tailor their reproductive behavior to accompany structural changes? We experimentally addressed these questions in the insect Narnia femorata, quantifying resource reallocation across development for the first time, using a phenotypic engineering approach. To investigate whether allocation plasticity diminishes throughout ontogeny, we induced weapon loss at a range of different developmental stages and examined subsequent testes mass and reproductive behavior. We found that relative testes mass increased as weapon investment decreased, implying a direct trade-off between testes and weapon investment. However, autotomy postadulthood ceased to induce larger testes mass. Intriguingly, losing a weapon while young was associated with extended adult mating duration, potentially enabling compensation for reduced fighting ability. Our results highlight the importance of examining the ontogeny of trade-offs between reproductive traits and the flexibility of the relationship between reproductive morphology and behavior."
https://openalex.org/W4400887397,https://doi.org/10.1038/s41467-024-50391-0,Tetrapod sperm length evolution in relation to body mass is shaped by multiple trade-offs,2024,2024-07-22,Nature Communications,Loren Koçillari; Silvia Cattelan; Maria Berica Rasotto; Flavio Seno; Amos Maritan; Andrea Pilastro,5,True,https://doi.org/10.1038/s41467-024-50391-0,cites_W2090428386,"Sperm length is highly variable across species and many questions about its variation remain open. Although variation in body mass may affect sperm length evolution through its influence on multiple factors, the extent to which sperm length variation is linked to body mass remains elusive. Here, we use the Pareto multi-task evolution framework to investigate the relationship between sperm length and body mass across tetrapods. We find that tetrapods occupy a triangular Pareto front, indicating that trade-offs shape the evolution of sperm length in relation to body mass. By exploring the factors predicted to influence sperm length evolution, we find that sperm length evolution is mainly driven by sperm competition and clutch size, rather than by genome size. Moreover, the triangular Pareto front is maintained within endotherms, internal fertilizers, mammals and birds, suggesting similar evolutionary trade-offs within tetrapods. Finally, we demonstrate that the Pareto front is robust to phylogenetic dependencies and finite sampling bias. Our findings provide insights into the evolutionary mechanisms driving interspecific sperm length variation and highlight the importance of considering multiple trade-offs in optimizing reproductive traits."
https://openalex.org/W4409218245,https://doi.org/10.3390/insects16040391,Sterile but Sexy: Assessing the Mating Competitiveness of Irradiated Bagrada hilaris Males for the Development of a Sterile Insect Technique,2025,2025-04-07,Insects,Chiara Elvira Mainardi; Chiara Peccerillo; Sergio Musmeci; Alessandra Paolini; René Sforza; Alessia Cemmi; Ilaria Di Sarcina; Gianfranco Anfora; Daniele Porretta; Francesca Marini; Massimo Cristofaro,5,True,https://www.mdpi.com/2075-4450/16/4/391/pdf?version=1744002477,cites_W2090428386,"Bagrada hilaris (known as painted bug) is a pest native to India, Southeast Asia, and middle and central Africa and was reported as invasive in the southwestern USA, Hawaii, Mexico, South America, and two Mediterranean islands. The feeding activity results in extensive damage to economically important Brassicaceae crops. Among sustainable alternatives to synthetic pesticides, the Sterile Insect Technique (SIT) is considered a promising strategy because it relies on the release of competitive sterile males that can reduce the pest reproduction. In this study, the efficacy of different doses of gamma irradiation (60, 80, and 100 Gy) was evaluated to identify the treatment that would ensure high sterility without compromising the competitiveness of the treated males. Observational tests showed that the doses of 60 Gy and 80 Gy showed no difference in mating times compared to non-irradiated males, in contrast to 100 Gy. Thus, 80 Gy was identified as the most promising dose. For further investigation, tests were conducted under choice and no-choice conditions at 80 Gy for three days. The results showed that irradiated males had a comprehensive higher mating rate than non-irradiated males, and under choice conditions, they were often preferred by females, confirming that SIT has potential as an environment-friendly method for controlling B. hilaris."
https://openalex.org/W4407772237,https://doi.org/10.1093/jeb/voaf017,Inbreeding depression in male reproductive traits,2025,2025-02-20,Journal of Evolutionary Biology,Ramakrishnan Vasudeva; Kris Sales; Matthew J. G. Gage; D. J. Hosken,4,True,https://doi.org/10.1093/jeb/voaf017,cites_W2090428386,"Inbreeding frequently leads to inbreeding depression, a general reduction in trait values and loss of fitness, and it appears that some sexually selected traits are especially sensitive to inbreeding, but sperm may be an exception. Additionally, because inbreeding depression is always in the direction of low fitness, it can reveal the direction of past selection acting on trait values. Here, we experimentally manipulate levels of inbreeding in a beetle (Tribolium castaneum) by full-sib mating for six generations. This breeding design allowed us to track the effects of increasing homozygosity on male reproductive traits (sperm and testes size), male size and lifespan, and reproductive output within inbred families, and on the heritability of these traits. All traits measured showed significant inbreeding depression and heritabilities tended to increase with inbreeding. Since inbreeding resulted in shorter sperm and smaller testes, it suggests that longer sperm and larger testes confer higher fitness in this beetle."
https://openalex.org/W3186888829,https://doi.org/10.1002/jmor.21399,"A possible highway system for the rapid delivery of sperm from the testis to the penis in the naked mole‐rat , Heterocephalus glaber",2021,2021-07-23,Journal of Morphology,Gerhard van der Horst; Sanet H. Kotzé; M. Justin O’Riain; Nolan Muller; Liana Maree,3,False,,cites_W2090428386,"Gametogenesis is suppressed in most members of the eusocial naked mole-rat (NMR) colony, while the queen selects mainly one breeding male during her life span. Recently, it was reported that the NMR testicular organization seems to produce spermatozoa on demand after suppression of spermatogenesis during most of gestation. A Sertoli cell ""pump"" is then used to flush the spermatozoa into short tubuli recti and simplified rete testis to reach the excurrent duct system. We hypothesize that the components of this duct system are adapted for rapid delivery of spermatozoa to the penis and for numerous copulations with the queen. Therefore, the aim was to study the ultrastructure of the male NMR reproductive duct system using light microscopy and transmission electron microscopy. The NMR rete testis gives rise to six to eight efferent tubules joining the caput epididymis. The caput epididymis resembles that of other rodents but with less distinction in terms of histological zoning. The remainder of the epididymis is considerably reduced in length compared to other rodents. In contrast, the vas deferens epithelium is highly specialized in that a vast range of vesicles, often closely associated with the spermatozoa, were visible. The large ampulla is a factory for merocrine and apocrine secretions, producing even more diverse vesicles. The transitional epithelial cells of the bladder appear to secrete abundant mucous and the penis as well as its baculum is relatively small. We speculate that these modifications strongly suggest that the excurrent duct system has been simplified and adjusted to compensate for the absence of long maturation and storage of spermatozoa. We propose that these adaptations to the NMR reproductive tract are associated with a state of degenerative orthogenesis that was selected for due to the absence of sperm competition and apparently rapid delivery of spermatozoa from the testis."
https://openalex.org/W2803605507,https://doi.org/10.1071/rd17431,Sperm morphology of the Rattini – are the interspecific differences due to variation in intensity of intermale sperm competition?,2018,2018-05-17,Reproduction Fertility and Development,Tessa Pahl; H. McLennan; Yun Wang; Anang S. Achmadi; Kevin C. Rowe; Ken Aplin; W. G. Breed,16,False,,cites_W2090428386,"It is widely accepted that in mammals a causal relationship exists between postcopulatory sexual selection and relative testes mass of the species concerned, but how much it determines sperm size and shape is debatable. Here we detailed for the largest murine rodent tribe, the Rattini, the interspecific differences in relative testes mass and sperm form. We found that residual testes mass correlates with sperm head apical hook length as well as its angle, together with tail length, and that within several lineages a few species have evolved highly divergent sperm morphology with a reduced or absent apical hook and shorter tail. Although most species have a relative testes mass of 1-4%, these derived sperm traits invariably co-occur in species with much smaller relative testes mass. We therefore suggest that high levels of intermale sperm competition maintain a sperm head with a long apical hook and long tail, whereas low levels of intermale sperm competition generally result in divergent sperm heads with a short or non-existent apical hook and shorter tail. We thus conclude that sexual selection is a major selective force in driving sperm head form and tail length in this large tribe of murine rodents."
https://openalex.org/W2883398985,https://doi.org/10.1111/jeb.13352,A male's seminal fluid increases later competitors’ productivity,2018,2018-07-14,Journal of Evolutionary Biology,Trinh T. X. Nguyen; Amanda J. Moehring,12,False,,cites_W2090428386,"Polyandrous females allow for sexual selection to persist after mating. In the event that females successfully mate with more than one male, sperm competition can occur. Seminal fluid proteins can indirectly affect a male's success in sperm competition through reducing the remating behaviour of females and can directly influence sperm competition through directly displacing competitor sperm or inducing females to eject it. These direct effects on competitor sperm are thought to contribute to the 'second male advantage', whereby the second male to mate sires the majority of offspring. Here, we show an additional mechanism where seminal proteins already present within a mated female appear to enhance offspring production of later competitor males, and contribute to second male advantage. Counter to expectation, increased offspring production was not due to a priming effect of greater early female productivity, nor was it through a general and consistent increase in offspring production. Instead, enhanced productivity was solely through lengthening the time that offspring are sired by the second male, indicating that seminal proteins from the first male to mate may enhance second male advantage through a presumably unintended protective effect on subsequent competitor sperm."
https://openalex.org/W2768585781,https://doi.org/10.1002/ajpa.23360,A comparison of paternity data and relative testes size as measures of level of sperm competition in the H ominoidea,2017,2017-11-16,American Journal of Physical Anthropology,R. Robin Baker; Todd K. Shackelford,11,False,,cites_W2090428386,"OBJECTIVES: The phrase ""level of sperm competition"" is used only vaguely in the primate literature. There is also little distinction between the important elements of frequency and intensity of sperm competition, largely because the two current forms of measurement (socio-sexual system and relative testes size) are both proxies which allow neither precision nor fine distinctions. Both measures have critics, socio-sexual system in particular being branded subjective, misleading, and changeable. Testes size is considered the more reliable despite its validation resting on correlations with the other, less reliable, proxy. Recently, genetic paternity studies have been mooted to provide a potentially superior third measure of sperm competition but so far lack a formal interpretive framework. Here we use the published and relatively comprehensive genetic field studies of the Hominoidea to develop such a framework. MATERIALS AND METHODS: Formulae are derived to convert paternity data into a direct measure of the frequency, intensity, and overall level of sperm competition. We then compare these measures with relative testes size at the study, species, and phylogenetic levels. RESULTS: A significant correlation between level of sperm competition and relative testes size was obtained at each level. These correlations provide independent support for the continuing use of testes size as a proxy measure when such a measure is sufficient. However, they also suggest that paternity data and our formulae yield a viable alternative measure. DISCUSSION: This alternative measure based on paternity data has a number of advantages. Not only is it a potentially direct measure of the level of sperm competition but it also allows the roles of frequency and intensity to be studied separately when of interest."
https://openalex.org/W2905657466,https://doi.org/10.1093/beheco/ary170,Resource variation generates positive correlations between pre- and postcopulatory sexual traits,2018,2018-11-20,Behavioral Ecology,K. Supriya; Trevor D. Price; Melissah Rowe,11,True,http://hdl.handle.net/10852/71289,cites_W2090428386,"Male fertilization success depends on investment in both pre- and postcopulatory sexually selected traits, and considerable attention has recently been paid to quantifying the strength and direction of covariance between pre- and postcopulatory trait expression. Here, building upon previous sperm competition models, we theoretically investigate how variation in total investment into fertilization success, as well as differences in the form of precopulatory competition, influences the correlation between pre- and postcopulatory traits across species. We find that whenever species differ in the total investment into fertilization, optimal partitioning of investment typically generates positive correlations between sexual traits. This contrasts with the general expectation of a negative correlation based on the trade-off between investment in pre- and postcopulatory traits at the level of an individual. Nonetheless, negative correlations do arise under some conditions, notably when total investment into fertilization is similar across species and species vary in the form of precopulatory male–male competition along a continuum from dyadic contest to scramble competition. These results imply that the assessment of underlying trade-offs between pre- and postcopulatory trait investment requires an evaluation of how overall investment into total fertilization success varies across species."
https://openalex.org/W2803450357,https://doi.org/10.1016/j.aspen.2018.05.007,"Leg impairment affects the reproductive attributes of a ladybird, Menochilus sexmaculatus (Fabricius)",2018,2018-05-21,Journal of Asia-Pacific Entomology,Apoorva Shandilya; Geetanjali Mishra; Omkar Omkar,10,False,,cites_W2090428386,
https://openalex.org/W3043758213,https://doi.org/10.1016/j.anbehav.2020.06.016,Trade-offs of strategic sperm adjustments and their consequences under phenotype–environment mismatches in guppies,2020,2020-07-14,Animal Behaviour,Martina Magris; Isabella Zanata; Sofia Rizzi; Silvia Cattelan; Andrea Pilastro,10,False,,cites_W2090428386,
https://openalex.org/W3081709679,https://doi.org/10.1139/cjfas-2020-0124,Male lake sturgeon (Acipenser fulvescens) migratory and spawning behaviors are associated with sperm quality and reproductive success,2020,2020-09-01,Canadian Journal of Fisheries and Aquatic Sciences,Douglas L. Larson; Jacob G. Kimmel; Joseph J. Riedy; Jonathan Hegna; Edward A. Baker; Kim T. Scribner,10,False,,cites_W2090428386,"Intra-annual reproductive investments may not be predictive of male reproductive success because of the effects of intra- and intersexual interactions on sperm depletion. For long-lived iteroparous fish species such as lake sturgeon (Acipenser fulvescens), reproductive effort may affect lifetime reproductive success. Radio frequency identification antennas were placed at the mouth of the Upper Black River, Michigan, and downstream of spawning locations to quantify male migratory and mating behaviors, including upstream migration time (UT), river residence time (RT), number of intra-annual spawning migrations (IM), interannual spawning interval, and operational sex ratio during 2017–2018. Computer assisted sperm analysis was used to quantify sperm quality. RT had a strong negative influence on sperm concentration and with measures of sperm quality. RT and the number of females encountered were positively associated with male reproductive success (number of offspring sired) across years. RT, IM, and UT were negatively associated with sperm quality, indicating sperm depletion is a reliable measure of sexual activity. Results demonstrate trade-offs between benefits and costs associated with current reproductive effort on future reproduction."
https://openalex.org/W3133969041,https://doi.org/10.3390/cells10030620,Measuring Pre- and Post-Copulatory Sexual Selection and Their Interaction in Socially Monogamous Species with Extra-Pair Paternity,2021,2021-03-11,Cells,Emily R. A. Cramer,9,True,https://www.mdpi.com/2073-4409/10/3/620/pdf?version=1615455568,cites_W2090428386,"When females copulate with multiple males, pre- and post-copulatory sexual selection may interact synergistically or in opposition. Studying this interaction in wild populations is complex and potentially biased, because copulation and fertilization success are often inferred from offspring parentage rather than being directly measured. Here, I simulated 15 species of socially monogamous birds with varying levels of extra-pair paternity, where I could independently cause a male secondary sexual trait to improve copulation success, and a sperm trait to improve fertilization success. By varying the degree of correlation between the male and sperm traits, I show that several common statistical approaches, including univariate selection gradients and paired t-tests comparing extra-pair males to the within-pair males they cuckolded, can give highly biased results for sperm traits. These tests should therefore be avoided for sperm traits in socially monogamous species with extra-pair paternity, unless the sperm trait is known to be uncorrelated with male trait(s) impacting copulation success. In contrast, multivariate selection analysis and a regression of the proportion of extra-pair brood(s) sired on the sperm trait of the extra-pair male (including only broods where the male sired ≥1 extra-pair offspring) were unbiased, and appear likely to be unbiased under a broad range of conditions for this mating system. In addition, I investigated whether the occurrence of pre-copulatory selection impacted the strength of post-copulatory selection, and vice versa. I found no evidence of an interaction under the conditions simulated, where the male trait impacted only copulation success and the sperm trait impacted only fertilization success. Instead, direct selection on each trait was independent of whether the other trait was under selection. Although pre- and post-copulatory selection strength was independent, selection on the two traits was positively correlated across species because selection on both traits increased with the frequency of extra-pair copulations in these socially monogamous species."
https://openalex.org/W3027938833,https://doi.org/10.1098/rspb.2020.0097,Fitness benefits of male dominance behaviours depend on the degree of individual inbreeding in a polyandrous lizard,2020,2020-05-20,Proceedings of the Royal Society B Biological Sciences,Carmen Piza-Roca; David S. Schoeman; Céline Frère,8,True,https://www.ncbi.nlm.nih.gov/pmc/articles/7287366,cites_W2090428386,"In polyandrous species, sexual selection extends beyond mating competition to selection for egg fertilization. As a result, the degree to which factors influencing mating success impact overall reproductive success becomes variable. Here, we used a longitudinal behavioural and genetic dataset for a population of eastern water dragons (Intellagama lesueurii) to investigate the degree to which male dominance, a pre-mating selection trait, influences overall reproductive success, measured as the number of surviving offspring. Moreover, we examine the interactive effects with a genetic trait, individual inbreeding, known to influence the reproductive success of males in this species. We found fitness benefits of male dominance, measured as body size and frequency of dominance behaviours displayed. However, individuals' propensity to display dominance behaviours had mixed effects, depending on the degree of inbreeding. While inbred males benefited from frequent displays, highly outbred males exhibited better reproductive outputs when displaying to a lesser extent. Given that outbred males have enhanced reproductive success in this species, the costs of displaying dominance behaviours may outweigh the benefits. Overall, our results demonstrate the fitness benefits of dominance in a polyandrous lizard, and suggest that these are modulated by an independent genetic trait. Our results may contribute to explaining the presence of alternative mating tactics in this species, owing to the variability in net fitness benefits of dominance. Our findings also reveal the challenges associated with investigating fitness traits in isolation, which may undermine the validity of results when important interactions are ignored."
https://openalex.org/W3080247385,https://doi.org/10.1093/biolinnean/blaa111,Reproductive context of extremely short sperm in the parasitic waspCotesia congregata(Hymenoptera: Braconidae),2020,2020-06-19,Biological Journal of the Linnean Society,Justin P. Bredlau; Ahmed M. El-Sabrout; Christophe Bressac,8,True,https://academic.oup.com/biolinnean/article-pdf/131/2/384/33778233/blaa111.pdf,cites_W2090428386,"Abstract Among adaptive traits under sexual selection, the length of spermatozoa shows high interspecific variation. In insects, extremes exist for both short and long sperm. The spermatozoa of the endoparasitic wasp Cotesia congregata (Say) are the shortest flagellated sperm described in animals, 6.6 µm in length. By comparison, the sperm of Drosophila bifurca are almost 6000 times longer. Thus, C. congregata has the potential to shed light on the selection pressures that drive variation in sperm length in relation to their production and use. The reproductive organs, sperm counts, controlled oviposition and sex ratios were investigated. The testes showed stratified differentiation stages of spermatogenesis, and sperm counts revealed continuous spermatogenesis in the late pupal stage. The small female spermatheca stored ~1000 sperm, resulting in an extremely high sperm concentration. The number of progeny per brood decreased over time until depletion of eggs. Females produced up to 370 daughters, corresponding to the effective use of 34% of the average sperm stock. Haploid males made up a greater proportion of broods in later parasitisms. Sperm miniaturization may be an adaptation to transfer increased quantities for the entire reproductive life of females in the absence of sperm competition but in the reduced space offered by the spermatheca."
https://openalex.org/W3084372873,https://doi.org/10.1016/j.aquaculture.2020.735929,Sperm competition in golden cuttlefish Sepia esculenta: The impact of mating order and male size,2020,2020-09-10,Aquaculture,Haoyu Guo; Dongxue Zhang; Liang Wang; Wentao Li; Pingguo He; Joacim Näslund; Xiumei Zhang,8,False,,cites_W2090428386,
https://openalex.org/W4206462515,https://doi.org/10.3390/cells11020231,Sperm Numbers as a Paternity Guard in a Wild Bird,2022,2022-01-11,Cells,Melissah Rowe; Annabel van Oort; Lyanne Brouwer; Jan T. Lifjeld; Michael S. Webster; Joseph F. Welklin; Daniel T. Baldassarre,7,True,https://www.mdpi.com/2073-4409/11/2/231/pdf?version=1644231067,cites_W2090428386,"Sperm competition is thought to impose strong selection on males to produce competitive ejaculates to outcompete rival males under competitive mating conditions. Our understanding of how different sperm traits influence fertilization success, however, remains limited, especially in wild populations. Recent literature highlights the importance of incorporating multiple ejaculate traits and pre-copulatory sexually selected traits in analyses aimed at understanding how selection acts on sperm traits. However, variation in a male’s ability to gain fertilization success may also depend upon a range of social and ecological factors that determine the opportunity for mating events both within and outside of the social pair-bond. Here, we test for an effect of sperm quantity and sperm size on male reproductive success in the red-back fairy-wren (Malurus melanocephalus) while simultaneously accounting for pre-copulatory sexual selection and potential socio-ecological correlates of male mating success. We found that sperm number (i.e., cloacal protuberance volume), but not sperm morphology, was associated with reproductive success in male red-backed fairy-wrens. Most notably, males with large numbers of sperm available for copulation achieved greater within-pair paternity success. Our results suggest that males use large sperm numbers as a defensive strategy to guard within-pair paternity success in a system where there is a high risk of sperm competition and female control of copulation. Finally, our work highlights the importance of accounting for socio-ecological factors that may influence male mating opportunities when examining the role of sperm traits in determining male reproductive success."
https://openalex.org/W4225416435,https://doi.org/10.1098/rsbl.2022.0058,The spatial and temporal distribution of females influence the evolution of testes size in Australian rodents,2022,2022-05-01,Biology Letters,Renée C. Firman; Dustin R. Rubenstein; Bruno A. Buzatto,6,True,https://doi.org/10.1098/rsbl.2022.0058,cites_W2090428386,"Male-male competition after mating (sperm competition) favours adaptations in male traits, such as elevated sperm numbers facilitated by larger testes. Ultimately, patterns of female distribution will affect the strength of sperm competition by dictating the extent to which males are able to prevent female remating. Despite this, our understanding of how the spatial and temporal distributions of mating opportunities have shaped the evolutionary course of sperm competition is limited. Here, we use phylogenetic comparative methods to explore interspecific variation in testes size in relation to patterns of female distribution in Australian rodents. We find that as mating season length (temporal distribution of females) increases, testes size decreases, which is consistent with the idea that it is difficult for males to prevent females from remating when overlap among oestrous females is temporally concentrated. Additionally, we find that social species (spatially clustered) have smaller testes than non-social species (spatially dispersed). This result suggests that males may be effective in monopolizing reproduction within social groups, which leads to reduced levels of sperm competition relative to non-social species where free-ranging females cannot be controlled. Overall, our results show that patterns of female distribution, in both space and time, can influence the strength of post-mating sexual selection among species."
https://openalex.org/W4291997133,https://doi.org/10.1111/jeb.14073,Sperm competition in yellow dung flies: No consistent effect of sperm size,2022,2022-08-16,Journal of Evolutionary Biology,Ane T. Laugen; David J. Hosken; Klaus Reinhold; Gioia A. Schwarzenbach; Paquita E. A. Hoeck; Luc F. Bussière; Wolf U. Blanckenhorn; Stefan Lüpold,6,True,https://onlinelibrary.wiley.com/doi/pdfdirect/10.1111/jeb.14073,cites_W2090428386,"The male competition for fertilization that results from female multiple mating promotes the evolution of increased sperm numbers and can impact sperm morphology, with theory predicting that longer sperm can at times be advantageous during sperm competition. If so, males with longer sperm should sire more offspring than competitors with shorter sperm. Few studies have directly tested this prediction, and findings are inconsistent. Here we assessed whether longer sperm provide a competitive advantage in the yellow dung fly (Scathophaga stercoraria; Diptera: Scathophagidae). Initially, we let brothers with different temperature-mediated mean sperm lengths compete - thus minimizing confounding effects of genetic background - and found no clear advantage of longer sperm. We then used flies from lines subjected to bidirectional selection on phenoloxidase activity that had shown correlated evolutionary responses in sperm and female spermathecal duct lengths. This experiment also yielded no main effect of sperm size on siring success. Instead, there was a trend for a shorter-sperm advantage, but only when competing in females with longer spermathecal ducts. Our data corroborated many previously reported findings (last-male precedence, effects of copula duration and body size), suggesting our failure to find sperm size effects is not inherently due to our experimental protocols. We conclude that longer sperm are not competitively superior in yellow dung flies under most circumstances, and that, consistent with previous work, in this species competitive fertilization success is primarily determined by the relative numbers of sperm competing."
https://openalex.org/W2902409294,https://doi.org/10.1071/rd18278,Interspecific diversity of testes mass and sperm morphology in the Philippine chrotomyine rodents: implications for differences in breeding systems across the species,2018,2018-11-26,Reproduction Fertility and Development,W. G. Breed; Hazirah Hassan; Macarena B. Gonzalez; H. McLennan; Chris Leigh; Lawrence R. Heaney,5,False,,cites_W2090428386,"The high diversity of native Philippine murid rodents includes an old endemic group, the chrotomyines, which are the sister group of the Australasian hydromyines. Herein we detail their interspecific diversity of relative testes mass (RTM) and sperm morphology. We find that in chrotomyines, as in the Australasian hydromyines, testes mass relative to body mass differs by an order of magnitude across the species and ranges from a large RTM in Soricomys and Chrotomys species to a small RTM in Apomys. Sperm morphology is associated with these findings, with individuals in species of Soricomys and Chrotomys producing relatively larger spermatozoa with a prominent apical hook and long tail, whereas, by contrast, the Apomys species have a sperm head that either has a very short or no apical hook and a shorter tail. These findings indicate coevolution of RTM with sperm morphological traits across the species, with the marked interspecific differences in RTM suggesting differences in the intensity of intermale sperm competition and hence breeding system. Thus, we hypothesise that species of Soricomys and Chrotomys that produce more streamlined spermatozoa with longer tails have a polyandrous or promiscuous mating system, whereas the Apomys species, which produce smaller and less streamlined spermatozoa, may exhibit monogamy."
https://openalex.org/W3015346947,https://doi.org/10.1111/jzo.12779,"Morphological diversity of the spermatozoon and male reproductive tract in Australian Hopping mice, genus Notomys – is it determined by sexual selection?",2020,2020-04-07,Journal of Zoology,W. G. Breed; Xiaodan Ding; Jonathan Tuke; Chris Leigh,5,False,,cites_W2090428386,"Abstract Hopping mice (Genus Notomys) are a monophyletic group of Australian Old Endemic murid rodents in the Tribe Hydromyini four of which, Notomys alexis, N. mitchellii, N. fuscus and N cervinus, occur in arid or semiarid environments. Here, we compare the size and morphology of their testes, spermatozoa, accessory sex glands and external genitalia across the species, and from these data, we draw conclusions as to their likely breeding systems. We show that both wild caught and laboratory bred adult N. alexis, N. fuscus and N. mitchellii individuals have extremely small testes, but their spermatozoa vary in morphology across the species. The ventral prostate is the only large accessory sex gland present, and their glans penis has very large spines. By contrast N. cervinus individuals have significantly larger testes with their spermatozoa being less variable but generally more complex in morphology, their seminal vesicles and coagulating glands are much larger, whereas the glans penis has only small spines. Since these reproductive traits in N. cervinus are more similar to those of most other hydromyine rodents in the genus Pseudomys, they are likely to reflect the retention of the ancestral condition within the Notomys lineage whereas the divergent reproductive traits of the other species of tiny testes, variable sperm, small seminal vesicles and coagulating glands and large penile spines are probably more recently derived traits. It is suggested that N. cervinus with its relatively larger testes mass and greater abundance of sperm of more consistent morphology has retained a mating system that may potentially involve some intermale sperm competition whereas, by contrast, the reproductive anatomy of the other three Notomys species suggests that these species exhibit monogamy."
https://openalex.org/W4313473052,https://doi.org/10.3390/cells12010159,On the Origin and Evolution of Sperm Cells,2022,2022-12-30,Cells,Heidi S. Fisher; Eduardo R. S. Roldán; Tomer Avidor‐Reiss; Melissah Rowe,5,True,https://www.mdpi.com/2073-4409/12/1/159/pdf?version=1672392596,cites_W2090428386,Sperm cells have intrigued biologists since they were first observed nearly 350 years ago by Antonie van Leeuwenhoek and Johan Ham [...].
https://openalex.org/W4386624645,https://doi.org/10.1111/brv.13012,Defence against the intergenerational cost of reproduction in males: oxidative shielding of the germline,2023,2023-09-12,Biological reviews/Biological reviews of the Cambridge Philosophical Society,Graham Birch; Magali Meniri; Michael A. Cant; Jonathan D. Blount,5,True,https://onlinelibrary.wiley.com/doi/pdfdirect/10.1111/brv.13012,cites_W2090428386,"Reproduction is expected to carry an oxidative cost, yet in many species breeders appear to sustain lower levels of oxidative damage compared to non-breeders. This paradox may be explained by considering the intergenerational costs of reproduction. Specifically, a reduction in oxidative damage upon transitioning to a reproductive state may represent a pre-emptive shielding strategy to protect the next generation from intergenerational oxidative damage (IOD) - known as the oxidative shielding hypothesis. Males may be particularly likely to transmit IOD, because sperm are highly susceptible to oxidative damage. Yet, the possibility of male-mediated IOD remains largely uninvestigated. Here, we present a conceptual and methodological framework to assess intergenerational costs of reproduction and oxidative shielding of the germline in males. We discuss variance in reproductive costs and expected payoffs of oxidative shielding according to species' life histories, and the expected impact on offspring fitness. Oxidative shielding presents an opportunity to incorporate intergenerational effects into the advancing field of life-history evolution."
https://openalex.org/W4400831197,https://doi.org/10.1016/b978-0-443-16009-7.00009-8,Testicular function and hormonal regulation in fishes,2024,2024-01-01,Elsevier eBooks,Rafael Henrique Nóbrega; Jean-Jacques Lareyre,4,True,http://doi.org/10.1016/B978-0-443-16009-7.00009-8,cites_W2090428386,
https://openalex.org/W2901181862,https://doi.org/10.1111/jeb.13403,Releasing small ejaculates slowly increases per-gamete fertilization success in an external fertilizer: Galeolaria caespitosa (Polychaeta: Serpulidae),2018,2018-11-21,Journal of Evolutionary Biology,Colin Olito; Dustin J. Marshall,3,False,,cites_W2090428386,"The idea that male reproductive strategies evolve primarily in response to sperm competition is almost axiomatic in evolutionary biology. However, externally fertilizing species, especially broadcast spawners, represent a large and taxonomically diverse group that have long challenged predictions from sperm competition theory-broadcast spawning males often release sperm slowly, with weak resource-dependent allocation to ejaculates despite massive investment in gonads. One possible explanation for these counter-intuitive patterns is that male broadcast spawners experience strong natural selection from the external environment during sperm dispersal. Using a manipulative experiment, we examine how male reproductive success in the absence of sperm competition varies with ejaculate size and rate of sperm release, in the broadcast spawning marine invertebrate Galeolaria caespitosa (Polychaeta: Serpulidae). We find that the benefits of Fast or Slow sperm release depend strongly on ejaculate size, but also that the per-gamete fertilization rate decreases precipitously with ejaculate size. Overall, these results suggest that, if males can facultatively adjust ejaculate size, they should slowly release small amounts of sperm. Recent theory for broadcast spawners predicts that sperm competition can also select for Slow release rates. Taken together, our results and theory suggest that selection often favours Slow ejaculate release rates whether males experience sperm competition or not."
https://openalex.org/W4392107259,https://doi.org/10.1016/j.anbehav.2024.01.022,The value in the details: copulatory courtship behaviour in soldier flies and bean beetles,2024,2024-02-23,Animal Behaviour,Flavia Barbosa,3,False,,cites_W2090428386,
https://openalex.org/W7129014699,https://doi.org/10.1002/ece3.73115,Perivitelline Membrane‐Bound Sperm as a Source of Paternal Genomic DNA to Inform Breeding Male Marine Turtle Genetics and Demographics,2026,2026-02-01,Ecology and Evolution,Brian M. Shamblin; Cheryl Sanchez; Sean M. Perry; Simona A. Ceriani,1,True,https://onlinelibrary.wiley.com/doi/pdfdirect/10.1002/ece3.73115,cites_W2090428386,"ABSTRACT Sex in marine turtles is determined by incubation conditions, raising concerns of population feminization and loss of genetic diversity due to warming temperatures. Demographic data on breeding males are limited due to their relative inaccessibility. Hatchling sampling can inform multiple paternity (MP) and breeding sex ratios (BSR) but is logistically intensive, limiting the number of nests and populations analyzed. Here, we present a novel approach to characterize successfully breeding males by genotyping sperm trapped in the perivitelline membrane (PVM) surrounding the yolk of a single egg per clutch. We compared maternal genotypes via eggshells with PVM extract genotypes from 27 loggerhead turtle ( Caretta caretta ) eggs and 13 green turtle ( Chelonia mydas ) eggs from Melbourne Beach, Florida, USA, at 16 and 13 microsatellite loci, respectively. Sampled offspring genotypes (620 loggerhead and 1117 green turtle) provided ground‐truthing of PVM sperm allele detections. Paternity analyses resolved 38 loggerhead and 29 green turtle sires, all but two of which were correctly inferred via PVM allele calls. All paternal alleles representing single paternity clutches and primary contributors of multiply sired clutches were detected in the PVM genotypes except in one case of maternal DNA swamping of the PVM. Seven of eight sires that contributed ≤ 11% of offspring were detected via PVM genotyping, comparable to inferences based on sampling 20 hatchlings per nest. PVM‐inferred paternal genotypes from single‐paternity clutches were > 99% concordant with reconstructed sire genotypes in both species. Although destructive to a single egg per clutch, this method is non‐invasive to nesting females and hatchlings. Its scalability across space and time enables long‐term monitoring of MP and BSR, key demographic metrics for assessing population viability under climate change. Male genotypes generated from the PVM in single paternity nests may also inform population assignment, assessments of genetic connectivity, and relatedness analyses."
https://openalex.org/W2804704016,https://doi.org/10.1007/s10682-018-9940-9,Male nutritional history affects female fecundity in a male-dimorphic mite: Evidence for a nuptial gift?,2018,2018-05-24,Evolutionary Ecology,Tom Van Den Beuken; Isabel M. Smallegange,9,True,https://link.springer.com/content/pdf/10.1007/s10682-018-9940-9.pdf,cites_W2090428386,"In male-dimorphic species, males are often either armoured ‘majors’ that can monopolise access to females, or unarmoured and defenceless ‘minors’ that cannot. However, majors, unlike minors, have to spend energy to maintain their weaponry. Like-for-like, this could mean that minors have relatively more energy available to increase their reproductive output through e.g. sperm competition, or the transference of nutrients by means of a nuptial gift. Such a fitness advantage to minors could therefore contribute to explaining the coexistence of both morphs in single populations. We tested if food-deprived females of the male-dimorphic bulb mite Rhizoglyphus robini produced more eggs when mated to a minor or to a major male, and whether egg production depended on whether their mates were starved or fed prior to mating. We found no effect of male morph on female fecundity, but females did produce more eggs when mated to previously fed males. We also found that females increased in mass, but males decreased in mass over the course of the experiment. From these observations we infer that fed males are able to transfer nutrients, a nuptial gift, to their mate. This is the first observation to suggest nuptial gift transfer in mites. Though males of both morphs appeared able to produce nuptial gifts; other factors, like habitat complexity, should be considered to identify fitness benefits of minor over major males to understand why the two morphs coexist."
https://openalex.org/W3006670467,https://doi.org/10.1093/beheco/araa001,Strong sexual selection despite spatial constraints on extrapair paternity,2020,2020-01-14,Behavioral Ecology,Emily R. A. Cramer; Emma I. Greig; Sara A. Kaiser,8,True,https://academic.oup.com/beheco/article-pdf/31/3/618/33405865/araa001.pdf,cites_W2090428386,"Abstract Extrapair paternity should contribute to sexual selection by increasing the number of potential mates available to each individual. Potential copulation partners are, however, limited by their proximity. Spatial constraints may therefore reduce the impact of extrapair paternity on sexual selection. We tested the effect of spatial constraints on sexual selection by simulating extrapair copulations for 15 species of socially monogamous songbirds with varying rates of extrapair paternity. We compared four metrics of sexual selection between simulated populations without spatial constraints and populations where extrapair copulations were restricted to first- and second-order neighbors. Counter to predictions, sexual selection as measured by the Bateman gradient (the association between the number of copulation partners and offspring produced) increased under spatial constraints. In these conditions, repeated extrapair copulations between the same individuals led to more offspring per copulation partner. In contrast, spatial constraints did somewhat reduce sexual selection—as measured by the opportunity for selection, s’max, and the selection gradient on male quality—when the association between simulated male quality scores and copulation success (e.g., female preferences or male–male competition) was strong. Sexual selection remained strong overall in those populations even under spatial constraints. Spatial constraints did not substantially reduce sexual selection when the association between male quality and copulation success was moderate or weak. Thus, spatial constraints on extrapair copulations are insufficient to explain the absence of strong selection on male traits in many species."
https://openalex.org/W2605262203,https://doi.org/10.1111/mec.14089,Paternity analysis of wild‐caught females shows that sperm package size and placement influence fertilization success in the bushcricket P holidoptera griseoaptera,2017,2017-04-07,Molecular Ecology,Darren J. Parker; Julia Zaborowska; Michael G. Ritchie; Karim Vahed,5,False,,cites_W2090428386,"In species where females store sperm, males may try to influence paternity by the strategic placement of sperm within the female's sperm storage organ. Sperm may be mixed or layered in storage organs, and this can influence sperm use beyond a 'fair raffle'. In some insects, sperm from different matings is packaged into discrete packets (spermatodoses), which retain their integrity in the female's sperm storage organ (spermatheca), but little is known about how these may influence patterns of sperm use under natural mating conditions in wild populations. We examined the effect of the size and position of spermatodoses within the spermatheca and number of competing ejaculates on sperm use in female dark bushcrickets (Pholidoptera griseoaptera) that had mated under unmanipulated field conditions. Females were collected near the end of the mating season, and seven hypervariable microsatellite loci were used to assign paternity of eggs laid in the laboratory. Females contained a median of three spermatodoses (range 1-6), and only six of the 36 females contained more than one spermatodose of the same genotype. Both the size and relative placement of the spermatodoses within the spermatheca had a significant effect on paternity, with a bias against smaller spermatodoses and those further from the single entrance/exit of the spermatheca. A higher number of competing males reduced the chances of siring offspring for each male. Hence, both spermatodose size and relative placement in the spermatheca influence paternity success."
https://openalex.org/W4281643308,https://doi.org/10.1098/rsbl.2021.0652,Experimental evolution under varying sex ratio and nutrient availability modulates male mating success in Drosophila melanogaster,2022,2022-06-01,Biology Letters,Irem Sepil; Jennifer C. Perry; Alice Dore; Tracey Chapman; Stuart Wigby,5,True,https://doi.org/10.1098/rsbl.2021.0652,cites_W2090428386,"Biased population sex ratios can alter optimal male mating strategies, and allocation to reproductive traits depends on nutrient availability. However, there is little information on how nutrition interacts with sex ratio to influence the evolution of pre-copulatory and post-copulatory traits separately. To address this omission, we test how male mating success and reproductive investment evolve under varying sex ratios and adult diet in Drosophila melanogaster, using experimental evolution. We found that sex ratio and nutrient availability interacted to determine male pre-copulatory performance. Males from female-biased populations were slow to mate when they evolved under protein restriction. By contrast, we found direct and non-interacting effects of sex ratio and nutrient availability on post-copulatory success. Males that evolved under protein restriction were relatively poor at suppressing female remating. Males that evolved under equal sex ratios fathered more offspring and were better at supressing female remating, relative to males from male-biased or female-biased populations. These results support the idea that sex ratios and nutrition interact to determine the evolution of pre-copulatory mating traits, but independently influence the evolution of post-copulatory traits."
https://openalex.org/W2912067544,https://doi.org/10.1093/beheco/ary160,Extrapair mating and the strength of sexual selection: insights from a polymorphic species,2018,2018-11-07,Behavioral Ecology,Andrea S. Grunst; Melissa L. Grunst; Marisa L. Korody; Lindsay M. Forrette; Rusty A. Gonser; Elaine M Tuttle,4,True,https://www.ncbi.nlm.nih.gov/pmc/articles/6450205,cites_W2090428386,"), to examine how extrapair mating affects the potential for sexual selection. In this species, the morphs employ distinct reproductive strategies, with white males pursuing extrapair mating at higher rates than tan counterparts. Social and extrapair mating is disassortative by morph, with paternity exchange occurring primarily between pairs composed of white males and tan females. Bateman gradients and Jones indexes indicated stronger sexual selection via mate numbers in white males than in females and tan males, and generally did not differ between females as compared with tan males. Extrapair mating contributed more to the Bateman gradient for white than tan males, and white males also had higher variance in annual reproductive success. However, variance in lifetime reproductive success did not differ between morphs or sexes. Moreover, extrapair mating did not increase variance in male reproductive success relative to apparent patterns, and within-pair success accounted for much more variance than extrapair success. Thus, extrapair mating by white males increases Bateman gradients and the potential for sexual selection via mate numbers. However, our latter results support previous research suggesting that extrapair mating may play a limited role in driving the overall potential for sexual selection."
https://openalex.org/W4223656078,https://doi.org/10.1002/ar.24928,Sperm morphology and testicular histology of the polyandric species Leptodactylus podicipinus (Anura: Leptodactylidae) from an urban environment,2022,2022-04-02,The Anatomical Record,Rafael Oliveira Bordin; Carlos Eurico Fernandes; Lilian Franco‐Belussi; Taynara R. F. Leão; Marciana Sanabria,3,True,http://doi.org/10.1002/ar.24928,cites_W2090428386,"Anurans have a high reproductive diversity, which is closely associated with testicular dynamics and sperm production. This variety in reproduction is modulated by the sexual characteristics of reproductive strategies, such as polyandry. Leptodactylus podicipinus has high reproductive plasticity, wide geographical distribution, and polyandric behavior. Although aspects of the testes and sperm of this species are known, knowledge about the relationship between these aspects and reproductive investment is scarce. The present study evaluated the morphological characteristics of the testes and sperm in an urban environment. We used 11 sexually mature males from the city of Campo Grande, Mato Grosso do Sul, Brazil. The specimens were obtained from night excursions between April and September, the months that constitute the post-rainy season. The biometric data (snout-vent length, testes, and body mass) were associated with sperm parameters (length of the spermatozoon head and tail). Stereological analyses of sperm morphology and the testes were performed. The results showed correlations between testis mass and spermatozoon length, which were positively related to head length and negatively related to tail length. The locular area and tail length were also negatively correlated. The percentage of normal spermatozoa was 97%; however, some sperm heads and tails exhibited different morphologies from the pattern described for the species. The germinative structure comprised more than 50% of the locular area composed of spermatozoa. The results of this study contribute to the knowledge of aspects related to the reproductive biology of L. podicipinus obtained from an urban environment."
https://openalex.org/W7125598111,https://doi.org/10.1002/ece3.72985,Thirty Years of the Biology of Spermatozoa: The Rise and Future of an Evolutionary Paradigm,2026,2026-01-01,Ecology and Evolution,Leigh W. Simmons,1,True,https://onlinelibrary.wiley.com/doi/pdfdirect/10.1002/ece3.72985,cites_W2090428386,"In the early 1970s, Geoff Parker recognised that because females frequently mate with multiple males, competition for fertilizations will impose significant sexual selection on males and their ejaculates. Post-mating sexual selection has since developed into a significant evolutionary paradigm, in no small part fostered by the biennial meeting of the Biology of Spermatozoa (BoS) community. BoS celebrated its thirtieth anniversary in 2025, prompting reflection on the development of the discipline and its future. The paradigm has shifted from one focused predominantly on competition among males for fertilizations to a holistic appreciation of the role of females and ova in determining fertilisation success, and the interacting effects of males and females on fertilisation outcomes. The field has transitioned from a phenotypic focus to one in which omics are yielding unprecedented insight into the biology of sperm, ova and male and female reproductive fluids that affect fertilisation dynamics. Understanding sperm biology has become a strongly interdisciplinary venture, fostered by the BoS meetings. Key discoveries over the last 30 years are highlighted and areas for future development identified. The history of this field highlights the critical role played by small, focused meetings and workshops."
https://openalex.org/W2972599858,https://doi.org/10.1016/j.anbehav.2019.08.013,Sperm competition tactics shape paternity: adaptive role of extremely long copulations in a wolf spider,2019,2019-09-15,Animal Behaviour,Balázs Kiss; Zoltán Rádai; Søren Toft; Ferenc Samu,7,False,,cites_W2090428386,
https://openalex.org/W3080804774,https://doi.org/10.1016/j.theriogenology.2020.08.030,Factors influencing parentage ratio in canine dual-sired litters,2020,2020-08-25,Theriogenology,Fiona Hollinshead; M. Ontiveros; Judah Burns; Christianne Magee; D.W. Hanlon,5,False,,cites_W2090428386,
https://openalex.org/W2992988127,https://doi.org/10.1007/s00265-019-2776-7,Do male seminal donations shape female post-mating receptivity in a usually monandrous moth?,2019,2019-12-01,Behavioral Ecology and Sociobiology,Luis M. Torres‐Vila; F. Javier Mendiola‐Díaz; A. Cristina Echave-Sanabria,4,False,,cites_W2090428386,
https://openalex.org/W3179630407,https://doi.org/10.1093/beheco/arab026,How biases in sperm storage relate to sperm use during oviposition in female yellow dung flies,2021,2021-03-08,Behavioral Ecology,Marco Demont; Paul I. Ward; Wolf U. Blanckenhorn; Stefan Lüpold; Oliver Y Martin; Luc F. Bussière,4,False,,cites_W2090428386,"Abstract Precise mechanisms underlying sperm storage and utilization are largely unknown, and data directly linking stored sperm to paternity remain scarce. We used competitive microsatellite PCR to study the effects of female morphology, copula duration and oviposition on the proportion of stored sperm provided by the second of two copulating males (S2) in Scathophaga stercoraria (Diptera: Scathophagidae), the classic model for sperm competition studies. We genotyped all offspring from potentially mixed-paternity clutches to establish the relationship between a second male’s stored sperm (S2) and paternity success (P2). We found consistent skew in sperm storage across the three female spermathecae, with relatively more second-male sperm stored in the singlet spermatheca than in the doublet spermathecae. S2 generally decreased with increasing spermathecal size, consistent with either heightened first-male storage in larger spermathecae, or less efficient sperm displacement in them. Additionally, copula duration and several two-way interactions influenced S2, highlighting the complexity of postcopulatory processes and sperm storage. Importantly, S2 and P2 were strongly correlated. Manipulation of the timing of oviposition strongly influenced observed sperm-storage patterns, with higher S2 when females laid no eggs before being sacrificed than when they oviposited between copulations, an observation consistent with adaptive plasticity in insemination. Our results identified multiple factors influencing sperm storage, nevertheless suggesting that the proportion of stored sperm is strongly linked to paternity (i.e., a fair raffle). Even more detailed data in this vein are needed to evaluate the general importance of sperm competition relative to cryptic female choice in postcopulatory sexual selection."
https://openalex.org/W2947651646,https://doi.org/10.1007/s00442-019-04422-z,"Enhanced ambient UVB radiation affects post-mating, but not pre-mating sexual traits in a fish",2019,2019-05-27,Oecologia,Simon Vitt; Marion Mehlis-Rick; Theo C. M. Bakker; Ingolf P. Rick,3,False,,cites_W2090428386,
https://openalex.org/W2996383071,https://doi.org/10.1111/jeb.13579,Assessing the potential for post‐ejaculatory female choice in a polyandrous beach‐spawning fish,2019,2019-12-20,Journal of Evolutionary Biology,Dara N. Orbach; Anna C. Rooke; Jonathan P. Evans; Trevor E. Pitcher; Craig F. Purchase,3,True,https://onlinelibrary.wiley.com/doi/pdfdirect/10.1111/jeb.13579,cites_W2090428386,"In species with limited opportunities for pre-ejaculatory sexual selection (behavioural components), post-ejaculatory mechanisms may provide opportunities for mate choice after gametes have been released. Recent evidence from a range of taxa has revealed that cryptic female choice (i.e., female-mediated differential fertilization bias), through chemical cues released with or from eggs, can differentially regulate the swimming characteristics of sperm from various males and ultimately determine male fertilization success under sperm competition. We assessed the potential role that such female-modulated chemical cues play in influencing sperm swimming characteristics in beach-spawning capelin (Mallotus villosus), an externally fertilizing fish that mates as couples (one male and one female) or threesomes (two males and one female) with presumably limited opportunities for pre-ejaculatory sexual selection. We assayed sperm swimming characteristics under varying doses and donor origins of egg cues and also examined the possibility of assortative mating based on body size. We found mating groups were not associated by size, larger males did not produce better quality ejaculates, and egg cues (regardless of dosage or donor identity) did not influence sperm swimming characteristics. Our findings suggest that intersexual pre-ejaculatory sexual selection and cryptic female choice mediated by female chemical cues are poorly developed in capelin, possibly due to unique natural selection constraints on reproduction."
https://openalex.org/W4367054928,https://doi.org/10.1098/rspb.2022.2452,Intergenerational response to sperm competition risk in an invasive mammal,2023,2023-04-26,Proceedings of the Royal Society B Biological Sciences,Renée C. Firman; Gonçalo I. André; Jessica H. Hadlow; Leigh W. Simmons,3,True,https://doi.org/10.1098/rspb.2022.2452,cites_W2090428386,"Studies of socially mediated phenotypic plasticity have demonstrated adaptive male responses to the 'competitive' environment. Despite this, whether variation in the paternal social environment also influences offspring reproductive potential in an intergenerational context has not yet been examined. Here, we studied the descendants of wild-caught house mice, a destructive pest species worldwide, to address this knowledge gap. We analysed traits that define a 'competitive' phenotype in the sons of males (sires) that had been exposed to either a high-male density (competitive) or high-female density (non-competitive) environment. We report disparate reproductive strategies among the sires: high-male density led to a phenotype geared for competition, while high-female density led to a phenotype that would facilitate elevated mating frequency. Moreover, we found that the competitive responses of sires persisted in the subsequent generation, with the sons of males reared under competition having elevated sperm quality. As all sons were reared under common-garden conditions, variation in their reproductive phenotypes could only have arisen via nongenetic inheritance. We discuss our results in relation to the adaptive advantage of preparing sons for sperm competition and suggest that intergenerational plasticity is a previously unconsidered aspect in invasive mammal fertility control."
https://openalex.org/W4376273740,https://doi.org/10.1093/beheco/arad035,Male and female Brandt’s voles have higher reproductive success when they have more mating partners regardless of population density,2023,2023-05-12,Behavioral Ecology,Xin Zhang; Renée C. Firman; Mingjing Song; Guoliang Li; Chaoyuan Cheng; Jing Liu; Shu‐Li Huang; Erdenetuya Batsuren; Zhibin Zhang,1,False,,cites_W2090428386,"Abstract Although population density and body mass are known to alter the mating strategies of individuals, their impacts on reproductive success have not been fully investigated. We examined genetic mating system variation (estimated number of mating partners), reproductive success (offspring number), and sperm competition intensity (sires per litter) in semi-natural populations of Brandt’s voles (Lasiopodomys brandtii) under low-, medium- and high-densities. We used 12 microsatellite genetic markers and parentage assignment of 3516 voles, with the aim of identifying the estimated number of mating partners and offspring produced by founder individuals. We provided strong evidence that individuals with more mating partners experienced increased reproductive success in all density groups, as measured by the production of more offspring, compared with individuals that had fewer mating partners. Further, we found that large males had more mating partners (especially in high-population density enclosures) and also produced more offspring relative to smaller males. In high-density (HD) enclosures, the average reproductive success per female vole was lower (a negative density-dependent effect), but voles had more mating partners, more sires per litter, but lower paternity skew compared to low-density enclosures. Our results suggests that Brandt’s voles increased reproductive success through increasing mating partners under HD stress which may have significant implications in offsetting the negative density-dependency effect on population growth."
https://openalex.org/W4388531261,https://doi.org/10.1007/978-3-031-23880-2_4,Mating Behaviour,2023,2023-01-01,,Rebecca A. Boulton; Ian C.W. Hardy; Michael T. Siva‐Jothy; Paul J. Ode,1,False,,cites_W2090428386,
https://openalex.org/W4400021268,https://doi.org/10.1002/ece3.11608,"Multiple paternity, fertilization success, and male quality: Mating system variation in the eelgrass, Zostera marina",2024,2024-06-01,Ecology and Evolution,Lauren R. Sgambelluri; Jessie C. Jarvis; Stephanie J. Kamel,1,True,https://onlinelibrary.wiley.com/doi/pdfdirect/10.1002/ece3.11608,cites_W2090428386,"Abstract Genetic diversity can modulate a population's response to a changing environment and plays a critical role in its ecological function. While multiple processes act to maintain genetic diversity, sexual reproduction remains the primary driving force. Eelgrass (Zostera marina) is an important habitat‐forming species found in temperate coastal ecosystems across the globe. Recent increases in sea surface temperatures have resulted in shifts to a mixed‐annual life‐history strategy (i.e., displaying characteristics of both annual and perennial meadows) at its southern edge‐of‐range. Given that mating systems are intimately linked to standing levels of genetic variation, understanding the scope of sexual reproduction can illuminate the processes that shape genetic diversity. To characterize edge‐of‐range eelgrass mating systems, developing seeds on flowering Z. marina shoots were genotyped from three meadows in Topsail, North Carolina. In all meadows, levels of multiple mating were high, with shoots pollinated by an average of eight sires (range: 3–16). The number of fertilized seeds (i.e., reproductive success) varied significantly across sires (range: 1–25) and was positively correlated with both individual heterozygosity and self‐fertilization. Outcrossing rates were high (approx. 70%) and varied across spathes. No clones were detected, and kinship among sampled flowering shoots was low, supporting observed patterns of reproductive output. Given the role that genetic diversity plays in enhancing resistance to and resilience from ecological disturbance, disentangling the links between life history, sexual reproduction, and genetic variation will aid in informing the management and conservation of this key foundation species."
https://openalex.org/W2947001876,https://doi.org/10.1007/s00114-019-1622-0,Sperm size is negatively related to relative testis size in West African riverine cichlid fishes,2019,2019-05-30,Die Naturwissenschaften,Kathrin Langen; Timo Thünken; Janine Klemm; Sarah Sandmann; Theo C. M. Bakker,6,False,,cites_W2090428386,
https://openalex.org/W2783205590,https://doi.org/10.1111/evo.13423,Modeling strategic sperm allocation: Tailoring the predictions to the species,2018,2018-01-13,Evolution,Biz R. Turnell; Kerry L. Shaw; H. Kern Reeve,5,False,,cites_W2090428386,"Two major challenges exist when empirically testing the predictions of sperm allocation theory. First, the study species must adhere to the assumptions of the model being tested. Unfortunately, the common assumption of sperm allocation models that females mate a maximum of once or twice does not hold for many, if not most, multiply and sequentially mating animals. Second, a model's parameters, which dictate its predictions, must be measured in the study species. Common examples of such parameters, female mating frequency and sperm precedence patterns, are unknown for many species used in empirical tests. Here, we present a broadly applicable model, appropriate for multiply, sequentially mating animals, and test it in three species for which data on all the relevant parameter values are available. The model predicts that relative allocation to virgin females, compared to nonvirgins, depends on the interaction between female mating rate and the sperm precedence pattern: relative allocation to virgins increases with female mating rate under first-male precedence, while the opposite is true under later-male precedence. Our model is moderately successful in predicting actual allocation patterns in the three species, including a cricket in which we measured the parameter values and performed an empirical test of allocation."
https://openalex.org/W2791903899,https://doi.org/10.1111/eth.12723,Female assessment of male functional fertility during mate choice in a promiscuous fish,2018,2018-02-02,Ethology,Valentina Scarponi; Jean‐Guy J. Godin,5,False,,cites_W2090428386,"Abstract Sexual selection should favour females that can assess the functional fertility of available sexual partners and avoid mating with recently mated, sperm‐depleted males. Our current understanding of the sensory mechanism(s) underlying female assessment of males based on their functional fertility and avoidance of sperm‐depleted males is incomplete. Female Trinidadian guppies (Poecilia reticulata) are known to avoid mating with males that they had previously observed mating with other females. Here, we investigated experimentally the proximate sensory cues that they use to distinguish between paired size‐ and colour‐matched mated and unmated males in the absence of visual public information on their prior mating histories. When only water‐borne chemical cues from the males were available, females avoided the previously mated male and preferred the unmated one, but they chose randomly when only male visual cues (and no chemical cues) were available. They also preferred unmated over mated males when freely swimming with them in a more sensorially complex environment with multiple male cues (i.e., visual, chemical and mechanical cues) concurrently available. Females exhibited no preference for either stimulus males when both were unmated, irrespectively of the sensory environment. These novel results suggest that, in the absence of prior visual public information on the recent mating histories of males, female guppies use olfactory cues putatively emitted by mated males to avoid mating with them. The source and nature of the implicated olfactory cues and the fitness benefits gained by female guppies in sexually preferring males that have not recently mated remain unknown and warrant further research."
https://openalex.org/W4309373623,https://doi.org/10.1093/oso/9780192845368.003.0009,Who Goes There: Friend or Foe?,2022,2022-11-01,,David W. Macdonald; Chris Newman,3,True,http://hdl.handle.net/10822/708096,cites_W2090428386,"Abstract Are Wytham’s badgers territorial, and has this altered over time? How are groups delineated, and are these borders respected? Scent is key, using faeces at latrine sites, but how is this reinforced and matched to the strengths of the depositors or the size of the opposing group? Is a current function of badgers’ perimeter latrines in Wytham territorial defence, or are there other explanations for this geometry? These questions lead us to explore the chemistry of anal gland secretion, and to learn that badgers respond differently to the scents of their own group, their immediate neighbours, and more distant strangers. Latrines are located along the margins of group interactions—why so? ‘Keep out’? Or ‘Hello neighbour’? We deduce that they are notice boards, a badger social media for advertisement. What information is signalled; what does the fine print say? What information is signalled by anal gland secretion, and is it different to the information in urine, laden as it is with hormone metabolites?"
https://openalex.org/W2807166967,https://doi.org/10.1007/978-4-431-56609-0_22,Postcopulatory Reproductive Strategies in Spermatozoa,2018,2018-01-01,Diversity and commonality in animals,Mei Matsuzaki; Tomohiro Sasanami; Yoko Iwata; Noritaka Hirohashi,2,False,,cites_W2090428386,
https://openalex.org/W4401593789,https://doi.org/10.1007/s00265-024-03507-x,"Strategic ejaculate allocation in the mostly monandrous moth Lobesia botrana: female size, male size, and their interaction effects",2024,2024-08-01,Behavioral Ecology and Sociobiology,Luis M. Torres‐Vila,1,False,,cites_W2090428386,
https://openalex.org/W2972115311,https://doi.org/10.1111/eth.12943,Experimental evidence that winning or losing a fight does not affect sperm quality in a field cricket,2019,2019-09-05,Ethology,Cristina Tuni; Vangelis‐Loukas Mizerakis; Niels J. Dingemanse,3,True,https://onlinelibrary.wiley.com/doi/pdfdirect/10.1111/eth.12943,cites_W2090428386,"Abstract Fighting is a powerful social experience that can affect male reproductive behavior, including ejaculatory strategies. Whereas winners may monopolize females, losers may instead perceive high sperm competition and limited future mating opportunities, and accordingly enhance ejaculate quality to maximize their reproductive success. In male field crickets Gryllus bimaculatus that fight aggressively for control of breeding territories, winners are known to possess sperm of lower quality (viability) compared to losers, but it remains unclear whether this is due to short‐term fighting consequences. To test if the fighting experience per se (winning or losing) affects male adjustment of sperm viability, we subjected males to winning and losing experiences by staging fights against size‐matched rivals of known fighting ability. These rivals were males that previously won or lost a fight and, due to “winner‐loser effects” kept winning or losing subsequent contests. We sampled sperm prior and after the fight and twice in control males with no fighting experience and found no differences in sperm viability across measures. We conclude that males do not tailor their ejaculate quality following a single fight, or based on its outcome. Intrinsic differences in other attributes between winners and loser phenotypes may explain differences in sperm quality previously described in this system."
https://openalex.org/W4210505895,https://doi.org/10.1007/978-3-030-82879-0_9,Intrasexual Selection: How Males Compete,2021,2021-01-01,Animal Behaviour,Peter M. Kappeler,1,False,,cites_W2090428386,
https://openalex.org/W3129435776,https://doi.org/10.1101/2021.02.16.431427,Frequent origins of traumatic insemination involve convergent shifts in sperm and genital morphology,2021,2021-02-17,bioRxiv (Cold Spring Harbor Laboratory),Jeremias N. Brand; Luke J. Harmon; Lukas Schärer,7,True,https://www.biorxiv.org/content/biorxiv/early/2021/03/28/2021.02.16.431427.full.pdf,cites_W2090428386,"Abstract Traumatic insemination is a mating behaviour during which the (sperm) donor uses a traumatic intromittent organ to inject an ejaculate through the epidermis of the (sperm) recipient, thereby frequently circumventing the female genitalia. Traumatic insemination occurs widely across animals, but the frequency of its evolution, the intermediate stages via which it originates, and the morphological changes that such shifts involve remain poorly understood. Based on observations in 145 species of the free-living flatworm genus Macrostomum , we identify at least nine independent evolutionary origins of traumatic insemination from reciprocal copulation, but no clear indication of reversals. These origins involve convergent shifts in multivariate morphospace of male and female reproductive traits, suggesting that traumatic insemination has a canalising effect on morphology. Signatures of male-female coevolution across the genus indicate that sexual selection and sexual conflict drive the evolution of traumatic insemination, because it allows donors to bypass postcopulatory control mechanisms of recipients."
https://openalex.org/W4244783806,https://doi.org/10.1093/obo/9780199941728-0131,Post-Copulatory Sexual Selection,2021,2021-02-23,,Patricia L. R. Brennan; Dara N. Orbach,7,False,,cites_W2090428386,"The field of post-copulatory sexual selection investigates how female and male adaptations have evolved to influence the fertilization of eggs while optimizing fitness during and after copulation, when females mate with multiple males. When females are polyandrous (one female mates with multiple males), they may optimize their mating rate and control the outcome of mating interactions to acquire direct and indirect benefits. Polyandry may also favor the evolution of male traits that offer an advantage in post-copulatory male-male sperm competition. Sperm competition occurs when the sperm, seminal fluid, and/or genitalia of one male directly impacts the outcome of fertilization success of a rival male. When a female mates with multiple males, she may use information from a number of traits to choose who will sire her offspring. This cryptic female choice (CFC) to bias paternity can be based on behavioral, physiological, and morphological criteria (e.g., copulatory courtship, volume and/or composition of seminal fluid, shape of grasping appendages). Because male fitness interests are rarely perfectly aligned with female fitness interests, sexual conflict over mating and fertilization commonly occur during copulatory and post-copulatory interactions. Post-copulatory interactions inherently involve close associations between female and male reproductive characteristics, which in many species potentially include sperm storage and sperm movement inside the female reproductive tract, and highlight the intricate coevolution between the sexes. This coevolution is also common in genital morphology. The great diversity of genitalia among species is attributed to sexual selection. The evolution of genital attributes that allow females to maintain reproductive autonomy over paternity via cryptic female choice or that prevent male manipulation and sexual control via sexually antagonistic coevolution have been well documented. Additionally, cases where genitalia evolve through intrasexual competition are well known. Another important area of study in post-copulatory sexual selection is the examination of trade-offs between investments in pre-copulatory and post-copulatory traits, since organisms have limited energetic resources to allocate to reproduction, and securing both mating and fertilization is essential for reproductive success."
https://openalex.org/W4381890031,https://doi.org/10.1101/2023.06.20.544772,Sperm production and allocation in response to risk of sperm competition in the black soldier fly Hermetia illucens,2023,2023-06-23,bioRxiv (Cold Spring Harbor Laboratory),Frédéric Manas; Carole Labrousse; Christophe Bressac,6,True,https://www.biorxiv.org/content/biorxiv/early/2023/06/23/2023.06.20.544772.full.pdf,cites_W2090428386,"Abstract In polyandrous species, competition between males for offspring paternity goes on after copulation through the competition of their ejaculates for the fertilisation of female’s oocytes. Given that males allocating more spermatozoa are favored, different models of sperm competition predict adaptive plasticity in male sperm production and allocation. These predictions were tested experimentally in the black soldier fly (BSF) Hermetia illucens . In this farmed insect, adult biology is little known despite the economic interest of larvae for bioconversion and as an animal feedstuff. Two sets of experiments were carried out to modify the risk of sperm competition perceived by males. The first consisted of placing adult males alone or in groups of 10 – modifying mean risk of sperm competition – and then measuring their sperm production. The second took place at the beginning of copulation; pairs with males from the two mean risk of sperm competition treatments were transferred to different contexts of immediate risk of sperm competition (empty cages, cages containing 10 males, or cages containing 10 females) and the number of spermatozoa stored by the females was counted. Males reared in groups of 10 showed more spermatozoa in their seminal vesicles than males reared alone. Regarding sperm allocation, females that mated in the presence of conspecifics – either 10 males or 10 females – stored more spermatozoa than those that mated alone. This study shows that sperm production and allocation are dependent on sperm competition risk in BSF, revealing a plasticity of reproduction under socio-sexual situations."
https://openalex.org/W3024716627,https://doi.org/10.1002/9780470015902.a0029005,Polyandry and Mating System Evolution,2020,2020-05-16,Encyclopedia of Life Sciences,Rebecca A. Boulton,4,False,,cites_W2090428386,"Abstract Our understanding of animal mating systems has been considerably enhanced in recent years by the development of molecular methods to reliably assay female multiple mating (polyandry). These techniques have demonstrated that polyandry is widespread across animal groups, even in species thought to be strictly monogamous and pair‐bonded. The research that has arisen from this paradigm shift has shown that females can gain substantial material benefits from mating with multiple males, in terms of increased fecundity, infanticide avoidance and sperm replenishment. Polyandry can also provide indirect or genetic benefits to females, increasing the likelihood that they will mate with at least one compatible or high‐quality male. By mating multiply females can also increase the genetic diversity of their offspring, which may be advantageous in changeable environments. Importantly polyandry has demonstrated that mating systems extend beyond copulation and sexual selection occurs not just over mates but also over their gametes. Key Concepts Recent developments in molecular ecology have allowed researchers to rapidly and easily test whether multiple fathers sire female offspring. Multiple mating by females (polyandry) is now known to be widespread across taxa. While mating can be costly, polyandry has been shown to provide substantial benefits to females. Direct, or material benefits of polyandry increase female offspring production, for instance by providing females with additional resources in nuptial gifts or seminal fluids. Indirect, or genetic benefits of polyandry arise when multiple mating increases the chances that a female mates with at least one compatible or high‐quality male. Polyandry can also increase offspring genetic diversity, and this can be beneficial in unstable or harsh environments, increasing the chances that at least some offspring will survive. Polyandry means that sexual selection continues after mating, males compete not only for mates but also their gametes (post‐copulatory sexual selection). Post‐copulatory sexual selection can render certain male traits beneficial, which can alter the costs and benefits of polyandry for females and change the optimal female mating rate. As a result of the realisation that polyandry is widespread, mating systems research now integrates formerly unappreciated concepts such as sperm competition, cryptic female choice and co‐evolutionary feedbacks between male and female mating strategies."
https://openalex.org/W3204043101,https://doi.org/10.1101/2021.10.05.463025,"A synthesis of senescence predictions for indeterminate growth, and support from multiple tests in wild lake trout",2021,2021-10-05,bioRxiv (Cold Spring Harbor Laboratory),Craig F. Purchase; Anna C. Rooke; Michael J. Gaudry; Jason R. Treberg; Elizabeth A. Mittell; Michael B. Morrissey; Michael D. Rennie,3,True,https://www.biorxiv.org/content/biorxiv/early/2021/10/05/2021.10.05.463025.full.pdf,cites_W2090428386,"ABSTRACT Senescence, or the deterioration of functionality with age, varies widely across taxa in pattern and rate. Insights into why and how this variation occurs are hindered by the predominance of lab-focused research on short-lived model species with determinate growth. We synthesize evolutionary theories of senescence, highlight key information gaps, and clarify predictions for species with low mortality and variable degrees of indeterminate growth. Lake trout are an ideal species to evaluate predictions in the wild. We monitored individual males from two populations (1976-2017) longitudinally for changes in adult mortality (actuarial senescence) and body condition (proxy for energy balance). A cross-sectional approach (2017) compared young (ages 4-10 years) and old (18-37 years) adults for (1) phenotypic performance in body condition, and semen quality - which is related to fertility under sperm competition (reproductive senescence), and (2) relative telomere length (potential proxy for cellular senescence). Adult growth in these particular populations is constrained by a simplified food web, and our data support predictions of negligible senescence when maximum size is only slightly larger than maturation size. Negative senescence (aka reverse senescence) may occur in other lake trout populations where diet shifts allow maximum sizes to be much larger than maturation size."
https://openalex.org/W4313643572,https://doi.org/10.55446/ije.2022.916,Sexual Selection in Insects,2023,2023-01-06,Indian Journal of Entomology,Geetanjali Mishra,3,True,https://www.indianentomology.org/index.php/ije/article/download/916/673,cites_W2090428386,"Sexual selection is an evolutionary process, that increases the direct and indirect fitness of an organism by non random preference of mates, based on their differential ability. Sexual selection may be in the form of intrasexual selection and intersexual selection. The former involves competition between the males (usually), while females are passive acceptors of winners as mates. The latter involves display of abilities by the males (usually), while the female inspects and assesses them prior to selection of mate. Traditionally both these mechanisms are believed to take place prior to copulation. However, studies indicate that these also take place, post copulation. The post copulatory displays of sexual selection involve sperm competition and cryptic female choice. Not only are all these displays fascinating, understanding their evolution and their ecological modulations make this field an interesting one. This review deals with these aspects of sexual selection in insects, as they encase some of the most diverse mechanisms of sexual selection."
https://openalex.org/W4386692881,https://doi.org/10.1101/2023.09.07.556763,Sperm competition influences sperm quality and seminal plasma protein expression among territorial males of the courtship cichlid,2023,2023-09-12,bioRxiv (Cold Spring Harbor Laboratory),Masaya Morita; Shun Satoh; Takeshi Ito; Masanori Kohda; Satoshi Awata,3,True,https://www.biorxiv.org/content/biorxiv/early/2023/09/12/2023.09.07.556763.full.pdf,cites_W2090428386,"Abstract Sperm competition drives the plasticity of sperm quality and seminal fluid. However, how environmental and behavioral factors influence sperm competition and its outcome on the plasticity of sperm quality are unknown. In this study, we show males can asses the sperm competition level, and their fertilization-promoting sperm traits changes according to intensity. The promiscuous Tanganyikan cichlids Ophthalmotilapia ventralis perform their fertilization in the female mouth cavity. Sperm competition occurs in the female mouth as sperm is collected from multiple males. Behavioral (i.e., courtship success rates [CSR]) and environmental (density of spawning sites [DS]) factors are related to sperm collection. Seminal plasma glycoprotein 120 (SPP120) aids in sperm immobilization and aggregation, and sperm quality (longevity and velocity) could increase the probability of siring offspring. Based on an assumption of the involvement of DS and CSR on sperm collection, DS and CSR could influence the expression of SPP120 and sperm quality. We examined how sperm quality and SPP120 affect sperm competition-associated CSR and DS. Sperm longevity and velocity were positively correlated with DS. SPP120 expression was also positively correlated with CSR and DS. The plasticity of sperm quality and amount of SPP120 result in high fertilization competency according to sperm competition level."
https://openalex.org/W4400379009,https://doi.org/10.1101/2024.07.03.600353,Female fruit flies use social cues to make egg clustering decisions,2024,2024-07-05,bioRxiv (Cold Spring Harbor Laboratory),Emily R. Churchill; Emily K. Fowler; Lucy A. Friend; Marco Archetti; Douglas W. Yu; Andrew F. G. Bourke; Tracey Chapman; Amanda Bretman,2,True,https://doi.org/10.1101/2024.07.03.600353,cites_W2090428386,"Abstract Background The ability to respond plastically to environmental variation is a key determinant of fitness. Females may use cues to strategically place their eggs, for example adjusting the number or location of eggs according to whether other females are present, driving the dynamics of local competition or cooperation. The expression of plasticity in egg laying patterns within individual patches, i.e., in contact clusters or not, represents an additional, under-researched and potentially important opportunity for fitness gains. Clustered eggs might benefit from increased protection or defence, and clustering could facilitate cooperative feeding. However, increased clustering is also expected to increase the risk of over-exploitation through direct competition. These potential benefits and costs likely covary with the number of individuals present, hence egg clustering behaviour within resource patches should be socially responsive. We investigate this new topic using the fruit fly Drosophila melanogaster . Results Our mathematical model, parameterised by data, verified that females cluster their eggs non-randomly, and increase clustering as group size increases. We also showed that, as the density of adult females increased, females laid more eggs, laid them faster, and laid more eggs in clusters. Females also preferred to place eggs within existing clusters. Most egg clusters were of mixed maternity. Conclusions Collectively, the results reveal that females actively express plasticity in egg clustering according to social environment cues and prefer to lay in clusters of mixed maternity, despite the potential for increased competition. These findings are consistent with egg clustering plasticity being selected due to public goods-related benefits."
https://openalex.org/W4205721579,https://doi.org/10.1101/2021.12.07.471570,Experimental evolution under varying sex ratio and nutrient availability modulates male mating success in Drosophila melanogaster,2021,2021-12-08,bioRxiv (Cold Spring Harbor Laboratory),Irem Sepil; Jennifer C. Perry; Alice Dore; Tracey Chapman; Stuart Wigby,1,True,https://www.biorxiv.org/content/biorxiv/early/2021/12/08/2021.12.07.471570.full.pdf,cites_W2090428386,"Abstract Biased population sex ratios can alter optimal male mating strategies, and allocation to reproductive traits depends on nutrient availability. However, there is little information on how nutrition interacts with sex ratio to influence the evolution of pre-copulatory and post-copulatory traits separately. To address this omission, here we test how male mating success and reproductive investment evolve under varying sex ratios and adult diet in Drosophila melanogaster using an experimental evolution approach. We found that sex ratio and nutrient availability interacted to determine male pre-copulatory performance. Males from female-biased populations were slow to mate when they evolved on a protein-restricted diet. On the other hand, we found direct and non-interacting effects of sex ratio and nutrient availability on post-copulatory success, without interactions between them. Males that evolved on a protein-restricted diet were poor at suppressing female remating. Males that evolved under equal sex ratios fathered more offspring and were better at supressing female remating, relative to males from male-biased or female-biased populations. These results support the idea that sex ratios and nutrition interact to determine the evolution of pre-copulatory mating traits, but independently influence the evolution of post-copulatory traits."
https://openalex.org/W4236015037,https://doi.org/10.1093/obo/9780199830060-0228,Evolutionarily Stable Strategies,2019,2019-09-25,,Michael D. Breed,1,False,,cites_W2090428386,"Evolutionarily stable strategies (ESS) are phenotypes that persist in populations over evolutionary time and cannot be replaced by invading strategies. Cases in which alternative strategies coexist stand as being of particular interest. Evolutionary biologists were introduced to the concept of ESS through the efforts of John Maynard Smith and George R. Price, whose work remains the keystone expression of this concept. Maynard Smith and Price dealt with animal conflicts, in which combatants may have differing strategies and physical abilities. The stability of evolutionary strategies is often analyzed using the tools of game theory, which allows determination of the persistence of strategies when played against one another. Game theory also opens the door to assessing the potential success of novel strategies upon introduction into a population. ESS often coincide with the Nash equilibrium, a game theory concept that describes conditions under which cognitively aware players in a game cannot gain by changing their individual strategy. In addition to animal conflict, analyses of ESS have been applied in a wide variety of evolutionary contexts and indeed are applicable whenever alternative heritable phenotypes are present. One possibility is that ESS occur as alternative genotypes within populations and thus should be analyzed using population-genetic approaches. ESS can also be conditionally expressed by individuals, depending on environmental and social context. This second option also requires a genotypic basis for strategies but allows for more strategical complexity through responses that may shift over developmental time or with experience. Interspecific interactions are an additional context for ESS, in which ESS drive evolutionary arms races between predators and prey or hosts and diseases or parasites. Maynard Smith and Price built on a conceptual framework in evolutionary ecology developed by William D. Hamilton in studies of kin selection, sex ratios, and herding behavior, and by Geoff Parker, working on sperm competition. ESS offer convenient latticework for thinking about many ecological and evolutionary trade-offs in which organisms balance costs and benefits of potential strategic choices in development and behavior, either in within-generation decision-making or between-generation evolution."
https://openalex.org/W2608089004,https://doi.org/10.11606/d.41.2017.tde-29032017-145212,Caracterização do dimorfismo intrassexual masculino de Doryteuthis plei (Mollusca: Cephalopoda) como base para compreensão dos mecanismos de competição espermática em lulas,2017,2017-04-18,,Lígia H. Apostólico,0,True,http://www.teses.usp.br/teses/disponiveis/41/41133/tde-29032017-145212/publico/LigiaHaselmannApostolico_Simplificada.pdf,cites_W2090428386,"Título: Caracterização do dimorfismo intrassexual masculino de Doryteuthis plei (Mollusca: Cephalopoda) como base para compreensão dos mecanismos de competição espermática em lulas Resumo O processo de seleção sexual influencia de forma intensa o sucesso reprodutivo de cada indivíduo.Desde sua formulação teórica durante o século XIX, evidências cumulativas a respeito da poliandria em fêmeas permitiram a ampliação de seu conceito inicial, uma vez constatada que a disputa pela paternidade da prole não se limitava à competição pelo acesso à fêmea, mas poderia também prolongar-se mesmo após a cópula.Durante a década de 1970, essa disputa pós-copulatória entre machos foi formalizada sob o conceito de competição espermática, a qual visa a maximizar o sucesso do esperma de um macho sobre um rival na fertilização dos ovos.Evidências para um número crescente de táxons demonstram que a intensa competição pré e pós-copulatória entre machos é também uma das fontes responsáveis pela evolução e manutenção de táticas alternativas de reprodução dentro de uma mesma espécie, nas quais machos com menor sucesso na monopolização de fêmeas e combate com intraespecíficos adotam comportamentos furtivos para acesso ao sexo oposto, como forma de assegurar algum sucesso reprodutivo.Em muitas espécies, a adoção de táticas alternativas de reprodução são relacionadas não somente às diferenças comportamentais entre os machos, mas também à diversidade fenotípica dentro do mesmo sexo, caracterizada por descontinuidades morfológicas, fisiológicas e de ciclo de vida, conhecida pelo termo 'dimorfismo intrassexual'.Em lulas da família Loliginidae, a existência de morfos alternativos, denominados machos consort e sneaker, já foi constatada para diversas espécies e é associada a diferenças comportamentais entre eles, principalmente relacionadas à posição de cópula e sítio de deposição de espermatóforos no interior da fêmea.No entanto, a associação entre táticas alternativas de reprodução e dimorfismo intrassexual em machos é praticamente desconhecida, com exceção à espécie Heterololigo bleekeri, para a qual esse dimorfismo tem sido estudado extensivamente ao longo da última década.Nesse contexto, a presente Dissertação de Mestrado teve como principal objetivo investigar a existência de dimorfismo intrassexual masculino em Doryteuthis plei (Blainville, 1823), uma espécie de"
https://openalex.org/W2767484803,https://doi.org/10.1101/217570,"Eco-evolutionary dynamics in metacommunities: ecological inheritance, helping within- and harming between-species",2017,2017-11-10,bioRxiv (Cold Spring Harbor Laboratory),Charles Mullon; Laurent Lehmann,0,True,https://www.biorxiv.org/content/biorxiv/early/2018/06/11/217570.full.pdf,cites_W2090428386,"Abstract Understanding selection on intra- and inter-specific interactions that take place in dispersal-limited communities is a challenge for ecology and evolutionary biology. The problem is that local demographic stochasticity generates eco-evolutionary dynamics that are generally too complicated to make tractable analytical investigations. Here, we circumvent this problem by approximating the selection gradient on a quantitative trait that influences local community dynamics, assuming that such dynamics are deterministic with a stable fixed point. We nonetheless incorporate unavoidable kin selection effects arising from demographic stochasticity. Our approximation reveals that selection depends on how an individual expressing a trait-change influences: (1) its own fitness and the fitness of its current relatives; and (2) the fitness of its downstream relatives through modifications of local ecological conditions (i.e., through ecological inheritance). Mathematically, the effects of ecological inheritance on selection are captured by dispersal-limited versions of press-perturbations of community ecology. We use our approximation to investigate the evolution of helping within- and harming between-species when these behaviours influence demography. We find that individually costly helping evolves more readily when intra-specific competition is for material resources rather than for space because in this case, the costs of kin competition are paid by downstream relatives. Similarly, individually costly harming between species evolves when it alleviates downstream relatives from inter-specific competition. Beyond these examples, our approximation can help better understand the influence of ecological inheritance on a variety of eco-evolutionary dynamics in metacommunities, from consumer-resource and predator-prey coevolution to selection on mating systems with demographic feedbacks."
https://openalex.org/W2807532645,https://doi.org/10.2502/janip.68.1.9,Sexual selection and the variation of male body coloration in guppy,2018,2018-01-01,Japanese Journal of Animal Psychology,Aya Sato,0,True,https://www.jstage.jst.go.jp/article/janip/68/1/68_68.1.9/_pdf,cites_W2090428386,"The guppy (Poecilia reticulata), a polyandrous livebearing fish, is a model organism in the study of sexual selection.This species exhibits sexual dimorphism, such as male body coloration (orange, black, or iridescence color spots).Although there is evidence of a preference for colorful males in female mate choice, a wide variation in male color patterns is found even in a population.Recently, there has been an increase in studies examining the postcopulatory processes involved in sperm competition and cryptic female choice in this species.If male traits that favor sperm competition and/or cryptic female choice correspond with traits preferred in female mate choice, then postcopulatory processes will reinforce the selection to colorful males.In contrast, if males with traits preferred by females are not favored by sperm competition and/or cryptic female choice, then postcopulatory processes will weaken the selection to colorful males.In this paper, I review studies of the relationships between male guppy coloration and female mate choice, sperm competition, and cryptic female choice, and discuss the possible factors that maintain the variation in male coloration.Key words：cryptic female choice, guppy, mate choice, sexual selection, sperm competition"
https://openalex.org/W2905225141,https://doi.org/10.1101/500546,Female genetic contributions to sperm competition in Drosophila melanogaster,2018,2018-12-20,bioRxiv (Cold Spring Harbor Laboratory),Dawn S. Chen; Sofie Delbare; Simone L. White; Jessica L. Sitnik; Martik Chatterjee; Elizabeth L. DoBell; Orli D. Weiss; Andrew G. Clark; Mariana F. Wolfner,0,True,https://www.biorxiv.org/content/biorxiv/early/2018/12/20/500546.full.pdf,cites_W2090428386,"In many species, sperm can remain viable in the reproductive tract of a female well beyond the typical interval to remating. This creates an opportunity for sperm from different males to compete for oocyte fertilization inside the female’s reproductive tract. In Drosophila melanogaster , sperm morphology and seminal fluid content affect male success in sperm competition. On the other hand, although genome-wide association studies (GWAS) have demonstrated that female genotype plays a role in sperm competition outcome as well, the biochemical, sensory and physiological processes by which females detect and selectively use sperm from different males remain elusive. Here, we functionally tested 27 candidate genes implicated via a GWAS for their contribution to the female’s role in sperm competition, measured as changes in the relative success of the first male to mate (P1). Of these 27 candidates, we identified eight genes that affect P1 when knocked down in females, and also showed that six of them do so when knocked down in the female nervous system. Two genes in particular, Rim and caup , lowered P1 when knocked down in sensory pickpocket ( ppk ) + neurons and octopaminergic Tdc2 + neurons, respectively. These results establish a functional role for the female’s nervous system in the process of sperm competition and expand our understanding of the genetic, neuronal and mechanistic basis of female responses to multiple matings. We propose that through their nervous system, females actively assess male compatibility based on courtship or ejaculates and modulate sperm competition outcome accordingly."
https://openalex.org/W2960894176,https://doi.org/10.1101/702720,Female × male and male × male interactions have limited influence on competitive fertilization in Drosophila melanogaster,2019,2019-07-16,bioRxiv (Cold Spring Harbor Laboratory),Stefan Lüpold; Jonathan Bradley Reil; Mollie K. Manier; Valérian Zeender; John M. Belote; Scott Pitnick,0,True,https://www.biorxiv.org/content/biorxiv/early/2019/07/16/702720.full.pdf,cites_W2090428386,"Abstract How males and females contribute to joint reproductive success has been a long-standing question in sexual selection. Under postcopulatory sexual selection (PSS), paternity success is predicted to derive from complex interactions among females engaging in cryptic female choice and males engaging in sperm competition. Such interactions have been identified as potential sources of genetic variation in sexually selected traits but are also expected to inhibit trait diversification. To date, studies of interactions between females and competing males have focused almost exclusively on genotypes and not phenotypic variation in sexually selected traits. Here, we characterize within- and between-sex interactions in Drosophila melanogaster using isogenic lines with heritable variation in both male and female traits known to influence competitive fertilization. We found surprisingly few genotypic interaction effects on various stages of PSS such as female remating interval, copulation duration, sperm transfer, or sperm storage. Only the timing of female sperm ejection depended on female × male genotypic interactions. By contrast, several reproductive events, including sperm transfer, female sperm ejection and sperm storage, were explained by two- and three-way interactions among sex-specific phenotypes. We also documented complex interactions between the lengths of competing males’ sperm and the female seminal receptacle, which are known to have experienced rapid female-male co-diversification. Our results highlight the non-independence of sperm competition and cryptic female choice and demonstrate that complex interactions between the sexes do not limit the ability of multivariate systems to respond to directional sexual selection. Significance statement For species with internal fertilization and female promiscuity, postcopulatory sexual selection (PSS) is believed to depend, in part, on complex interactions between rival males and between the sexes. Although little investigated, clarifying such interactions is critical as they may limit the efficacy of PSS in the diversification of reproductive traits (e.g., ejaculate biochemistry and sperm, genitalia and female reproductive tract morphology). Here, we resolve how sex-specific traits and their interactions contribute to key reproductive events and outcomes related to competitive fertilization success, including traits known to have experienced rapid diversification. Our results provide novel insights into the operation and complexity of PSS and demonstrate that the processes of sperm competition and cryptic female choice are not independent selective forces."
https://openalex.org/W3013951111,https://doi.org/10.1007/978-981-15-2290-1_14,Chapter 13 Behavior and Fertilization of Squids,2020,2020-01-01,,Yoko Iwata; Noritaka Hirohashi,0,False,,cites_W2090428386,
https://openalex.org/W4220906425,https://doi.org/10.1101/2022.03.26.485936,Paternity sharing in insects with female competition for nuptial gifts,2022,2022-03-27,bioRxiv (Cold Spring Harbor Laboratory),Jessica H. Browne; Darryl Gwynne,0,True,https://www.biorxiv.org/content/biorxiv/early/2022/05/31/2022.03.26.485936.full.pdf,cites_W2090428386,"When males contribute costly investments to offspring (i.e., paternal care or nuptial gifts), they are expected to have high confidence of paternity. While studies of species with exclusive male parental care have provided support for this hypothesis, paternity may be more uncertain in systems where males feed each mate. While mating co-occurs with each oviposition in many male-care systems, allowing control over insemination, mating is separated from egg-laying in nuptial-gift systems so that males typically compete more with rivals for fertilizations. Given the costly gift investment, and long refractory periods that limit male ability to gain fitness from frequent copulations, there should be strong selection to avoid cuckoldry, especially complete paternity failure. Further, because females are expected to mate frequently to obtain male-supplied nutrition prior to oviposition, males may be unable to avoid sperm competition because virgins will be rare (and lower quality), and females are expected to undermine male traits that limit remating or manipulate sperm stores. Thus, paternity sharing, in which males are not excluded from siring offspring completely, is an expected outcome of sperm competition in these systems. Using wild-caught females in two species (an orthopteran and a dipteran), in which sexually selected females compete for important male nuptial gifts, we examined paternity patterns and compared them to findings in other insects. Using microsatellite analysis of offspring and sperm stores, we found evidence of shared paternity in both study species, where very few males failed to sire offspring. Although paternity was not equal among sires, our estimates of paternity bias were similar to other insects with valuable nuptial gifts and contrasted with patterns in gryllid crickets where males supply little more than sperm and are frequently excluded from siring offspring. Further support for paternity-sharing is the lack of last-male sperm precedence in either of our study species."
https://openalex.org/W4230359376,https://doi.org/10.1007/978-3-319-47829-6_1992-1,Raffle Principle,2017,2017-10-04,,Frances Tyler,0,False,,cites_W2090428386,
https://openalex.org/W4239383172,https://doi.org/10.1007/978-3-662-60546-2_9,Intrasexuelle Selektion: wie Männchen konkurrieren,2020,2020-01-01,,Peter M. Kappeler,0,False,,cites_W2090428386,
https://openalex.org/W4281741720,https://doi.org/10.46419/vs.54.1.9,Heterospermično osjemenjivanje u pasa,2022,2022-06-06,Veterinarska stanica,Martina Lojkić; Ivan Butković; Nino Mačešić; Marko Samardžija; Juraj Šavorić; Ivan Folnožić; Iva Getz; Branimira Špoljarić; Nikica Prvanović Babić; Goran Bačić; Tugomir Karadjole; Iva Raič,0,True,https://doi.org/10.46419/vs.54.1.9,cites_W2090428386,"The idea of dual sire insemination in dog breeding is to give equal chances to both males to fertilize the eggs due to the specific oestrus cycle of the bitch. Two sexually mature, privately owned females Petit Basset Griffon Vendeen (bitch A and B) aged 3 to 5 years were subjected to dual-sire inseminations. Prior to insemination, the semen of stud dogs (n=5) was collected and evaluated for volume, concentration, total sperm count, motility, membrane integrity (HOS test), percentage of live spermatozoa and sperm morphology (eosin nigrosin staining). The time of insemination was based on serum progesterone (P4) concentrations, where P4 of >5–10 ng/mL was considered ovulation. Bitch A was inseminated in two oestrus cycles with fresh mixed semen from two males using the endoscopic transcervical insemination technique (TCI). Bitch B was inseminated in one oestrus cycle by laparoscopic intrauterine deposition of frozen thawed semen. Semen evaluation showed minimum deviations in all tested parameters between the chosen males on the days of insemination. Depending on sperm concentration and quality, the volume of ejaculates was adjusted, resulting in an equal number of motile spermatozoa from two males in each insemination, providing them an equal chance for fertilisation. Confirmation of pregnancy was carried out 24 days after insemination by ultrasonography. The whelping outcome was obtained directly from the owner of the bitches. Puppy blood was taken immediately after whelping from the umbilical vein into EDTA tubes. Blood samples were also obtained from the dam and both sires for DNA profiling. Parentage was determined for each dual-sired pup by using Thermo Scientific Canine Genotypes Panel 1.1. All inseminations resulted in pregnancy and whelping. A total of 14 puppies were born in three litters. Mixed parentage was determined in 1 of the 3 resultant litters (bitch A). In conclusion, dual sire insemination is a useful breeding tool providing the opportunity to obtain puppies from multiple genetic backgrounds in a single litter. However, as this method usually produces offspring from single father, optimal insemination protocol should be established for producing a litter of mixed paternity."
https://openalex.org/W4285165967,https://doi.org/10.1007/978-3-319-55065-7_1992,Raffle Principle,2022,2022-01-01,,Frances Tyler,0,False,,cites_W2090428386,
https://openalex.org/W4309372159,https://doi.org/10.1093/oso/9780192845368.002.0005,Dedication,2022,2022-11-01,,,0,False,,cites_W2090428386,Subject Zoology and Animal Sciences Natural History Collection: Oxford Scholarship Online
https://openalex.org/W4309372281,https://doi.org/10.1093/oso/9780192845368.002.0010,Foreword,2022,2022-11-01,,,0,False,,cites_W2090428386,"Extract I expect I am not the only person whose first childhood encounter with badgers in literature was through reading the Rupert Bear Annual, in which one of Rupert’s closest and most cheerful chums, Bill Badger, appears dressed in a tight blue jacket, striped trousers, a red or yellow waistcoat, a white shirt and a black bow tie. A few years later, the avuncular badger of Wind in the Willows cemented my anthropomorphic childhood view that badgers are jolly decent chaps that wear smart clothes and drive cars. I was too young and naïve to know better. But myths about badgers have a much longer history and are more widespread. In his 1646 treatise Pseudodoxa Epidemica or Enquiries into very many received tenents and commonly presumed truths, otherwise known as Vulgar Errors, the medical doctor and polymath Sir Thomas Browne dedicates Chapter 5 of book 3 to The Brock or Badger."
https://openalex.org/W4309372282,https://doi.org/10.1093/oso/9780192845368.003.0001,Setting the Scene,2022,2022-11-01,,David W. Macdonald; Chris Newman,0,False,,cites_W2090428386,"Abstract Observing that Wytham’s badgers live in groups, we begin by querying the adaptive significance of badger behaviour, in the context of their ecological circumstances, framed by the constraints of their mustelid phylogeny and, in turn, their mammalian ancestry. We start this quest, which is woven through all 19 chapters, at the beginning, with birth. Setting the scene we ask: What are the conditions, social and physical, deep inside setts into which badgers are born? What proportion of cubs dies along their journey from birth to emergence from the sett, and from what? What challenges do badgers face from birth to weaning? How do they first start to engage with their other social group compatriots? The chapter ends, in badger chronology, with the scene now set, and young cubs preparing to venture above ground. From the birth of a badger, we then turn to the birth of badgers, and review the evidence for the evolutionary origin of the species. By the end of the chapter readers have been introduced to Wytham Woods, the early life of the badgers that live there, and the broader perspective of the origins of badgers amongst the Carnivora."
https://openalex.org/W4309372288,https://doi.org/10.1093/oso/9780192845368.003.0013,Weather,2022,2022-11-01,,David W. Macdonald; Chris Newman,0,False,,cites_W2090428386,"Abstract Moving from the effects of weather on the population, we tease apart the demographic findings in this chapter by turning to the adaptability of individual badgers. How do the population trends we describe in the face of the weather emerge from the impacts on individuals, and how do individuals respond to those impacts? Badgers lay down fat through the autumn equinox, and how they do so is affected by weather. Remembering the influence of weather on the pursuit of earthworms, how did badger activity differ in years with contrasting weather? In counterpoint, what are the implications of exposure for thin badgers forced to forage during harsh conditions? The answers lead us to consider how badgers could cope with projected future climate change."
https://openalex.org/W4309372387,https://doi.org/10.1093/oso/9780192845368.003.0016,The Story of Badgers and TB,2022,2022-11-01,,David W. Macdonald; Chris Newman,0,False,,cites_W2090428386,"Abstract Although for much of the 40 years that we have studied Wytham’s badgers, there was no sign of bovine tuberculosis (bTB) amongst them, they were at the heart of the controversy over management of this disease. The reason is that Wytham was used as the paradigm of an uninfected, unperturbed population. This chapter provides a crisp summary of the impact of Wytham’s badgers on thinking and policy, and especially the perturbation hypothesis. However, we do not dwell on well-rehearsed material: instead we take a fresh look at how the revelations in this book offer new thinking about bTB and its control. That insight is deepened because in recent years bTB has entered Wytham’s badgers, and we have studied its progress and initiated a vaccination programme."
https://openalex.org/W4309372425,https://doi.org/10.1093/oso/9780192845368.003.0012,Weather,2022,2022-11-01,,David W. Macdonald; Chris Newman,0,False,,cites_W2090428386,"Abstract What factor drove the life history decisions described in Chapter 11? Did the environment change? Were earthworms, and perhaps other foods, more available as the years passed? We use sophisticated demographic analyses to show that the answer lies with the weather. With broad relevance to wildlife generally, we spot that it is not simply trends, or extremes in weather that impact badgers, but rather the extent and frequency of variation from typical seasonal means that stress their evolved regimes. Milder winters are linked to larger cub cohorts, a relationship that pushes us to explore the underlying mechanisms and, ultimately, to ask how will badgers in Wytham and elsewhere adapt to climate change?"
https://openalex.org/W4309372442,https://doi.org/10.1093/oso/9780192845368.002.0006,Preface,2022,2022-11-01,,,0,False,,cites_W2090428386,"Extract The origins and purpose of this book, and the project that it recounts, are explained in the Prologue. Here, therefore, our task is to explain enough about our approach to serve as a sort of users’ guide, and to enable us to thank the many people on whose giant shoulders we have stood while trying to glimpse the horizon beyond which lie truths about badgers and nature more widely. First, what sort of book is this? We will have failed if the answer is not vibrantly clear to readers a couple of pages hence. This is a scientific book, and we expect it to be judged by the high standards of science; we hope it is also enjoyable and accessible to a readership far beyond professional scholars, indeed by anybody with a fascination for nature. Second, what sort of team are we? Chris began as David’s doctoral student at Oxford, and grew into his right hand—a hand without which the Wytham badger project would not have survived. In this sense, as a team should be, we need each other, and so it has been as we have written the results of our 31-year partnership. This shared journey by two people caused us a grammatical hiccup: mostly we have a shared story to tell, and the pronoun ‘we’ captures the reality, but on other occasions we want to write something about each other. The solution is that we sometimes refer to each other by our first names; for example, as Chris observed or as David recalled. Third, our modus operandi deserves brief mention: we have not had the financial or logistical resources, far less the mental capacity, to keep all strands of this project running at full steam for the nearly 50 years about which we write; rather, we have dipped into particular topics for a few intense years, before largely turning to another. Happily, this means we’ve covered a lot of topics; sadly it means we cannot always tie everything together simultaneously."
https://openalex.org/W4309372538,https://doi.org/10.1093/oso/9780192845368.003.0015,In Sickness and in Health,2022,2022-11-01,,David W. Macdonald; Chris Newman,0,False,,cites_W2090428386,"Abstract Amongst the factors buffeting animal populations, badgers included, is contagious disease. In Chapter 2 we learnt that surviving intestinal coccidiosis was a crucial first hurdle to badger cubs being recruited to Wytham’s population. In this chapter we turn to the badgers’ natural pathogens, their immune defences against them, and the sickly influence of stress. A particularly remarkable case is Mustelid herpesvirus, which, intriguingly, is revealed to be a venereal disease amongst Wytham’s badgers, raising evolutionary questions as to whether the scent of infection influences mate selection. We also ask whether psychological stress, for example perhaps provoked by living in a particularly dense population, compounds the risks to good health amongst Wytham’s badgers. The answers lead us deeply into oxidative stress and imbalances caused by cellular stress responses and a consequential build-up of reactive oxygen species (ROS). These molecular phenomena tie up with ecology when we analyse how antioxidant capacity of badgers is inhibited when the going gets tough, for example when food is limited, and then, in evolutionary theory, is there a developmental trade-off, where cubs investing in antioxidant defences cope better with ROS arising from catabolic stress? And to draw back to a wider perspective, how might the increasingly unseasonable, variable and extreme, conditions predicted under UK climate change scenarios interact with oxidative stress and investment in antioxidants? We explore this through the development of the leucocyte coping capacity test. This leads us to the major histocompatibility complex (MHC) and how it might link badger pathogen resistance and mate choice."
https://openalex.org/W4309372601,https://doi.org/10.1093/oso/9780192845368.003.0018,"Senescence, Telomeres, and Life history Trade-offs",2022,2022-11-01,,David W. Macdonald; Chris Newman,0,False,,cites_W2090428386,"Abstract We began with birth, and we arrive at old age. How well do Shakespeare’s ‘Seven Ages of Man’ match the badger’s reality? We explore the sex steroid profile of badgers throughout their lives, documenting how these steroids ebb with age, but that a subset of elderly individuals remain fertile. Meanwhile, curiously for a wild animal, a remaining proportion lives on in post-reproductive condition. This leads us to senescence and questions about what goes wrong, or impedes repair, at the cellular level, and the puzzle of why badgers, like most other larger mammals, don’t make telomerase continuously, regenerate their telomeres, and avoid cellular senescence. Interestingly, we find that badger telomeres get longer in meline middle age. Why? And in this chapter, as in others, we find that it’s the start each individual gets in life that counts. Why should cubs experiencing tough times early in life, linked again to inclement weather, have longer telomeres? The answer leads to a comparison of different preparations for life."
https://openalex.org/W4309372720,https://doi.org/10.1093/oso/9780192845368.003.0006,Social Odours,2022,2022-11-01,,David W. Macdonald; Chris Newman,0,False,,cites_W2090428386,"Abstract How do badgers get along with one another? How do they converse, and negotiate? The answer lies in scent, and particularly in the olfactory quality of the secretion from their unique subcaudal gland, with which they mark each other and their environment. But who marks whom? Do individuals assort into net donors and net receivers of marking? In the context of the Dear Enemy phenomenon, we document through field experiments how they react to the scent of familiar group member versus neighbour or stranger. We ask whether the subcaudal scent message—its colour, volume, and chemistry—is an honest signifier of the depositor’s qualities, and investigate whether there is any trade-off where energy invested into this fatty secretion comes at a calorific cost. We demonstrate that the smell of this scent is determined by the action of bacteria fermenting it, and that this leads to group-specific odour profiles."
https://openalex.org/W4309372798,https://doi.org/10.1093/oso/9780192845368.003.0011,The Economics of Survival,2022,2022-11-01,,David W. Macdonald; Chris Newman,0,False,,cites_W2090428386,"Abstract How many badgers? How can we tell? How do we count them? These are all questions as the book transitions from considering individuals to populations. Using the minimum number alive (MNA) estimate technique, we show how Wytham’s badger population has changed over time. From an actuarial perspective and stage-class models we analyse how losses and gains amass on the population ledger; how mortality varies with age and sex. As population numbers changed, what intrinsic qualities of the individuals composing it changed, and were the badgers able to exploit fully the carrying capacity of their environment in Wytham? Then we discover that the carrying capacity changed over the study period, prompting us to ask what drove that change."
https://openalex.org/W4309372809,https://doi.org/10.1093/oso/9780192845368.003.0008,Social Behaviour in an Uncooperative Society,2022,2022-11-01,,David W. Macdonald; Chris Newman,0,False,,cites_W2090428386,"Abstract Wytham’s badgers live in groups, but why? An opening question regarding the evolution of group living is how does it get started? Generally, if adult offspring are to be recruited to the workforce of the ‘family firm’, how can there be space (resources/food) to accommodate them in the family home? We look for evidence of cooperative benefits, and find little. Indeed, when analysing whether the presence of potential allomothers/parents translates into improved circumstances, and ultimately survival, of badger cubs, we find the opposite. Turning to hunting, we investigate whether badgers cooperate in hunting fleas. Why does the humble badger flea merit attention? Because it may tell us something about the evolution of cooperation. Fleas prompt legion questions: How many fleas might a badger have? What do badgers do about their flea burden? How much time do badgers devote to mutual grooming? Does this cooperation pay? Is flea removal effective? Or maybe mutual grooming is motivated by each individual’s sensitivity to itchiness? This leads to discoveries about the consequences of communal denning in terms of ectoparasites."
https://openalex.org/W4309372916,https://doi.org/10.1093/oso/9780192845368.003.0019,"Of the Same Stripe, or Not—Exceptions That Prove Rules",2022,2022-11-01,,David W. Macdonald; Chris Newman,0,False,,cites_W2090428386,"Abstract This book has been about badgers—specifically Wytham’s badgers. This specificity is not blinkered—on the contrary it is a liberating opportunity to travel from the particular to the general. To use one population of badgers, studied in utmost detail, as a model for carnivore, even mammalian, behavioural and evolutionary ecology: The Badgers of Wytham Woods: A Model of Behaviour and Evolution. So, as our perspective broadens we explore variation beyond Wytham, first to badgers living beyond our special woodland elsewhere in the UK, then across the European continent to frame Wytham in the context of intra-specific variation. Onward, to their congeneric relatives in Japan, and then to other badgers in China, before really broadening the inter-specific net to embrace all carnivores. The Badgers of Wytham Woods reveals Wytham’s badgers, and their society, populations, and molecules to be fashioned by their ecology, framed by their mustelid inheritance and paradigms of mammalian evolution. This has been much more than a book about badgers, or even about one of the longest-running and diverse carnivore research projects ever: it is about a model species that offers a paradigm for understanding behaviour and evolution."
https://openalex.org/W4309372981,https://doi.org/10.1093/oso/9780192845368.002.0009,Maps of Wytham Badger Setts,2022,2022-11-01,,,0,False,,cites_W2090428386,"Extract Readers of The Badgers of Wytham Woods will come to know some of the badgers personally, and will refer often to the setts in which they live. The woods are dotted with over 1000 badger holes, but only about 70 of them have names and it is principally 23 of these more major setts that feature prominently in our story. The aerial photo shows the landscape, the borders of the wood, and, as white dots, those setts that feature by name in the text. On the facing page each of these setts is given an abbreviation and here we provide the key to the names these codes abbreviate. Readers who wish to follow the personal stories of badgers and their social groups in detail can find on these maps the sett names referred to in the text. This map is a sliding amalgam across time: some named setts are no longer there (e.g. BP, RCO), the fortunes of others have waxed or waned—sometimes prominent, sometimes in cobwebbed disuse—and yet others are more or less closely linked (e.g. those on the outskirts of main setts such as HC, P, TC, and HH). Nonetheless, we have monitored individual badgers in every one of these named setts, and for readers eager to delve deeply into their story the map will offer spatial reference."
https://openalex.org/W4309373178,https://doi.org/10.1093/oso/9780192845368.003.0004,"Setts, Society, and Super-groups",2022,2022-11-01,,David W. Macdonald; Chris Newman,0,False,,cites_W2090428386,"Abstract As the cohort of young for the year integrate into adult society we ask what has changed about the social composition and inter-group geometries over the 50 years of our study—how have the number and mosaic of social groups evolved as population density increased? Do Wytham’s badgers defend these contiguous ranges, or do they observe the commandment to love thy neighbour? If so, then what determines whether some neighbours are favoured more than others? We ask whether limitations on dispersal in a saturated habitat constrain the ability of burgeoning groups to fission, and if this inability to cleave at such high density leads to meta-structures linking groups spatially and socially. This leads us through the ethology of encounters—members of different groups may either fight, mate, or engage amicably. In the early 1970s Hans Kruuk’s interpretation was that the relations between neighbouring badger groups were aggressive, exclusive, and territorial, but it seems that things have since changed (later we will explore why). This leads us to the discovery of super-groups, a story partly shaped by the geology of spatial organization, and the product of the high population density that this geology and geomorphology creates. This draws our attention back to the setts (in which cubs were born in Chapter 1) and questions about who digs them and what occurs during visits between them, both within and between group ranges."
https://openalex.org/W4309373200,https://doi.org/10.1093/oso/9780192845368.002.0002,Frontispiece,2022,2022-11-01,,,0,False,,cites_W2090428386,Subject Zoology and Animal Sciences Natural History Collection: Oxford Scholarship Online
https://openalex.org/W4309373222,https://doi.org/10.1093/oso/9780192845368.003.0002,It’s Tough at the Bottom,2022,2022-11-01,,David W. Macdonald; Chris Newman,0,False,,cites_W2090428386,"Abstract Selection pressures vary with age, and no matter how successful adults might be, it is vital that their offspring can also survive in order for the population to flourish. How does a cub, emerging from the sett and into our database, chart its path to maturity? It transpires that about a half of Wytham’s badger cubs may succumb, but to what? This leads us to the story of intestinal parasites, entangled with food supply and weather conditions. We go on to ask whether cubhood infection has consequences in adulthood. The answer affects body-length development and, remarkably, asymmetry in their palatal maculation. This chapter leaves the surviving cubs poised to join badger society, that very same society on whose adaptive significance the book is focused."
https://openalex.org/W4309373524,https://doi.org/10.1093/oso/9780192845368.003.0003,Apprenticeships for Badger Society,2022,2022-11-01,,David W. Macdonald; Chris Newman,0,False,,cites_W2090428386,"Abstract What apprenticeship prepares badger cubs for membership of the society into which they were born? The answer leads us to heterochrony—individuals differing in the timing of key developmental stages. Why, as they mature, do some badgers disperse whilst others do not? Should they stay, or should they go? What affects a badger’s decision to remain in its natal group, or disperse? We explore what distinguishes a disperser from a homebody and whether there is a sex bias in the answer. We also explore whether dispersal is motivated by push from the origin group, or pull towards the new group, and whether it is easier to join some groups than others, according to from where a badger hails."
https://openalex.org/W4309373622,https://doi.org/10.1093/oso/9780192845368.002.0008,Prologue,2022,2022-11-01,,,0,False,,cites_W2090428386,"Extract Anything appears greatest to him that never knew a greater.Lucretius,1 De Rerum Naturae (Book VI) Beginnings are tricky to identify, perhaps impossible, because each has another standing behind it, but you’ve got to start somewhere. We have two beginnings to deal with here: our badger story; and the story of the badger. As to the beginnings of badgerologists, David credits his Glaswegian father, doctor of medicine and scratch golfer, teaching him, aged 10, to use plaster of Paris (intended to splint broken limbs) to make casts of badger and fox paw prints in the sandy bunkers of St George’s Hill Golf Club (although, considering the influences of fate or family culture, the journey to Chapter 16—on the topic of tuberculosis—may have been written in the tealeaves when his pioneering great aunt Elizabeth, one of the first women doctors in Glasgow, wrote her prize-winning MD thesis On the Value of the Tuberculo-opsonic Index in Diagnosis2)."
https://openalex.org/W4309423129,https://doi.org/10.1093/oso/9780192845368.003.0017,Genetic Mate Choice—Quality Matters,2022,2022-11-01,,David W. Macdonald; Chris Newman,0,False,,cites_W2090428386,"Abstract We have described badger sociology, and the ethology of their mating—in effect most badgers in a group mate with most other badgers in a group, and plenty beyond. But what of the genetics? Ten generations of genealogical detail allow us to answer the question of which individuals win and lose in the competition for progeny. There are many surprises, and the first is that many youngsters, about half, are sired by the next-door neighbour. We know so much detail about these badgers that we can ask probing questions. For example, do badgers select for quality traits in their mates? Is there a direct relationship between each badger’s genetic traits and its fitness? Could it be that opposing evolutionary forces balance out different strategies according to annual circumstances and the extent to which the population benefited from optimal conditions? How can evident heterozygosity advantages of the father be visited upon offspring if said cub does not itself inherit that same high extent of heterozygosity? This exploration of the badger’s mating system leads us deep into genetics: was an amorous badger sniffing gustily at potential mates really eyeing up whether that mating would be major histocompatibility complex (MHC) assortative or MHC disassortative? In short, we explore how badgers tackle the question of with whom to mate, and why; the balance between optimality and opportunity."
https://openalex.org/W4309423133,https://doi.org/10.1093/oso/9780192845368.003.0010,The Ecological Foundations to Badger Group Living,2022,2022-11-01,,David W. Macdonald; Chris Newman,0,False,,cites_W2090428386,"Abstract Why do badgers live in groups? If not for benefits linked to alloparenting or hunting success, what might favour Wytham’s 23 groups of c. 8 badgers, versus hundreds of individual burrows? The answer lies in the transition from behaviour to ecology, and so this transitional chapter begins by documenting badger diet in Wytham. An important element is the earthworm, and we use almost 40 years of data to reveal that young badgers, with least resilience to tolerate periods of food scarcity, present the greatest starvation risk. We revisit ideas, such as the Resource Dispersion Hypothesis, that interpret society as an emergent property of ecology combined with factors such as ability to tolerate food insecurity. Moving from ethological observations of badgers foraging for worms, and an exploration of optimal foraging theory, we document how badger social group geometry has changed over the decades. We ask what aspect of sociology imposes a glass ceiling on group size, and show the time scale of the fissioning of the original 12 progenitor groups in the 1970s into the 23 contemporary millennial groups. How does this affect interpretation of latrine-marked boundaries? This chapter leads to the question of whether the badgers’ evolutionary past has prepared them for twenty-first-century Wytham Woods. Do the ecological circumstances of Wytham in 2020 fit within the envelope of adaptive intra-specific variation (the sociological phenotype) that defines a badger, or might sociality be an as-yet not fully exploited compromise for high-density living?"
https://openalex.org/W4309423274,https://doi.org/10.1093/oso/9780192845368.002.0004,Copyright Page,2022,2022-11-01,,,0,False,,cites_W2090428386,"Extract Great Clarendon Street, Oxford, OX2 6DP, United Kingdom Oxford University Press is a department of the University of Oxford. It furthers the University’s objective of excellence in research, scholarship, and education by publishing worldwide. Oxford is a registered trade mark of Oxford University Press in the UK and in certain other countries © David W. Macdonald and Chris Newman 2022 The moral rights of the authors have been asserted Impression: 1 All rights reserved. No part of this publication may be reproduced, stored in a retrieval system, or transmitted, in any form or by any means, without the prior permission in writing of Oxford University Press, or as expressly permitted by law, by licence or under terms agreed with the appropriate reprographics rights organization. Enquiries concerning reproduction outside the scope of the above should be sent to the Rights Department, Oxford University Press, at the address above You must not circulate this work in any other form"
https://openalex.org/W4309423333,https://doi.org/10.1093/oso/9780192845368.003.0007,Sex,2022,2022-11-01,,David W. Macdonald; Chris Newman,0,False,,cites_W2090428386,"Abstract Do all individuals mate and, if not, what factors determine winners and losers? Using infrared video cameras we describe Rabelaisian badger mating encounters in a polygynandrous system of promiscuity. This led to discoveries about the mating oestrous period in Wytham, and how this varies between badger populations, according to density and likelihood of mating assurance. But there is also mating outside of these fertile periods, so what is the function of this non-conceptive intercourse? Why would female badgers mate with many males without appearing to be choosy on her suitor’s qualities, and what opportunities does she have for selecting between candidate mates, including post-copulatory selection of whose embryos to implant?"
https://openalex.org/W4309423349,https://doi.org/10.1093/oso/9780192845368.003.0005,The Sum of the Parts,2022,2022-11-01,,David W. Macdonald; Chris Newman,0,False,,cites_W2090428386,"Abstract What is the composition of badger groups, and what various relationships exist amongst their members? Are groups in Wytham egalitarian or despotic? How do the answers affect whether all badgers get an equal chance to breed, and whether (and in what form) there is a social hierarchy? The answers lead us to explore whether a skewed share of reproductive success reflects social supremacy or merely some anarchic throw of the dice. We move through sexual maturity to analyse what distinguishes reproductive stars from the reproductive flops and consider whether conventional rank exists amongst Wytham’s badgers; if it exists, does it pay any clear dividend?"
https://openalex.org/W4309423462,https://doi.org/10.1093/oso/9780192845368.003.0014,The Game of Life,2022,2022-11-01,,David W. Macdonald; Chris Newman,0,False,,cites_W2090428386,"Abstract Armed with demographic data on Wytham’s badger population, and the pervasive influence of the weather, we turn to pace of life theory and ask how the paradigmatic badger illustrates evolutionary principles. If the evolutionary actuary is so remorseless in meting out penalties, why has it not canalized all variation to the ‘perfect’ fit? Our analyses explore how the aptitudes, and life history choices, of individuals coalesce within the functioning of badger society. This leads to a consideration of how badgers store energy to cope with periods—predictable and stochastic—of food scarcity, and whether individuals differ in how they tackle the problem of fat storage. We use sophisticated tracking technology and biochemical markers of metabolic rate to deduce badgers’ dynamic vs overall daily energy expenditure, and how this varies between strategists and with prevailing conditions. The answers lead to a discussion of the sense in which individuals, in this case individual badgers, live their lives at different speeds. Was pace of life affected by the social milieu in which a badger existed? Environmental carrying capacity becomes tangible through how relatively fat, or slim, individuals are; answers that are different between sexes and age classes."
https://openalex.org/W4366606069,https://doi.org/10.1093/jmammal/gyad021,"Pre- and postcopulatory competition affect testes mass and organization differently in two monophyletic mole-rat species, Georychus capensis and Fukomys damarensis",2023,2023-01-31,Journal of Mammalogy,Sharna R Rainer; Elissa Z. Cameron; Amy M. Edwards; Nigel C. Bennett; H. G. Thomas; D.A. Swanepoel,0,True,https://academic.oup.com/jmammal/advance-article-pdf/doi/10.1093/jmammal/gyad021/50062502/gyad021.pdf,cites_W2090428386,"Abstract Sperm competition results from postcopulatory continuation of male–male competition for paternity. The level of sperm competition is predicted to be highest in species with greater polyandry and weakest in monogamous pairs. Sperm competition levels can be indexed using traits that reflect male investment in fertilization, particularly relative testes mass (RTM). However, the relationship between RTM and levels of sperm competition may also be influenced by precopulatory competition selecting for higher levels of testosterone, also produced by the testes. To test the relationship between RTM and both pre- and postcopulatory male–male competition we compared two bathyergid mole-rat species, the promiscuous Georychus capensis and the monogamous eusocial Fukomys damarensis. The promiscuous species had not only larger RTM, but also a greater proportion of spermatogenic tissue, maximizing germ cell production as well. Conversely, the eusocial species had smaller testes, but a higher proportion of interstitial tissue (which contains the androgenic Leydig cells) and higher levels of testosterone. Consequently, testicular traits as well as testes mass may be under selection, but these are not normally measured. More research is required on relative investment in different testicular traits in relation to both pre- and postcopulatory selection pressures."
https://openalex.org/W4386767608,https://doi.org/10.1101/2023.09.12.557314,Sperm length evolution in relation to body mass is shaped by multiple trade-offs in tetrapods,2023,2023-09-15,bioRxiv (Cold Spring Harbor Laboratory),Loren Koçillari; Silvia Cattelan; Maria Berica Rasotto; Flavio Seno; Amos Maritan; Andrea Pilastro,0,True,https://www.biorxiv.org/content/biorxiv/early/2023/10/27/2023.09.12.557314.full.pdf,cites_W2090428386,"Abstract Sperm size is highly variable across species and is influenced by various factors including fertilization mode, female reproductive traits and sperm competition. Despite considerable efforts, many questions about sperm size variation remain open. Variation in body size may affect sperm size evolution through its influence on these factors, but the extent to which sperm size variation is linked to body mass remains elusive. In this study, we use the general theory of Pareto Optimality to investigate the relationship between sperm size and body mass across tetrapods. We find that tetrapods fall within a triangular-shaped Pareto front in the trait space of body mass and sperm length suggesting that the evolution of sperm size in relation to body size is shaped by trade-offs. We then explore the three main factors predicted to influence sperm size evolution, namely sperm competition, clutch size and genome size. Our results demonstrate that body mass optimally shapes sperm size evolution in tetrapods mainly through its association with sperm competition and clutch size. Finally, we show that the triangular-shaped Pareto front is maintained when tested separately within mammals, birds, endothermic species and internal fertilizers, suggesting that similar evolutionary trade-offs characterize the evolution of sperm size in relation to body size within taxonomic/phylogenetic and functional subgroups of tetrapods. This study provides insights into the evolutionary mechanisms driving interspecific sperm size variation and highlights the importance of considering multiple trade-offs in optimizing reproductive traits."
https://openalex.org/W4388875862,https://doi.org/10.1007/978-3-031-08956-5_752-1,Cryptic Mate Choice: A Mechanism of Postcopulatory Sexual Selection,2023,2023-01-01,,C. Ruth Archer; David J. Hosken,0,False,,cites_W2090428386,
https://openalex.org/W4389537761,https://doi.org/10.36939/ir.202312111149,Post mating isolating barriers between Drosophila species and the role of seminal fluid gene expression,2023,2023-12-07,,Carolina Flacchi,0,True,https://winnspace.uwinnipeg.ca/bitstream/10680/2124/1/Flacchi_Carolina_Final_MSc_Thesis_2023.pdf,cites_W2090428386,"Reproductive genes are known to be among the fastest evolving category of genes within the genome, and males’ reproductive genes show a high divergence between species. A class of genes expressed in the male’s reproductive tract, the Seminal Fluid Protein genes (SFPs), have been shown to be the most rapidly evolving male genes. The fast evolution and divergence of these genes were first attributed to forms of postcopulatory sexual selection and sexual conflict. However, a recent study that analyzed the molecular evolution of SFPs among different species of Drosophila at the coding sequence level found that the responsible force driving the rapid evolution of SFPs was relaxed selection, with only a small proportion evolving by positive selection. In this thesis, I focus on analyzing the molecular evolution of SFP genes at the gene expression level, rather than at the coding sequence level, and on understanding whether changes at the gene expression level can trigger the evolution of reproductive barriers. From my analysis, it emerged that SFP genes show a higher divergence in expression compared to the average accessory gland gene, but do not show a higher polymorphism. Moreover, after knocking down four genes under positive selection, that have been previously shown to affect intraspecific sperm competition, and after performing mating experiments both at the intra and interspecific level between D. melanogaster and D. simulans, we find no difference in the ability of the D. melanogaster knockdowns to outcompete heterospecific D. simulans males. These results suggest that genes influencing forms of postcopulatory sexual selection (i.e., sperm competition) and those influencing reproductive barriers (i.e., conspecific sperm precedence) do not share a common genetic basis. This hints to the possibility that, while intraspecific sperm competition can be affected by the perturbation of a single gene, the perturbation of more than one gene at the same time might be needed to affect conspecific sperm precedence."
https://openalex.org/W4391293965,https://doi.org/10.1101/2024.01.26.577329,Experimental evidence that investment into ejaculation and mating effort impose different life history trade-offs,2024,2024-01-27,bioRxiv (Cold Spring Harbor Laboratory),Meng‐Han Joseph Chung; Rebecca J. Fox; Michael D. Jennions,0,True,https://www.biorxiv.org/content/biorxiv/early/2024/01/27/2024.01.26.577329.full.pdf,cites_W2090428386,"Abstract When males compete, sexual selection favors reproductive traits that increase their mating or fertilization success (pre- and post-copulatory sexual selection). It is assumed that males face a trade-off between these two types of sexual traits because they both draw on investment from the same pool of resources. Consequently, investment into mate acquisition or ejaculation should create similar trade-offs with other key life history traits. Tests of these assumptions are exceedingly rare. Males only ejaculate after they mate, and investment into ejaculation is therefore highly correlated with mating effort. Consequently, little is known about how each component of reproductive investment affects a male’s future performance. Here, we ran an experiment using a novel technique to distinguish the life history costs of mating effort and ejaculation for mosquitofish ( Gambusia holbrooki ). We compared manipulated males (mate without ejaculation), control males (mate and ejaculate) and naïve males (neither mate nor ejaculate) continuously housed with a female and two rival males. We assessed their growth, somatic maintenance, mating and fighting behavior, and sperm traits after 8 and 16 weeks. Past mating effort significantly lowered a male’s future mating effort and growth, but not his sperm production; while past sperm release significantly lowered a male’s future ejaculate quantity, but not his mating effort. These findings challenge the assumption that male reproductive investment draws from a common pool of resources such that, all else being equal, greater mating effort reduces ejaculate investment, and vice versa . Instead, we provide clear evidence that investment in traits under pre- and post-copulatory sexual selection have different trait-specific effects on subsequent male reproductive performance that occur both early and late in life."
https://openalex.org/W4391759995,https://doi.org/10.1016/b978-0-443-15750-9.00009-4,Sperm Competition,2024,2024-01-01,Elsevier eBooks,Léa Daupagne; John L. Fitzpatrick,0,False,,cites_W2090428386,
https://openalex.org/W4396695991,https://doi.org/10.1038/s41598-024-61109-z,Polyandry and sperm competition in two traumatically inseminating species of Strepsiptera (Insecta),2024,2024-05-07,Scientific Reports,Kenny Jandausch; Nico Wanjura; Hermes E. Escalona; Manuela Sann; Rolf G. Beutel; Hans Pohl; Oliver Niehuis,0,True,http://dx.doi.org/10.1038/s41598-024-61109-z,cites_W2090428386,"Polyandry, the practice of females mating with multiple males, is a strategy found in many insect groups. Whether it increases the likelihood of receiving beneficial genes from male partners and other potential benefits for females is controversial. Strepsiptera are generally considered monandrous, but in a few species females have been observed copulating serially with multiple males. Here we show that the offspring of a single female can have multiple fathers in two Strepsiptera species: Stylops ovinae (Stylopidae) and Xenos vesparum (Xenidae). We studied female polyandry in natural populations of these two species by analysis of polymorphic microsatellite loci. Our results showed that several fathers can be involved in both species, in some cases up to four. Mating experiments with S. ovinae have shown that the first male to mates with a given female contributes to a higher percentage of the offspring than subsequent males. In X. vesparum, however, we found no significant correlation between mating duration and offspring contribution. The prolonged copulation observed in S. ovinae may have the advantage of reducing competition with sperm from other males. Our results show that monandry may not be the general pattern of reproduction in the insect order Strepsiptera."
https://openalex.org/W4397008767,https://doi.org/10.1007/978-3-031-55382-0_5,When THAT Exception Persists Almost as THAT Exception,2024,2024-01-01,,Alfredo V. Peretti; Lucía S. Calbacho-Rosa; Paola A. Olivero; Mariela A. Oviedo‐Diego; David E. Vrech,0,False,,cites_W2090428386,
https://openalex.org/W4411332228,https://doi.org/10.1016/j.beproc.2025.105229,The function of antennation as courtship in bean beetles,2025,2025-06-16,Behavioural Processes,Frances S Rice; Lia Romanotto; Sylvie Paddon-Jones; Flavia Barbosa,0,False,,cites_W2090428386,
https://openalex.org/W4413988632,https://doi.org/10.1007/s10164-025-00863-7,Male ejaculate volume is adjusted according to sperm stock and not influenced by female reproductive potential or mating status in Japanese pygmy squid,2025,2025-09-04,Journal of Ethology,Ryohei Tanabe; Yoko Iwata; Noriyosi Sato,0,True,https://link.springer.com/content/pdf/10.1007/s10164-025-00863-7.pdf,cites_W2090428386,"Abstract Due to the cost of sperm production, males are expected to adjust ejaculate volume to maximize reproductive success. This study investigates how male ejaculate volume in Idiosepius paradoxus is influenced by (1) female quality (reproductive potential and mating status) and (2) the sperm stock of the male. Males are hypothesized to increase ejaculate volume when mating with females of high reproductive potential or non-virgin females with sperm-competition risk. However, no evidence supported these assumptions, suggesting the presence of other factors. We found that males consistently allocated a moderate volume of ejaculate with approximately 12% and 14 % of their sperm stock in the early and late reproductive season, respectively. This may be the most efficient way to use male reproductive resources in conditions where the male-driven mating frequency is high. It was noted that, early in the reproductive season, the ejaculate volume transferred by smaller males was similar to that transferred by larger males. This was achieved by smaller males allocating a higher proportion of their total sperm stock, despite possessing relatively fewer sperm. However, this trend was not observed in the late reproductive season. Possible explanations for the evolution of these unique patterns of ejaculate volume allocation are discussed."
https://openalex.org/W4415157207,https://doi.org/10.1186/s12915-025-02382-w,Female fruit flies use social cues to make egg-clustering decisions,2025,2025-10-14,BMC Biology,Emily R. Churchill; Emily K. Fowler; Lucy A. Friend; Marco Archetti; Douglas W. Yu; Andrew F. G. Bourke; Tracey Chapman; Amanda Bretman,0,True,https://bmcbiol.biomedcentral.com/counter/pdf/10.1186/s12915-025-02382-w,cites_W2090428386,"BACKGROUND: The ability to respond plastically to environmental variation is a key determinant of fitness. Females may use cues to strategically place their eggs, for example adjusting the number or location of eggs according to whether other females are present and driving the dynamics of local competition or cooperation. The expression of plasticity in egg-laying patterns within individual patches (i.e. in contact clusters or not) represents an additional, under-researched, and potentially important opportunity for fitness gains. Clustered eggs might benefit from increased protection or defence, and clustering could facilitate cooperative feeding. However, increased clustering is also expected to increase the risk of overexploitation through direct competition. These potential benefits and costs likely covary with the number of individuals present; hence, egg-clustering behaviour within resource patches should be socially responsive. We investigate this new topic using the fruit fly Drosophila melanogaster. RESULTS: Our mathematical model, parameterised by data, verified that females cluster their eggs non-randomly and increase clustering as group size increases. We also showed that as the density of adult females increased, females laid more eggs, laid them faster, and laid more eggs in clusters. Females also preferred to place eggs within existing clusters. Most egg clusters were of mixed maternity. CONCLUSIONS: Collectively, the results reveal that females express plasticity in egg clustering according to social environment cues and prefer to lay in clusters of mixed maternity, despite the potential for increased competition. These findings are consistent with egg-clustering plasticity being selected due to cooperative benefits."
https://openalex.org/W7131427375,https://doi.org/10.1093/zoolinnean/zlag018,A tale of two camel spiders: divergence in sperm parameters in two Neotropical solifuge species with contrasting mating systems,2026,2026-01-13,Zoological Journal of the Linnean Society,David E. Vrech; Franco Cargnelutti; Mariela Oviedo-Diego; Eileen A. Hebets; Alfredo V. Peretti,0,False,,cites_W2090428386,"Abstract Understanding how divergent mating strategies influence reproductive investment is crucial for elucidating the evolution of sexual traits. Here, we compare postcopulatory traits in two sympatric solifuge species with contrasting mating tactics: the coercive Oltacola chacoensis and the persuasive Titanopuga salinarum. We examined deferent duct morphology, sperm quantity, sperm quality, and their relationships with male body size. Oltacola chacoensis exhibited larger deferent ducts than T. salinarum. In both species, larger males presented more voluminous deferent ducts. Remarkably, both species stored comparable numbers of sperm and maintained consistently high sperm viability. Notably, T. salinarum produced seminal secretions positively associated with sperm number, whereas O. chacoensis lacked these secretions. These findings indicate alternative ejaculate allocation patterns aligned with distinct mating tactics: O. chacoensis might prioritize ejaculate volume and rapid transfer in coercive conditions, whereas T. salinarum invests in secretion-rich ejaculates, possibly associated with sperm performance during prolonged and persuasive courtship. The absence of differences in the number of sperm despite variation in deferent duct size suggests that ejaculate investment might vary in composition rather than quantity alone. This study provides new insights into the interplay between mating strategies and postcopulatory traits, reinforcing the relevance of solifuges as promising models for investigating reproductive diversification."
https://openalex.org/W7165849928,https://doi.org/10.61215/nwjz.2026.22.1.08,Diploid spermatozoa detection in urinary sperm from Pelophylax water frogs: sperm morphological traits and meiotic features,2026,2026-06-15,North-Western Journal of Zoology,Eleonora Pustovalova; Anna Fedorova; Labajová Veronika; Dmitrij Dedukh; Lukáš Choleva,0,False,,cites_W2090428386,"Spermiogenesis is a conserved process across taxa but often adapts to species-specific fertilization strategies, influencing sperm morphology and traits like motility and longevity, which are crucial for reproductive success. Water frogs of the genus Pelophylax are notable for producing fertile hybrids, such as P. esculentus, which generate both haploid and diploid spermatozoa with diverse genome compositions. Despite this, little is known about the morphology and genome content of hybrid, and particularly diploid, sperm. This study used fluorescent in situ hybridization (FISH) with species-specific markers to analyze sperm from hybrid P. esculentus and its parental species, P. ridibundus and P. lessonae. Spermatozoa measurements revealed no significant differences in head and tail traits between haploid sperm from hybrids and parental species. However, diploid spermatozoa in hybrids were significantly larger than haploid spermatozoa, likely reflecting doubled DNA content. Correlations between head and tail lengths were observed in spermatozoa with P. lessonae genomes, suggesting potential functional implications. Our findings show that hybrids produce haploid sperm with morphology similar to that of the parental species. However, they may also produce larger diploid spermatozoa with a possible impact on motility and fertility. This study presents a non-lethal method for examining amphibian spermatozoa morphology and genome content, providing new insights into the reproductive biology of Pelophylax frogs. These results align with patterns seen in other vertebrates, emphasizing the evolutionary and ecological significance of sperm traits in hybrid systems. This approach provides a foundation for future studies on amphibian reproduction while promoting ethical research practices."
https://openalex.org/W7167827663,https://doi.org/10.1007/s00040-026-01118-5,"Colony density influences colony demographics and reproductive investment in managed honey bees, Apis mellifera L.",2026,2026-07-09,Insectes Sociaux,E. L. S. Carta; Christina J. Painting; S. Birch; Ashley N. Mortensen,0,True,https://link.springer.com/content/pdf/10.1007/s00040-026-01118-5.pdf,cites_W2090428386,"Abstract High population density is generally predicted to intensify reproductive competition in polyandrous mating systems. In such systems, selection favours traits that increase a male’s share of paternity, including greater investment in sperm number or quality. In eusocial insects, reproductive competition is expressed at multiple biological scales, with males also representing the gametic output of the superorganism where colonies compete through the reproductive success of their males. We investigated how a superorganism, the western honey bee ( Apis mellifera L.), adjusts reproductive strategies in response to apiary density (i.e., increasing proximal population density). We hypothesised that honey bees experiencing high population densities would increase their reproductive investment as a colony, producing more males (drones), and individually, increasing sperm quality and/or quantity of drones. Across high-, medium-, and low-density scenarios, we measured colony investment (drone production) and individual investment (sperm quantity and viability). Colonies in high-density apiaries produced significantly more drone brood and their drones had higher sperm counts than those in low-density apiaries. However, the proportion of viable sperm did not differ significantly between drones across density treatments. Moreover, increased drone brood production was inversely associated with reduced worker comb production, suggesting a trade-off with colony maintenance. Our study highlights potential applications of single-organism sexual selection theory for understanding environmental pressures and adaptive reproductive responses in eusocial species, offering insight into how both individual and collective strategies shape reproductive outcomes of colonies."
https://openalex.org/W7203472126,https://doi.org/10.1071/rd26092,A comparative study of sperm motility kinematics in six fish species of the subfamily Leuciscinae (Actinopterygii: Cypriniformes),2026,2026-08-14,Reproduction Fertility and Development,Katarzyna Dziewulska; Jan Bocianowski,0,False,,cites_W2090428386,"AIMS: A comparative study was conducted on the sperm motility kinematics of six species within the subfamily Leuciscinae, aiming to elucidate the potential relationship between variations in sperm motility parameters and both the water currents at their spawning grounds and their mating behaviour. METHODS: Computer-assisted sperm analysis (CASA) was performed to evaluate nine motility parameters. Water currents at the spawning grounds and mating behaviours were compiled based on literature data. KEY RESULTS: This study identified both similarities and differences in sperm motility characteristics. Differences in sperm motility kinematics primarily concerned velocity at activation and the total duration of movement. CONCLUSIONS: In rheophilic Leuciscinae spawners, such as the vimba bream and chub, a prolonged motility duration or lower sperm velocities were observed compared to still-water spawners. Still-water spawners, such as the territorial freshwater bream and the non-territorial white bream, which exhibits reported courtship tactics, showed intermediate sperm velocities. The roach and rudd, which display lek-like mating behaviour, presented the highest initial velocities. IMPLICATIONS: Further research is required to confirm that sperm traits in Leuciscinae are strongly shaped by environmental conditions and mating systems, as well as to provide detailed descriptions of the multi-faceted biological factors that underlie breeding success across different species."
https://openalex.org/W3154888068,https://doi.org/10.1029/2020jd034047,How Land‐Sea Interaction of Tidal and Sea Breeze Activity Affect Mangrove Net Ecosystem Exchange?,2021,2021-04-10,Journal of Geophysical Research Atmospheres,Xudong Zhu; Zhangcai Qin; Lulu Song,45,False,,cites_W2064108869,"Abstract Coastal mangrove wetlands experience unique land‐sea interaction including periodic tidal and sea breeze activity; however, their impacts on mangrove net ecosystem exchange (NEE) of carbon dioxide have not been well investigated. In this regard, continuous eddy covariance and auxiliary measurements were conducted to characterize the temporal variations in NEE and environmental controls in a subtropical mangrove of southeastern China. Over a 3‐year measurement period, this mangrove acted a consistent carbon sink showing weak seasonality in NEE with a stronger sink in spring. Environmental controls on NEE varied across time scales: (1) at half‐hourly time scale especially for summer and autumn, high temperature and vapor pressure deficit (VPD) suppressed daytime carbon uptake, while inundation fraction and rain restrained nighttime carbon efflux; (2) the importance of environmental impacts on daily NEE decreased in the order of photosynthetically active radiation, air temperature, sea breeze, VPD, tidal salinity, and inundation; (3) monthly carbon uptake was statistically negatively and positively correlated with inundation fraction and rain, respectively. Periodic tidal inundation exerted both direct and indirect effects, but their relative importance changed across time scales. Cooling and wetting effects from regular sea breeze relieved atmospheric temperature/moisture stresses at afternoon, acting as an important indirect effect to promote carbon uptake. This study confirms the importance of previously neglected indirect effects of land‐sea interaction of tidal and sea breeze activity on mangrove NEE."
https://openalex.org/W2809479515,https://doi.org/10.1111/plb.12870,Regeneration of a keystone semiarid shrub over its range in Spain: habitat degradation overrides the positive effects of plant–animal mutualisms,2018,2018-06-22,Plant Biology,Pedro J. Rey; Inmaculada Cancio; Antonio J. Manzaneda; Ana González‐Robles; Francisco Valera; Teresa Salido; Julio M. Alcántara,27,False,,cites_W2064108869,"Global change drivers are currently affecting semiarid ecosystems. Because these ecosystems differ from others in biotic and abiotic filters, cues for plant regeneration and management derived from elsewhere may not be applicable to semiarid ecosystems. We sought to determine the extent to which regional variation in regeneration prospects of a long-lived semiarid keystone shrub depends on anthropogenic habitat degradation, plant-animal interactions and climate determinants. We investigated the regeneration ability (via population size structure, juvenile density and juvenile/adult ratio), fruit set and seed dispersal of Ziziphus lotus in 25 localities spanning the range of its threatened habitats in Spain. We dissected the relative contribution of different regeneration determinants using multiple regression and structural equation modelling. Population regeneration was extremely poor, and size structures were biased towards large classes and low juvenile densities and juvenile/adult ratios. Poor regeneration was often coincident with seed dispersal collapse. However, the positive effect of seed dispersal on population regeneration disappeared after considering its relationship with habitat degradation. Protected areas did have juveniles. Together, these data suggest that habitat degradation directly impacts juvenile establishment. Our results provide insights into habitat and species management at the regional level. Z. lotus populations are currently driven by persistence-based dynamics through the longevity of the species. Nonetheless, collapsed seed dispersal, poor regeneration and the removal of adults from their habitats forecast extinction of Z. lotus in many remnants. The extreme longevity of Z. lotus provides opportunities for recovery of its populations and habitats through effective enforcement of regulations."
https://openalex.org/W4387440173,https://doi.org/10.1111/jeb.14234,phylosem: A fast and simple R package for phylogenetic inference and trait imputation using phylogenetic structural equation models,2023,2023-10-01,Journal of Evolutionary Biology,James T. Thorson; Wouter van der Bijl,20,True,https://onlinelibrary.wiley.com/doi/pdfdirect/10.1111/jeb.14234,cites_W2064108869,"Abstract Phylogenetic comparative methods (PCMs) can be used to study evolutionary relationships and trade-offs among species traits. Analysts using PCM may want to (1) include latent variables, (2) estimate complex trait interdependencies, (3) predict missing trait values, (4) condition predicted traits upon phylogenetic correlations and (5) estimate relationships as slope parameters that can be compared with alternative regression methods. The Comprehensive R Archive Network (CRAN) includes well-documented software for phylogenetic linear models (phylolm), phylogenetic path analysis (phylopath), phylogenetic trait imputation (Rphylopars) and structural equation models (sem), but none of these can simultaneously accomplish all five analytical goals. We therefore introduce a new package phylosem for phylogenetic structural equation models (PSEM) and summarize features and interface. We also describe new analytical options, where users can specify any combination of Ornstein-Uhlenbeck, Pagel's-δ and Pagel's-λ transformations for species covariance. For the first time, we show that PSEM exactly reproduces estimates (and standard errors) for simplified cases that are feasible in sem, phylopath, phylolm and Rphylopars and demonstrate the approach by replicating a well-known case study involving trade-offs in plant energy budgets. Abstract We develop a new R-package phylosem that provides a simple interface for phylogenetic structural equation models. We identify and visualize five desirable features (coloured ellipses and labelled using matching coloured boxes), and note how four existing R-packages (grey boxes) each address different combinations of these five features. In this paper, we then outline how phylosem incorporates all five features."
https://openalex.org/W3124159873,https://doi.org/10.1111/1365-2745.13594,Tropical deforestation reduces plant mating quality by shifting the functional composition of pollinator communities,2021,2021-01-26,Journal of Ecology,Felipe Torres‐Vanegas; Adam S. Hadley; Urs G. Kormann; F. Andrew Jones; Matthew G. Betts; Helene H. Wagner,21,True,https://onlinelibrary.wiley.com/doi/pdfdirect/10.1111/1365-2745.13594,cites_W2064108869,"Abstract Deforestation can impact the quality of pollen received by target plants (i.e. delivery of incompatible pollen, self‐pollen or pollen from closely related individuals). Such reductions in plant mating quality may be direct, when deforestation reduces plant population size and the availability of pollen donors, or indirect, when decreased mating quality results, for example, from shifts in the composition of the pollinator community. As most flowering plants depend on animal pollinators for reproduction, there is a need to understand the direct and indirect links between deforestation, pollinator community composition and plant mating quality. We quantified the direct, pollen donor‐mediated and indirect, pollinator‐mediated effects of deforestation on mating quality inHeliconia tortuosa, a tropical herb pollinated by low‐ and high‐mobility hummingbirds. We used a confirmatory path analysis to test the hypothesis that deforestation (amount of forest cover and forest patch size) influenced mating quality (haplotype diversity of pollen pools, outcrossing and biparental inbreeding) directly and indirectly through functional shifts in the composition of pollinator communities (proportion of high‐mobility hummingbirds). We found that deforestation triggered functional shifts in the composition of pollinator communities, as the proportion of high‐mobility hummingbirds increased significantly with the amount of forest cover and forest patch size. The composition of the pollinator community affected mating quality, as the haplotype diversity of pollen pools increased significantly with the proportion of high‐mobility hummingbirds, while biparental inbreeding decreased significantly. Although we did not detect any significant direct, pollen donor‐mediated effects of deforestation on mating quality, reductions in the amount of forest cover and forest patch size resulted in functional shifts that filtered out high‐mobility hummingbirds from the pollinator community, thereby reducing mating quality indirectly. Synthesis. Deforestation primarily influenced plant mating quality through a cascading effect mediated by functional shifts in the composition of the pollinator community. Our results indicate that plant mating quality strongly depends on the composition of local pollinator communities. Functional shifts that filter out highly mobile and effective pollinators may reduce the transfer of genetically diverse pollen loads from unrelated plants. Such shifts may have pronounced effects on plant population dynamics and disrupt genetic connectivity."
https://openalex.org/W4409921710,https://doi.org/10.1111/2041-210x.70044,PhyBaSE : A Bayesian structural equation model approach to causal inference in phylogenetic comparative analyses,2025,2025-04-29,Methods in Ecology and Evolution,Achaz von Hardenberg; Alejandro González‐Voyer,7,True,https://onlinelibrary.wiley.com/doi/pdfdirect/10.1111/2041-210X.70044,cites_W2064108869,"Abstract One of the main limitations of phylogenetic comparative analyses is that associations between traits can only be interpreted as correlations. Here, we present a novel Bayesian structural equation model (PhyBaSE) which allows us to disentangle direct from indirect relationships among variables to propose potential causal hypotheses while accounting for phylogenetic non‐independence. Compared with the existing maximum‐likelihood based approach, PhyBaSE models are more flexible, allowing the inclusion of trait and phylogenetic uncertainty, as well as non‐continuous variables. To facilitate the application of the method, we provide worked examples, data and code. We exemplify the method both with simulated as well as empirical data. Our analyses with simulated data indicate that PhyBaSE models have higher power than classic Phylogenetic Path Analysis to discriminate between competing models. As an example of PhyBaSE using empirical data, we revisit different hypotheses proposed to explain the relationship between relative brain size and group size in Bovids. Our results challenge the previously supported social brain hypothesis and provide support for an allometric effect of body size on social group size and an effect of brain size on life span, as predicted by the cognitive buffer hypothesis. The flexibility of PhyBaSE models will allow researchers to explore more complex hypotheses on the evolution of behavioural, ecological and life history traits at a macroevolutionary level and how these are linked to anthropogenic drivers of biodiversity loss and extinction, taking full advantage of the increasing number of publicly available species‐specific datasets."
https://openalex.org/W2787642009,https://doi.org/10.1111/jse.12307,Assembly of Alaska‐Yukon boreal steppe communities: Testing biogeographic hypotheses via modern ecological distributions,2018,2018-02-21,Journal of Systematics and Evolution,Mary E. Edwards; Andrea H. Lloyd; W. Scott Armbruster,20,False,,cites_W2064108869,"Abstract Beringia (eastern Asia, Alaska, northwest Canada) has been a land‐bridge dispersal route between Asia and North America intermittently since the Mesozoic Era. The Quaternary, the most recent period of exchange, is characterized by large, geologically rapid climate fluctuations and sea‐level changes that alternately expose and inundate the land‐bridge region. Insights into how Quaternary land‐bridge geography has controlled species exchange and assembly of the North American flora comes from focusing on a restricted community with narrow ecological tolerances: species that are today restricted to isolated steppe habitats (dry grasslands) in the Subarctic. We evaluated (i) potential controls over current spatial distributions of steppe plants and their pollinators in Alaska and Yukon and (ii) their ecological distributions in relation to potential biogeographic histories. Taxa present in North America that are disjunct from Asia tended to have larger altitudinal ranges (tolerating colder temperatures) than taxa disjunct from farther south in North America, which were largely restricted to the warmest, lowest‐elevation sites. Ecological findings support the following biogeographic scenarios. Migration from Asia via the land‐bridge occurred during Quaternary glacial periods when conditions were colder and drier than today. While a corridor for migration of cold‐tolerant species of cold steppe and tundra, the land bridge acted as a filter that excluded warmth‐demanding species. Migration from North America occurred under warm, dry interglacial conditions; thermophilous North American disjuncts taking this route may have long histories in Beringia, or they may have migrated recently during the relatively warm and dry early Holocene, when forest cover was incomplete."
https://openalex.org/W2977314968,https://doi.org/10.1093/auk/ukz053,Multiple intrinsic markers identify carry-over effects from wintering to breeding sites for three Nearctic–Neotropical migrant swallows,2019,2019-10-01,The Auk,Tara L. Imlay; Frédéric Angelier; Keith A. Hobson; Gabriela F. Mastromonaco; Sarah Saldanha; Marty L. Leonard,15,True,https://academic.oup.com/auk/article-pdf/136/4/ukz053/30250539/ukz053.pdf,cites_W2064108869,"Abstract Carry-over effects from one stage of the annual cycle to subsequent stages can have profound effects on individual fitness. In migratory birds, much research has been devoted to examining such effects from the nonbreeding to the breeding period. We investigated potential carry-over effects influencing spring body condition, breeding phenology, and performance for 3 species of sympatric, declining Nearctic–Neotropical migratory swallows: Bank Swallow (Riparia riparia), Barn Swallow (Hirundo rustica), and Cliff Swallow (Petrochelidon pyrrhonota). To examine carry-over effects, we used structural equation modeling and several intrinsic markers, including stable isotope (δ 2H, δ 13C, and δ 15N) and corticosterone (CORTf) values from winter molted-feathers, and changes in telomere length between breeding seasons. We found support for carry-over effects for all 3 species, however, the specific relationships varied between species and sexes. Effects leading to lower breeding performance were only observed in male Bank, female Barn, and female and male Cliff Swallows. In most cases, carry-over effects were attributed to differences in stable isotope values (most commonly with δ 2H) presumably related to differences in winter habitat use, but, for Cliff Swallows, negative carry-over effects were also linked to higher CORTf values and greater rates of telomere shortening. This work provides further support for the potential role of nonbreeding conditions on population declines, and indicates how multiple intrinsic markers can be used to provide information on ecological conditions throughout the annual cycle."
https://openalex.org/W2794562393,https://doi.org/10.1111/evo.13475,"Rates of molecular evolution in tree ferns are associated with body size, environmental temperature, and biological productivity",2018,2018-03-31,Evolution,Josué Barrera‐Redondo; Santiago Ramírez‐Barahona; Luis E. Eguiarte,14,False,,cites_W2064108869,"Variation in rates of molecular evolution (heterotachy) is a common phenomenon among plants. Although multiple theoretical models have been proposed, fundamental questions remain regarding the combined effects of ecological and morphological traits on rate heterogeneity. Here, we used tree ferns to explore the correlation between rates of molecular evolution in chloroplast DNA sequences and several morphological and environmental factors within a Bayesian framework. We revealed direct and indirect effects of body size, biological productivity, and temperature on substitution rates, where smaller tree ferns living in warmer and less productive environments tend to have faster rates of molecular evolution. In addition, we found that variation in the ratio of nonsynonymous to synonymous substitution rates (dN/dS) in the chloroplast rbcL gene was significantly correlated with ecological and morphological variables. Heterotachy in tree ferns may be influenced by effective population size associated with variation in body size and productivity. Macroevolutionary hypotheses should go beyond explaining heterotachy in terms of mutation rates and instead, should integrate population-level factors to better understand the processes affecting the tempo of evolution at the molecular level."
https://openalex.org/W4387468656,https://doi.org/10.1016/j.foreco.2023.121483,Heavy browsing pressure by moose (Alces alces) can interfere with the objectives of ecosystem-based forest management,2023,2023-10-09,Forest Ecology and Management,Laurent De Vriendt; Martin Barrette; Anders Lorentzen Kolstad; Katariina Vuorinen; James D. M. Speed; Sébastien Lavoie; Jean‐Pierre Tremblay,5,False,,cites_W2064108869,
https://openalex.org/W4401403745,https://doi.org/10.1111/1365-2656.14159,Path analysis reveals combined winter climate and pollution effects on the survival of a marine top predator,2024,2024-08-06,Journal of Animal Ecology,Kate Layton‐Matthews; Kjell Einar Erikstad; Hanno Sandvik; Manuel Ballesteros; Kevin I. Hodges; Michel d. S. Mesquita; Tone Kristin Reiertsen; Nigel G. Yoccoz; Jan Ove Bustnes,2,True,https://onlinelibrary.wiley.com/doi/pdfdirect/10.1111/1365-2656.14159,cites_W2064108869,"Marine ecosystems are experiencing growing pressure from multiple threats caused by human activities, with far-reaching consequences for marine food webs. Determining the effects of multiple stressors is complex, in part, as they can affect different aspects of biological organisation (behaviour, individual traits and demographic rates). Determining the combined effects of stressors, through different biological pathways, is key to predict the consequences for the viability of populations threatened by global change. Due to their position in the food chain, top predators such as seabirds are considered more sensitive to environmental changes. Climate change is affecting the prey resources available for seabirds, through bottom-up effects, while organic pollutants can bioaccumulate in food chains with the greatest impacts on top predators. However, knowledge of their combined effects on population dynamics is scarce. Using a path analysis, we quantify the effects of climate change and pollution on the survival of adult great black-backed gulls, both directly and through effects of individuals' body mass. Warmer ocean temperatures in gulls' winter foraging areas in the North Sea were correlated with higher survival, potentially explained by shifts in prey availability associated with global climate change. We also found support for indirect negative effects of organochlorines, highly toxic pollutants to seabirds, on survival, which acted, in part, through a negative effect on body mass. The results from this path analysis highlight how, even for such long-lived species where variance in survival tends to be limited, two stressors still have had a marked influence on adult survival and illustrate the potential of path models to improve predictions of population variability under multiple stressors."
https://openalex.org/W3081515532,https://doi.org/10.1007/s11135-020-01034-1,An iterative method for the computation of the correlation matrix implied by a recursive path model,2020,2020-08-24,Quality & Quantity,M’barek Iaousse; Zouhair El Hadri; Amal Hmimou; Yousfi El Kettani,11,False,,cites_W2064108869,
https://openalex.org/W4313458909,https://doi.org/10.1016/j.ecoenv.2023.114500,Study on the life maintenance mechanism of Eisenia fetida under low-density polyethylene stress: Based on path analysis and canonical correlation analysis,2023,2023-01-01,Ecotoxicology and Environmental Safety,Yucui Ning; Xu Wang; Jiyang Lu; Yunfei Li; Yanna Yang; Detang Zou; Dongxing Zhou,10,True,https://doi.org/10.1016/j.ecoenv.2023.114500,cites_W2064108869,"The widespread use but low recovery rate of agricultural films has led to microplastic accumulation in farmlands, which poses a serious threat to the health of the soil ecosystem. There is an urgent need for early warning and monitoring of soil microplastics pollution, as well as the performance of bioremediation research. In this study, earthworms were used as test organisms to carry out toxicological tests under low-density polyethylene (LDPE) stress. A canonical correlation analysis model (CCA) was established to analyze the relationship between oxidative stress and microbial community. A path analysis model (PA) was also constructed to examine the detoxification mechanism of earthworms under LDPE stress. The results showed that low concentrations (100 and 500 mg/kg) of LDPE did not cause oxidative damage to earthworms but stimulated their physiological metabolism. Meanwhile, 1000 mg/kg LDPE concentrations caused oxidative damage to earthworms and altered their internal microbial community structure. Furthermore, at 1500 mg/kg LDPE concentrations, the oxidative stress to the earthworms is aggravated, and their physiological responses work in conjunction with the microbial community to cope with the adverse condition. Lastly, treatment with 2000 mg/kg LDPE induced the appearance of LDPE tolerant populations in the microbial community in vivo. Taken together, our results provide a theoretical basis for revealing the physiological response of earthworms when challenged in a polluted environment and provide a model for pollution remediation and ecological security monitoring of soil ecosystems."
https://openalex.org/W2609344139,https://doi.org/10.1139/cjfas-2017-0045,Ecosystem size and flooding drive trophic dynamics of riparian spiders in a fire-prone Sierra Nevada river system,2017,2017-04-27,Canadian Journal of Fisheries and Aquatic Sciences,Breeanne K. Jackson; S. Mažeika P. Sullivan,9,False,,cites_W2064108869,"Disturbance can play an important role in structuring stream food webs. Although floods have received the greatest attention as a disturbance agent in rivers, wildfire — which can strongly influence fluvial ecosystem structure and function — may also drive consumer trophic dynamics. We measured the relative effects of wildfire, hydrologic disturbance, ecosystem size, and canopy openness (as a proxy for in-stream productivity) on trophic position and reliance on aquatically-derived nutritional subsidies of riparian spiders of the family Tetragnathidae along two rivers on the west slope of the Sierra Nevada in California, USA. Ecosystem size received strong support as an environmental determinant of both trophic measures, with variability in flood magnitude emerging as an important mechanism linking ecosystem size and trophic responses. Piecewise linear regression revealed significant breakpoints in spider trophic position and reliance on aquatically-derived nutritional subsidies that were related to thresholds in fire extent within the catchment. These nonlinear relationships with wildfire may lend additional insight into the potential interactions among ecosystem size, productivity, and disturbance that determine stream–riparian food-web architecture."
https://openalex.org/W2732719281,https://doi.org/10.1016/j.ppees.2017.07.001,Local-scale and landscape disturbances impact through distinct pathways on the regional variation in seed dispersal by mammals in threatened semiarid habitats,2017,2017-07-06,Perspectives in Plant Ecology Evolution and Systematics,Pedro J. Rey; Inmaculada Cancio; Ana González‐Robles; Jesús M. Bastida; Antonio J. Manzaneda; Francisco Valera; Teresa Salido; Julio M. Alcántara,9,False,,cites_W2064108869,
https://openalex.org/W4386236853,https://doi.org/10.1590/0001-3765202320210439,Predictions and test of multiple climate-species richness hypotheses to explain the spatial distribution of tenebrionid beetles in mountain environments,2023,2023-01-01,Anais da Academia Brasileira de Ciências,Rodolfo Carrara; Diego P. Vázquez; Ana Maria Scollo; Gustavo E. Flores,2,True,https://www.scielo.br/j/aabc/a/CnPkfT3VJwLfCXvC875rJbM/?lang=en&format=pdf,cites_W2064108869,"Few studies have evaluated how climate is mechanistically related to species richness in mountain environments. We used path analysis to evaluate predictions of several mechanistic hypotheses based on their hypothesized mechanism relating climate with richness of darkling beetles (Coleoptera: Tenebrionidae). We modeled the influence of spatial covariation on climatic variables and tenebrionid richness. Results showed that richness peaks at mid elevations, chiefly influenced by precipitation and temperature, both directly and indirectly through geographic range sizes. The best fitting model explains 84% of the variance of tenebrionid richness. We suggest this pattern is induced by a water-energy balance along the altitudinal gradient. At low elevations, energy availability is high but water deficit may limit species richness; in contrast, at high elevations water availability is high, but energy deficit may limit species richness. These results suggest high susceptibility of the study region to future global climate change."
https://openalex.org/W7160874061,https://doi.org/10.1002/aps3.70056,Pearl's causality for integrating ecological datasets: A case study on Myricaria germanica in northern Italy,2026,2026-05-10,Applications in Plant Sciences,Kailin Weitkämper; Kilian Rückschloß; Tommaso Sitzia; Bruno Michielon; Silke Werth; Felix Weitkämper,1,True,https://doi.org/10.1002/aps3.70056,cites_W2064108869,"Abstract Premise Applied ecology can significantly influence policy decisions on environmental issues. Therefore, research in this field should be as transparent and reproducible as possible. Existing expertise from a broad range of disciplines should also be integrated into ecological research to allow researchers to maximize understanding of complex systems. Methods We illustrate how Pearl's causality can contribute to applied ecology. We demonstrate the implications of causal diagrams for assessing the effects of anthropogenic and abiotic factors in ecological systems, using Myricaria germanica in Italian river systems as an example. In particular, we showcase the interplay between explicit causal modeling and classical statistical techniques. Results In our example, we find that river channel width and riverbank protections are the most important factors affecting the survival of M. germanica juveniles in northern Italy. Other factors such as altitude and other human activity also impact M. germanica survival through channel width as a mediator. Discussion We demonstrate that causal diagrams can be an effective new language for ecological research. The causal diagram highlights that integrating hydrological, historical, or anthropological data could strengthen understanding of M. germanica populations in river systems. This framework facilitates interdisciplinary research and realizes the full potential of ecological datasets."
https://openalex.org/W4213102016,https://doi.org/10.1093/beheco/arab135,Structural equation modeling reveals determinants of fitness in a cooperatively breeding bird,2021,2021-11-01,Behavioral Ecology,Michela Busana; Franz J. Weissing; Martijn Hammers; J.P. Bakker; Hannah L. Dugdale; Sara Raj Pant; David S. Richardson; Terrence A Burke; Jan Komdeur,3,True,https://academic.oup.com/beheco/article-pdf/33/2/352/43391124/arab135.pdf,cites_W2064108869,"Abstract Even in well-studied organisms, it is often challenging to uncover the social and environmental determinants of fitness. Typically, fitness is determined by a variety of factors that act in concert, thus forming complex networks of causal relationships. Moreover, even strong correlations between social and environmental conditions and fitness components may not be indicative of direct causal links, as the measured variables may be driven by unmeasured (or unmeasurable) causal factors. Standard statistical approaches, like multiple regression analyses, are not suited for disentangling such complex causal relationships. Here, we apply structural equation modeling (SEM), a technique that is specifically designed to reveal causal relationships between variables, and which also allows to include hypothetical causal factors. Therefore, SEM seems ideally suited for comparing alternative hypotheses on how fitness differences arise from differences in social and environmental factors. We apply SEM to a rich data set collected in a long-term study on the Seychelles warbler (Acrocephalus sechellensis), a bird species with facultatively cooperative breeding and a high rate of extra-group paternity. Our analysis reveals that the presence of helpers has a positive effect on the reproductive output of both female and male breeders. In contrast, per capita food availability does not affect reproductive output. Our analysis does not confirm earlier suggestions on other species that the presence of helpers has a negative effect on the reproductive output of male breeders. As such, both female and male breeders should tolerate helpers in their territories, irrespective of food availability."
https://openalex.org/W3047514761,https://doi.org/10.1002/aqc.3415,Coastal geomorphology and oceanographic features shape subtidal benthic communities in management areas of central Chile,2020,2020-08-02,Aquatic Conservation Marine and Freshwater Ecosystems,Aldo Hernández; Fabián J. Tapia; Gonzalo S. Saldías; Renato A. Quiñones,2,False,,cites_W2064108869,"Abstract The spatial variation in community structure among 30 areas for the management and exploitation of benthic resources (AMEBRs) in central Chile was assessed from surveys conducted during the same spring–summer season. One hundred taxa identified in the subtidal surveys were grouped into 10 functional groups. The influence and relative importance of external factors over benthic associations were assessed through nonmetric multidimensional scaling (NMDS) and path analysis. Three main categories of external factors were considered: ‘terrain traits’ (e.g. coastline exposure), ‘surface‐ocean conditions’ (e.g. sea surface temperature, SST), and ‘fishery‐related variables’ (e.g. cumulative landings). The NMDS revealed a strong association between benthic community structure and both terrain and surface‐ocean conditions (42% of variance explained by permutational multivariate analysis of variance), but not with fishery‐related variables. Assemblages typical of rocky substrates were associated with larger seasonal fluctuations in SST and surface chlorophyll a. The presence of soft‐bottom functional groups was associated with higher levels of surface fluorescence and larger seasonal fluctuations in a satellite‐derived proxy for river‐plume influence (nLw645). A path analysis model for hard‐bottom communities reached a 49% goodness of fit (GOF), with the presence of epifaunal filter‐feeders, grazers, predators, and scavengers being significantly correlated with leathery and corticated foliose algae, which in turn depend on the fraction of rocky substrate in the AMEBR; the fraction of rocky substrate is positively correlated with coastline exposure. The model for soft‐bottom communities reached a 52% GOF with the presence of infaunal filter‐feeders and epifaunal detritivores depending directly on SST and surface chlorophyll a. The fishery‐related variables considered in the model had no apparent effect on the structure of either type of subtidal community. These results provide a hierarchy of physical–biological associations determining the functional composition of subtidal benthic communities in management areas along central Chile. This knowledge may improve future assessments of ecosystem response to changes in environmental conditions and management strategies."
https://openalex.org/W4389751920,https://doi.org/10.1101/2023.12.14.571445,Path analysis reveals combined winter climate and pollution effects on the survival of a marine top predator,2023,2023-12-14,bioRxiv (Cold Spring Harbor Laboratory),Kate Layton‐Matthews; Kjell Einar Erikstad; Hanno Sandvik; Manuel Ballesteros; Kevin I. Hodges; Michael d.S. Mesquita; Tone Kristin Reiertsen; Nigel G. Yoccoz; Jan Ove Bustnes,1,True,https://www.biorxiv.org/content/biorxiv/early/2023/12/14/2023.12.14.571445.full.pdf,cites_W2064108869,"Abstract Marine ecosystems are experiencing growing pressure from multiple threats caused by human activities, with far-reaching consequences for marine food webs. Determining the effects of multiple stressors is complex, in part, as they can affect different levels of biological organisation (behaviour, individual traits, demographic rates). Knowledge of the cumulative effects of stressors is key to predict the consequences for threatened populations’ viability under global change. Due to their position in the food chain, top predators such as seabirds are considered more sensitive to environmental changes. Climate change is affecting the prey resources available for seabirds, through bottom-up effects, while organic pollutants can bioaccumulate in food chains with the greatest impacts on top predators. However, knowledge of their combined effects on seabird population dynamics is lacking. Using a path analysis, we quantify the effects of both climate change and pollution, via an effect on body mass, on the survival of adult great black-backed gulls. Warmer ocean temperatures in gulls’ winter foraging areas in the North Sea were correlated with higher survival, potentially explained by shifts in prey availability associated with global climate change. We also found support for indirect negative effects of organochlorines, highly toxic pollutants to seabirds, on survival acting through a negative effect on body mass. The results from this path analysis highlight how, even for such long-lived species where variance in survival tends to be limited, two stressors still have had a marked influence on adult survival and illustrate the potential of such models to improve predictions of population variability under multiple stressors."
https://openalex.org/W2810683470,https://doi.org/10.15419/bmrat.v5i6.452,"Evaluating Hemato_4 (HCT), Hemato_5 (PLAT 1000), Hemato_9 (MCHC), and Biochem_20 (Alkaline Phosphatase) as biomarkers and possible mediators of the relationship between Xerosis and Sulfur Mustard",2018,2018-06-28,Biomedical Research and Therapy,Marjan Zare; Zaher Khazaei; Soghrat Faghihzadeh; Shohreh Jalaie; Malihe Sohrabivafa,0,True,http://www.bmrat.org/index.php/BMRAT/article/download/452/897,cites_W2064108869,"Background: Estimating total, direct, and indirect effects of causal variables on outcome variables can be done through proposed mediator guides on causal pathways. This can improve the efficiency of diagnostic efforts done by clinicians. In this study, the relationship between Sulfur Mustard and Xerosis was investigated, specifically with respect to the role of Hemato_4, Hemato_5, Hemato_9, and Biochem_20 biomarkers as mediators. Methods and Results: This was a historical cohort study (in Sardasht, Iran) which consisted of 492 subjects; 129 subjects were not exposed to Mustard Gas (control group) and 363 subjects were exposed to it (case group). Mediation models along with bootstrap method were used to evaluate the mediator validity of Hemato_4, Hemato_5, Hemato_9, and Biochem_20 on the relationship between Sulfur Mustard and Xerosis. The direct effects of Sulfur Mustard, via Hemato_4 and Hemato_9, on Xerosis were also significant (P<0.05 for each). However, there was no significant effects mediated by Hemato_5 or Biochem_20 (P>0.05 for each). While there were non-significant indirect effects of Sulfur Mustard on Xerosis by these latter biomarkers (P>0.05 for each), the first two biomarkers were, indeed, partial mediators. Conclusion: Sulfur Mustard can affect Xerosis through several single immune biomarker. However, as an intervention, sulfur mustard should affect several biomarkers through various mechanisms. Therefore, effects through multiple mediators, instead of single ones, may be more rational in the treatment strategy for xerosis."
https://openalex.org/W2953654152,https://doi.org/10.1007/978-3-030-00075-2_17,Applying Evolutionary Meta-Strategies to Human Problems,2019,2019-01-01,Springer proceedings in complexity,Valerie Gremillion,0,False,,cites_W2064108869,
https://openalex.org/W4412384155,https://doi.org/10.1002/jwmg.70066,Under the umbrella: Does management for American woodcock increase reproductive success of a declining songbird?,2025,2025-07-14,Journal of Wildlife Management,Max Gray; Liam S. Corcoran; Scott R. McWilliams,0,True,https://onlinelibrary.wiley.com/doi/pdfdirect/10.1002/jwmg.70066,cites_W2064108869,"Abstract The umbrella species concept is a popular management approach that assumes conservation efforts for one species confer benefits to others, although most assessments of such benefits to non‐target species only measure presence and abundance. We compared the density, territory size, and key metrics of reproductive success for eastern towhee (Pipilo erythrophthalmus) between study sites that differed in relative likelihood of selection (RLS), as determined by a resource selection function (RSF), for American woodcock (Scolopax minor), a proposed umbrella species for early successional habitat in eastern North America. Higher woodcock RLS sites had higher densities of singing male eastern towhees, which in turn defended smaller territories. Nest survival and provisioning rates of towhees were not related to woodcock RLS, whereas towhee nestlings at higher RLS sites grew to a greater size. Eastern towhees largely benefited from forest management aimed at American woodcock; towhees in higher woodcock RLS sites will likely occur in greater densities and raise chicks with higher fledging masses, potentially increasing recruits to the population."
https://openalex.org/W7164914511,https://doi.org/10.1093/icesjms/fsag097,Seabird survival as indicator of sustainable capelin fishery management,2026,2026-05-26,ICES Journal of Marine Science,Kate Layton‐Matthews; Ulf Lindstrøm; Elena Eriksen; Manuel Ballesteros; Robert T. Barrett; Kjell Einar Erikstad; Geir Helge Systad; Hallvard Strøm; Tone K Reiertsen,0,True,https://doi.org/10.1093/icesjms/fsag097,cites_W2064108869,"Abstract Seabird populations are declining globally, in part due to a combination of climate change and fishery-related pressures. While the impacts of bycatch are well documented, empirical evidence for population effects of prey depletion by commercial fisheries is limited, particularly in systems where forage fish are managed conservatively. Therefore, evaluating whether existing management frameworks are effective at maintaining prey availability within ecologically safe limits presents an important, but underdeveloped, component of ecosystem-based fisheries management. We assessed the effectiveness of Barents Sea capelin (Mallotus villosus) fishery management in sustaining seabird populations, by modelling relationships between fisheries landings, prey availability, climate variability, and seabirds’ adult survival. Using a path modelling framework, we integrated spatio-temporal data on capelin landings, prey abundance, and sea surface temperature across seabirds’ distributions with long-term demographic data from eight breeding populations of four pelagic seabird species. Direct negative associations between capelin landings and adult survival were only detected in one population, corresponding to the strongest spatial overlap between this population’s pre-breeding distribution and areas with high capelin harvest. Survival responses to prey availability and ocean temperature otherwise varied among species and populations, reflecting differences in their foraging ecology and space use. Krill abundance was positively associated with survival in two populations, while warmer autumn temperatures were linked to reduced capelin abundance, indicating climate-driven bottom-up effects. By focussing on adult survival as a response, a demographic rate to which seabird population trajectories are particularly sensitive, our results suggest that current capelin management has limited adverse effects on seabirds under contemporary environmental conditions. More broadly, this study demonstrates that seabird survival has the potential to be used as an indicator of management effectiveness due to its sensitivity to multiple environmental factors and its potential impact on population trends. This study highlights the potential for integrating seabird survival into ecosystem-based fisheries management through long-term monitoring and high-resolution fisheries data."
https://openalex.org/W7203682055,https://doi.org/10.1007/s13353-026-01107-1,Correlation and path analysis in winter oilseed rape (Brassica napus L.) cultivars based on yield and phenotypic traits,2026,2026-08-19,Journal of Applied Genetics,Jan Bocianowski; Konrad Banaś; Alina Liersch; Elżbieta Starzycka-Korbas,0,True,https://link.springer.com/content/pdf/10.1007/s13353-026-01107-1.pdf,cites_W2064108869,"The aim of this study was to access variability of different cultivars of winter oilseed rape for yield, yield components and seed quality traits by multivariable statistical method. Traits including seed yield, silique length, number of seeds per siliques, weight of 1000 seeds, content of oil in the seeds, two unsaturated fatty acids (linoleic, linolenic) and glucosinolate content in seed meal (gluconapine, glucobrassicanapine, progoitrine and total glucosinolates) were investigated. Seven cultivars of oilseed rape were evaluated in a randomized block design, with four replicates at two locations in two growing seasons. The tested genotypes displayed wider genetic variability for studied traits in all environments. The results of canonical variate analyses explained from 79.2% in 2004 (Bor4) to 93.7% in 2004 (Ziel3) of total variability. The first (V 1 ) and the second (V 2 ) canonical variate explained 74.4% and 15.9% of the total variation in Borowo (2003), 61.8% and 17.4% in Borowo (2004), 74% and 19.7% in Zielęcin (2003) and 56.4% and 26.1% in Zielęcin (2004), respectively. The traits that had the greatest impact on seed output across all settings were weight of 1000 seeds, silique length, oil content, linolenic fatty acid, and gluconapine, according to path analyses based on correlation matrices. Heat maps extended with the results of the cluster analysis for selected traits showed which genotypes are the most desirable for cultivation. As a results, cultivars Kaszub, Mazur as well as Pomorz demonstrated good average values of observed traits and higher stability to changeable environmental conditions."
https://openalex.org/W2967409328,https://doi.org/10.1111/raq.12378,How do freshwater fish sperm find the egg? The physicochemical factors guiding the gamete encounters of externally fertilizing freshwater fish,2019,2019-08-13,Reviews in Aquaculture,Vitaliy Kholodnyy; Hermes Gadêlha; Jacky Cosson; Sergii Boryshpolets,82,True,https://onlinelibrary.wiley.com/doi/pdfdirect/10.1111/raq.12378,cites_W2166426124,"Abstract The lifespan of spermatozoa from externally fertilizing freshwater fish ranges from a few seconds to several minutes, depending on the species. External factors, such as temperature, background flows and ion composition, play an important role in fertilization success. Specific mechanisms guiding spermatozoa appear to be essential to maximize the sperm–egg encounter under these strenuous conditions. Although some existing data support the hypothesis that both the ovarian fluid and the eggs may release chemoattractants that significantly affect spermatozoa behaviour and the fertilization outcome, this hypothesis is still open to debate, as the existence of freshwater fish spermatozoa chemotaxis has yet to be demonstrated; in addition, specific mechanisms supporting spermatozoa guidance and gamete selection have not been elucidated. Is the natural selection of gametes determined by a combination of different physicochemical phenomena? Alternatively, is the natural selection of species‐specific gametes biased towards the species‐specific guidance mechanisms of their natural landscape? These questions have received more attention as new studies have revealed potential, distinct guidance mechanisms in freshwater fish reproduction. In this review, we discuss the empirical studies supporting different hypotheses about freshwater fish gamete guidance and highlight the synergistic combination of experiments and biomathematical modelling to explore these questions. Finally, we discuss the challenges in understanding the mechanisms behind sperm guidance in freshwater fish species, and we suppose that knowledge about the mechanisms that underlie spermatozoa selection and guidance in freshwater fish species may elucidate the impact of the traditional aquaculture practice of artificial fertilization on progeny quality and species sustainability."
https://openalex.org/W2767949302,https://doi.org/10.1093/molbev/msx293,Female Mimicry by Sneaker Males Has a Transcriptomic Signature in Both the Brain and the Gonad in a Sex-Changing Fish,2017,2017-11-08,Molecular Biology and Evolution,Erica V. Todd; Hui Liu; Melissa S. Lamm; Jodi T. Thomas; Kim Rutherford; Kelly C. Thompson; John Godwin; Neil J. Gemmell,51,True,https://academic.oup.com/mbe/article-pdf/35/1/225/23041783/msx293.pdf,cites_W2166426124,"Phenotypic plasticity represents an elegant adaptive response of individuals to a change in their environment. Bluehead wrasses (Thalassoma bifasciatum) exhibit astonishing sexual plasticity, including female-to-male sex change and discrete male morphs that differ strikingly in behavior, morphology, and gonadal investment. Using RNA-seq transcriptome profiling, we examined the genes and physiological pathways underlying flexible behavioral and gonadal differences among female, dominant (bourgeois) male, and female-mimic (sneaker) male blueheads. For the first time in any organism, we find that female mimicry by sneaker males has a transcriptional signature in both the brain and the gonad. Sneaker males shared striking similarity in neural gene expression with females, supporting the idea that males with alternative reproductive phenotypes have ""female-like brains."" Sneaker males also overexpressed neuroplasticity genes, suggesting that their opportunistic reproductive strategy requires a heightened capacity for neuroplasticity. Bourgeois males overexpressed genes associated with socio-sexual behaviors (e.g., isotocin), but also neuroprotective genes and biomarkers of oxidative stress and aging, indicating a hitherto unexplored cost to these males of attaining the reproductively privileged position at the top of the social hierarchy. Our novel comparison of testicular transcriptomes in a fish with male sexual polymorphism associates greater gonadal investment by sneaker males with overexpression of genes involved in cell proliferation and sperm quality control. We propose that morphological female-mimicry by sneaker male teleosts entails pervasive downregulation of androgenesis genes, consistent with low androgen production in males lacking well-developed secondary sexual characters."
https://openalex.org/W2802333819,https://doi.org/10.1093/cz/zoy036,Sex roles and sexual selection: lessons from a dynamic model system,2018,2018-04-26,Current Zoology,Trond Amundsen,39,True,https://academic.oup.com/cz/article-pdf/64/3/363/25494558/zoy036.pdf,cites_W2166426124,"Our understanding of sexual selection has greatly improved during the last decades.The focus is no longer solely on males, but also on how female competition and male mate choice shape ornamentation and other sexually selected traits in females.At the same time, the focus has shifted from documenting sexual selection to exploring variation and spatiotemporal dynamics of sexual selection, and their evolutionary consequences.Here, I review insights from a model system with exceptionally dynamic sexual selection, the two-spotted goby fish Gobiusculus flavescens.The species displays a complete reversal of sex roles over a 3-month breeding season.The reversal is driven by a dramatic change in the operational sex ratio, which is heavily male-biased at the start of the season and heavily female-biased late in the season.Early in the season, breeding-ready males outnumber mature females, causing males to be highly competitive, and leading to sexual selection on males.Late in the season, mating-ready females are in excess, engage more in courtship and aggression than males, and rarely reject mating opportunities.With typically many females simultaneously courting available males late in the season, males become selective and prefer more colorful females.This variable sexual selection regime likely explains why both male and female G. flavescens have ornamental colors.The G. flavescens model system reveals that sexual behavior and sexual selection can be astonishingly dynamic in response to short-term fluctuations in mating competition.Future work should explore whether sexual selection is equally dynamic on a spatial scale, and related spatiotemporal dynamics."
https://openalex.org/W3165652899,https://doi.org/10.3390/ijms22115925,Changes in Phenotypes and DNA Methylation of In Vitro Aging Sperm in Common Carp Cyprinus carpio,2021,2021-05-31,International Journal of Molecular Sciences,Yu Cheng; Pavlína Věchtová; Zoltán Füssy; Ján Štěrba; Zuzana Linhartová; Marek Rodina; Vladimíra Tučková; David Gela; Azin Mohagheghi Samarin; Ievgen Lebeda; Miaomiao Xin; Songpei Zhang; Deepali Rahi Roy; Otomar Linhart,39,True,https://www.mdpi.com/1422-0067/22/11/5925/pdf?version=1622510888,cites_W2166426124,"The purpose of the current study was to analyze phenotypic and functional characteristics of common carp (Cyprinus carpio) spermatozoa during in vitro aging and to investigate whether global DNA methylation is affected by sperm aging. Milt was collected from five individual males, stored in vitro on ice in a refrigerator for up to 96 h post stripping (HPS) and used to fertilize eggs with intervals of 1, 24 and 96 h. Computer-assisted sperm analysis and a S3e Cell Sorter was employed to determine the spermatozoa phenotypic characteristics (motility, velocity, concentration and viability). In addition, pH and osmolality of the seminal fluid and the capacity of the spermatozoa to fertilize, hatching rate and health of the resulting embryos were examined at different aging times. Whole-genome bisulfite sequencing was used to compare the global and gene-specific DNA methylation in fresh and aged spermatozoa. The results demonstrated that spermatozoa aging in common carp significantly affects their performance and thus the success of artificial fertilization. The methylation level at the cytosine-phosphate-guanine (CpG) sites increased significantly with 24 HPS spermatozoa compared to the fresh group at 1 HPS and then decreased significantly at 96 HPS. A more detailed investigation of gene specific differences in the DNA methylation was hindered by incomplete annotation of the C. carpio genome in the public databases."
https://openalex.org/W3092072486,https://doi.org/10.1111/eth.13095,The evolution of reversed sex roles and classical polyandry: Insights from coucals and other animals,2020,2020-10-07,Ethology,Ignas Safari; Wolfgang Goymann,26,True,https://onlinelibrary.wiley.com/doi/pdfdirect/10.1111/eth.13095,cites_W2166426124,"Abstract In most animals, competition for mating opportunities is higher among males, whereas females are more likely to provide parental care. In few species, though, these ""conventional"" sex roles are reversed such that females compete more strongly for matings and males provide most or all parental care. This ""reversal"" in sex roles is often combined with classical polyandry—a mating system in which a female forms a harem with several males. Here, we review the major hypotheses relating such role reversals to evolutionary and behavioural traits (anisogamy, phylogenetic history, sexy males, parental care, genetic paternity, trade‐off between mating and parenting, adult sex ratio) and to ecological factors (food supply, offspring predation). We evaluate each hypothesis in relation to coucals (Centropodinae), a group of nesting cuckoos of great interest for mating system and parental care theory. The black coucal ( Centropus grillii ) is the only known bird combining classical polyandry with altricial development of young, a costly trait with regard to parental care. Our long‐term study offers a unique possibility to compare the strongly polyandrous black coucal with a monogamous close relative breeding in the same area and habitat, the white‐browed coucal ( C. superciliosus ). We show that the evolution of sex roles in coucals and other animals has many different facets. Whereas phylogenetic constraints are important, confidence in genetic paternity is not. In combination with facilitating ecological conditions, adult sex ratios are key to understanding sex roles in coucals, shorebirds, and most likely also other animals. We plead for more studies including experimental tests to understand how biased adult sex ratios emerge and whether they drive sexual selection or vice versa. How do sex ratios and sexual selection interact and feedback on each other? Answers to these questions will be fundamental for understanding the evolution of sex roles in mating and parenting in coucals and other species."
https://openalex.org/W3104539630,https://doi.org/10.1016/j.yhbeh.2020.104877,Functional differences in the hypothalamic-pituitary-gonadal axis are associated with alternative reproductive tactics based on an inversion polymorphism,2020,2020-11-21,Hormones and Behavior,Jasmine L. Loveland; Lina M. Giraldo‐Deck; David B. Lank; Wolfgang Goymann; Manfred Gahr; Clemens Küpper,24,False,,cites_W2166426124,
https://openalex.org/W3004978191,https://doi.org/10.1038/s41598-020-60376-w,A phylogenetic comparative analysis on the evolution of sequential hermaphroditism in seabreams (Teleostei: Sparidae),2020,2020-02-27,Scientific Reports,Susanna Pla; Chiara Benvenuto; Isabella Capellini; Francesc Piferrer,22,True,https://www.nature.com/articles/s41598-020-60376-w.pdf,cites_W2166426124,"The Sparids are an ideal group of fishes in which to study the evolution of sexual systems since they exhibit a great sexual diversity, from gonochorism (separate sexes) to protandrous (male-first) and protogynous (female-first) sequential hermaphroditism (sex change). According to the size-advantage model (SAM), selection should favour sex change when the second sex achieves greater reproductive success at a larger body size than the first sex. Using phylogenetic comparative methods and a sample of 68 sparid species, we show that protogyny and protandry evolve from gonochorism but evolutionary transitions between these two forms of sequential hermaphroditism are unlikely to happen. Using male gonadosomatic index (GSI) as a measure of investment in gametes and proxy for sperm competition, we find that, while gonochoristic and protogynous species support the predictions of SAM, protandrous species do not, as they exhibit higher GSI values than expected even after considering mating systems and spawning modes. We suggest that small males of protandrous species have to invest disproportionally more in sperm production than predicted not only when spawning in aggregations, with high levels of sperm competition, but also when spawning in pairs due to the need to fertilize highly fecund females, much larger than themselves. We propose that this compensatory mechanism, together with Bateman's principles in sequential hermaphrodites, should be formally incorporated in the SAM."
https://openalex.org/W3012480601,https://doi.org/10.1098/rspb.2020.0167,Colour dimorphism in labrid fishes as an adaptation to life on coral reefs,2020,2020-03-18,Proceedings of the Royal Society B Biological Sciences,Jennifer R. Hodge; Francesco Santini; Peter C. Wainwright,21,True,https://www.ncbi.nlm.nih.gov/pmc/articles/7126040,cites_W2166426124,"Conspicuous coloration displayed by animals that express sexual colour dimorphism is generally explained as an adaptation to sexual selection, yet the interactions and relative effects of selective forces influencing colour dimorphism are largely unknown. Qualitatively, colour dimorphism appears more pronounced in marine fishes that live on coral reefs where traits associated with strong sexual selection are purportedly more common. Using phylogenetic comparative analysis, we show that wrasses and parrotfishes exclusive to coral reefs are the most colour dimorphic, but surprisingly, the effect of habitat is not influenced by traits associated with strong sexual selection. Rather, habitat-specific selective forces, including clear water and structural refuge, promote the evolution of pronounced colour dimorphism that manifests colours less likely to be displayed in other habitats. Our results demonstrate that environmental context ultimately determines the evolution of conspicuous coloration in colour-dimorphic labrid fishes, despite other influential selective forces."
https://openalex.org/W2793079933,https://doi.org/10.3354/meps12506,Hatch date and growth rate drives reproductive success in nest-guarding males of a temperate reef fish,2018,2018-02-06,Marine Ecology Progress Series,BF Moginie; Jeffrey Shima,20,False,,cites_W2166426124,"MEPS Marine Ecology Progress Series Contact the journal Facebook Twitter RSS Mailing List Subscribe to our mailing list via Mailchimp HomeLatest VolumeAbout the JournalEditorsTheme Sections MEPS 592:197-206 (2018) - DOI: https://doi.org/10.3354/meps12506 Hatch date and growth rate drives reproductive success in nest-guarding males of a temperate reef fish Benjamin F. Moginie1,2, Jeffrey S. Shima1,2,* 1School of Biological Sciences, PO Box 600, Victoria University of Wellington, Wellington, New Zealand 2Victoria University Coastal Ecology Lab, 396 The Esplanade, Island Bay, Wellington, New Zealand *Corresponding author: jeffrey.shima@vuw.ac.nz ABSTRACT: Identifying sources of variation in individual reproductive success is crucial to our understanding of population dynamics and evolutionary ecology. We evaluated sources of variation in reproductive success of the common triplefin Forsterygion lapillum, a species with male parental care. We characterised breeding success of adult males during the breeding season (using presence of eggs and/or breeding territories as proxies for success), measured their phenotypic traits (body size and condition) and used their otoliths to reconstruct life history characteristics (hatch dates and average growth rates). Our reconstructions of life history traits suggested at least 2 alternative pathways to success for adult males. More successful males hatched earlier and therefore had a developmental head-start over less successful males (age of males with eggs > age of male territory holders without eggs > age of males without territories, i.e. ‘floaters’). Alternatively, our reconstructions suggested that reproductive success of males was predicted by growth rates: for males born in the same month, those with eggs grew faster than those with territories and no eggs, and both groups grew faster than floaters. These results suggest that accelerated growth rate may compensate for the effects of a later hatch date, and that both hatch dates and growth rates influence the success of adult males, likely through proximate effects on individual phenotypes. KEY WORDS: Reproduction · Life history · Parental care · Reef fish · Otolith microstructure · Demographic history · Common triplefin · Forsterygion lapillum Full text in pdf format PreviousNextCite this article as: Moginie BF, Shima JS (2018) Hatch date and growth rate drives reproductive success in nest-guarding males of a temperate reef fish. Mar Ecol Prog Ser 592:197-206. https://doi.org/10.3354/meps12506 Export citation RSS - Facebook - Tweet - linkedIn Cited by Published in MEPS Vol. 592. Online publication date: March 29, 2018 Print ISSN: 0171-8630; Online ISSN: 1616-1599 Copyright © 2018 Inter-Research."
https://openalex.org/W3134074093,https://doi.org/10.1073/pnas.2019346118,A multiplier peroxiporin signal transduction pathway powers piscine spermatozoa,2021,2021-03-04,Proceedings of the National Academy of Sciences,François Chauvigné; Carla Ducat; Alba Ferré; Tom Hansen; Montserrat Carrascal; Joaquín Abián; Roderick Nigel Finn; Joan Cerdà,20,True,https://ddd.uab.cat/pub/artpub/2021/249548/PNAS2021_Chauvigne_ACCEPTED.pdf,cites_W2166426124,"Significance Spermatozoon swimming performance is critical for fertilization success in fishes, yet the cellular mechanisms that regulate this vital trait are poorly understood. Here, we discovered that a water channel protein, acting as an H 2 O 2 channel (peroxiporin) to detoxify the mitochondria, directly regulates the velocity and progressive motility of both freshwater and marine spermatozoa. The mitochondrial insertion of the peroxiporin is controlled by an increasingly sophisticated hierarchy of intracellular signaling cascades, which evolved into a multiplier stress-activated pathway in modern marine species. These adaptive solutions maximize the postactivated swimming performance of sperm under conditions of high osmotic and oxidative stress. Our findings thus reveal that the pathways regulating the peroxiporin transport in fish spermatozoa provide an advantage for competitive fertilization success."
https://openalex.org/W4302011059,https://doi.org/10.1038/s41598-022-20903-3,The evolution of parental care in salamanders,2022,2022-10-05,Scientific Reports,Balázs Vági; D. R. Marsh; Gergely Katona; Zsolt Végvári; Robert P. Freckleton; András Liker; Tamás Székely,19,True,https://www.nature.com/articles/s41598-022-20903-3.pdf,cites_W2166426124,"Complex parenting has been proposed to contribute to the evolutionary success of vertebrates. However, the evolutionary routes to complex parenting and the role of parenting in vertebrate diversity are still contentious. Although basal vertebrates provide clues to complex reproduction, these are often understudied. Using 181 species that represent all major lineages of an early vertebrate group, the salamanders and newts (Caudata, salamanders henceforth) here we show that fertilisation mode is tied to parental care: male-only care occurs in external fertilisers, whereas female-only care exclusively occurs in internal fertilisers. Importantly, internal fertilisation opens the way to terrestrial reproduction, because fertilised females are able to deposit their eggs on land, and with maternal care provision, the eggs could potentially develop outside the aquatic environment. Taken together, our results of a semi-aquatic early vertebrate group propose that the diversity and follow-up radiation of terrestrial vertebrates are inherently associated with a complex social behaviour, parenting."
https://openalex.org/W2981728736,https://doi.org/10.3390/fishes4040053,"A Genetic Assessment of Parentage in the Blackspot Sergeant Damselfish, Abudefduf sordidus (Pisces: Pomacentridae)",2019,2019-10-24,Fishes,Lisa Kerr Lobel; Devin M. Drown; Paul H. Barber; Phillip S. Lobel,15,True,https://www.mdpi.com/2410-3888/4/4/53/pdf?version=1571911072,cites_W2166426124,"Microsatellite markers were used to investigate the reproductive behavior of the damselfish Abudefduf sordidus at Johnston Atoll, Central Pacific Ocean. Genetic results indicated that ten males maintained guardianship over their nest territories for up to nine nest cycles during a 3.5 month period. Genotypes of 1025 offspring sampled from 68 nests (composed of 129 clutches) were consistent with 95% of the offspring being sired by the guardian male. Offspring lacking paternal alleles at two or more loci were found in 19 clutches, indicating that reproductive parasitism and subsequent alloparental care occurred. Reconstructed maternal genotypes allowed the identification of a minimum of 74 different females that spawned with these ten territorial males. Males were polygynous, mating with multiple females within and between cycles. Genetic data from nests, which consisted of up to four clutches during a reproductive cycle, indicated that each clutch usually had only one maternal contributor and that different clutches each had different dams. Females displayed sequential polyandry spawning with one male within a cycle but switched males in subsequent spawning cycles. These results highlight new findings regarding male parasitic spawning, polygyny, and sequential polyandry in a marine fish with exclusive male paternal care."
https://openalex.org/W3153220780,https://doi.org/10.3354/esr01124,Artificial sperm insemination in externally fertilised fish as a novel tool for ex situ and in situ conservation of valuable populations,2021,2021-04-08,Endangered Species Research,Gy. Gazsi; Bence Ivánovics; RB Izabella; Tamás Szabó; Zoe Daniel; Balázs Kucska; Béla Urbányi; L. Horváth; Ferenc Müller; Tamás Müller,12,True,https://www.int-res.com/articles/esr2021/45/n045p169.pdf,cites_W2166426124,"Loss of genetic diversity and accumulation of deleterious mutations may lead to inbreeding depression in captive breeding. To address the problem of maintaining genetic diversity, we developed a new fish spawning method which offers flexibility in crossing diverse species when in vitro fertilisation (IVF) is not available. This method involves the collection of sperm from several males of ovuliparous fish; the sperm mix is then injected by catheter into the ovarian cavity of a female through the oviduct. We demonstrate, using zebrafish as a model for externally fertilised fish, that the sperm survives the ovarian conditions and can fertilise ovulated eggs, which are released from the body cavity during natural spawning. Wild type females were injected with reporter transgenic sperm from homozygous transgenic males before intended spawning with wild type males. The sperm injection method did not have an impact on reproductive parameters such as egg production or fertilisation rate compared to controls. In 25 successful spawning experiments, 20 females produced mixed genotype offspring comprising both transgenic and wild type larvae in varying ratios, indicating that the injected transgenic sperm efficiently competed with sperm released by non-transgenic wild type mating males, and both sperm types contributed to the fertilisation of the released eggs. This experiment provides proof of principle for increasing the genetic base of offspring of fish species, including that of many endangered fish species for which IVF is not available due to lack of timed induction of ovulation or when gametic release cannot be synchronised."
https://openalex.org/W4310672703,https://doi.org/10.1002/ece3.9562,Fertilization modes and the evolution of sperm characteristics in marine fishes: Paired comparisons of externally and internally fertilizing species,2022,2022-12-01,Ecology and Evolution,Takeshi Ito; Masaya Morita; Seiya Okuno; Kazuo Inaba; Kogiku Shiba; Hiroyuki Munehara; Yasunori Koya; Mitsuo Homma; Satoshi Awata,12,True,https://onlinelibrary.wiley.com/doi/pdfdirect/10.1002/ece3.9562,cites_W2166426124,"Fertilization mode may affect sperm characteristics, such as morphology, velocity, and motility. However, there is little information on how fertilization mode affects sperm evolution because several factors (e.g., sperm competition) are intricately intertwined when phylogenetically distant species are compared. Here, we investigated sperm characteristics by comparing seven externally and four internally fertilizing marine fishes from three different groups containing close relatives, considering sperm competition levels. The sperm head was significantly slenderer in internal fertilizers than in external fertilizers, suggesting that a slender head is advantageous for swimming in viscous ovarian fluid or in narrow spaces of the ovary. In addition, sperm motility differed between external and internal fertilizers; sperm of external fertilizers were only motile in seawater, whereas sperm of internal fertilizers were only motile in an isotonic solution. These results suggest that sperm motility was adapted according to fertilization mode. By contrast, total sperm length and sperm velocity were not associated with fertilization mode, perhaps because of the different levels of sperm competition. Relative testis mass (an index of sperm competition level) was positively correlated with sperm velocity and negatively correlated with the ratio of sperm head length to total sperm length. These findings suggest that species with higher levels of sperm competition have faster sperm with longer flagella relative to the head length. These results contradict the previous assumption that the evolution of internal fertilization increases the total sperm length. In addition, copulatory behavior with internal insemination may involve a large genital morphology, but this is not essential in fish, suggesting the existence of various sperm transfer methods. Although the power of our analyses is not strong because of the limited number of species, we propose a new scenario of sperm evolution in which internal fertilization would increase sperm head length, but not total sperm length, and change sperm motility."
https://openalex.org/W4402416904,https://doi.org/10.1093/evolut/qpae124,Recurrent evolution of small body size and loss of the sword ornament in Northern swordtail fish,2024,2024-09-10,Evolution,Gabriel A Preising; Theresa Gunn; John J. Baczenas; Daniel L. Powell; Tristram O. Dodge; Sean T Sewell; Alexa Pollock; Jose Angel Machin Kairuz; Markita Savage; Yuan Lu; Meredith Fitschen–Brown; Axel Meyer; Manfred Schartl; Molly E. Cummings; Sunishka Thakur; Callen M. Inman; Oscar Ríos-Cárdenas; Molly R. Morris; Michael Tobler; Molly Schumer,11,True,https://doi.org/10.1093/evolut/qpae124,cites_W2166426124,"Across the tree of life, species have repeatedly evolved similar phenotypes. While well-studied for ecological traits, there is also evidence for recurrent evolution of sexually selected traits. Swordtail fish (Xiphophorus) is a classic model system for studying sexual selection, and female Xiphophorus exhibit strong mate preferences for large male body sizes and a range of sexually dimorphic ornaments. Interestingly, sexually selected traits have also been lost multiple times in the genus. However, there has been uncertainty over the number of losses of ornamentation and large body size because phylogenetic relationships between species in this group have historically been controversial, partially due to prevalent gene flow. Here, we use whole-genome sequencing approaches to reexamine phylogenetic relationships within a Xiphophorus clade that varies in the presence and absence of sexually selected traits. Using wild-caught individuals, we determine the phylogenetic placement of a small, unornamented species, X. continens, confirming an additional loss of ornamentation and large body size in the clade. With these revised phylogenetic relationships, we analyze evidence for coevolution between body size and other sexually selected traits using phylogenetic comparative methods. These results provide insights into the evolutionary pressures driving the recurrent loss of suites of sexually selected traits."
https://openalex.org/W4401747669,https://doi.org/10.1111/brv.13129,A meta‐analysis on alternative mating tactics: when the main and the alternative yield similar reproductive success,2024,2024-08-22,Biological reviews/Biological reviews of the Cambridge Philosophical Society,Amanda Vieira da Silva; João Gabriel Lacerda de Almeida; Stefânia P. R. Ventura; Reisla Oliveira; Paulo Enrique Cardoso Peixoto,10,False,,cites_W2166426124,"In many species, individuals of the same sex exhibit different mating behaviours, a phenomenon known as alternative mating tactics (AMTs). These AMTs may occur in species in which morphology prevents individuals from adopting different tactics (fixed expression of AMTs) as well as in species in which individuals can alternate between them (flexible expression of AMTs). Regardless of the way different mating tactics are expressed, a key point to understanding the selective forces driving AMT evolution relies on identifying differences in the reproductive success between tactics. Empirical studies often indicate that individuals adopting the main tactic (generally the more aggressive) have higher mating success than those adopting the secondary tactic. However, while this is expected for species showing flexible expression of AMTs, the same should not hold for species showing fixed expression of AMTs. In species with fixed expression of AMTs, individuals adopting each tactic have morphological specialisations in acquiring mates that may be responsible for eliminating differences in reproductive success between tactics. Despite such expectations, a comprehensive investigation across species regarding differences in the reproductive success of AMTs is lacking. Using a meta-analytical approach, we investigated if there is a difference in the reproductive success between tactics and whether this difference is related to how these tactics are expressed (fixed or flexible). We focused on males since information on reproductive success for females with AMTs is still scarce. We hypothesised that (i) males adopting the main tactic have higher reproductive success than males adopting the secondary tactic, and (ii) the difference in reproductive success between tactics will be higher in species with flexible rather than fixed expression of AMTs. When all species were pooled, we found that males adopting the main tactic had a similar reproductive success to males adopting the secondary mating tactic. However, this trend changed between species with fixed and flexible expression of AMTs. In species with flexible expression of AMTs, males exhibiting the main tactic have higher mating success than those adopting secondary tactics, while in species with fixed expression of AMTs, males adopting distinct tactics have similar reproductive success. Thus, the widespread assumption that males adopting the main tactic have higher reproductive success than males adopting the secondary tactic may be restricted to species in which individuals can alternate between tactics during their lifespan. However, we found that most data on the reproductive success of males adopting AMTs is restricted to short reproductive windows and may not reflect differences in lifetime reproductive success between tactics. Therefore, we highlight the importance of examining the selective pressures associated with fixed and flexible expression of AMTs on lifetime reproductive success to attain a deeper understanding of AMT evolution."
https://openalex.org/W4385751278,https://doi.org/10.1111/jfb.15524,Alternative reproductive tactics in goby fishes of the Caspian Sea,2023,2023-08-11,Journal of Fish Biology,Sina Zarini; Federica Poli; Sigal Balshine,7,True,https://onlinelibrary.wiley.com/doi/pdfdirect/10.1111/jfb.15524,cites_W2166426124,"Here we report on the reproductive morphology and histology of three Gobiidae species (the Caspian monkey goby, Neogobius pallasi; the Caspian goby, Neogobius caspius; and the round goby, Neogobius melanostomus) from the Iranian coastline of the Caspian Sea. Based on ageing, reproductive histology, and internal and external morphological measures, it appears that all three of these goby species have two types of reproductive males, a large courting, territorial, male type and a small cuckolding parasitic male type, a phenomenon known as alternative reproductive tactics (ART). Although ARTs have been reported previously for one of these species, the round goby, all reports stem from its invasive range; ARTs have never been reported before in any fish species in the Caspian Sea. In all three goby species there was a large, older male type, with a wide head, dark body colouration, and a large investment in accessory glands (AG), an organ important for female attraction and parental care. But there was also a small, light, younger male type, with a narrow head, longer urogenital papilla, and little investment in AGs. The Caspian goby were the largest of the three species, and in this species the smaller, lighter, presumably cuckolding male morph was quite rare (only about 5% of the reproductive male population). In contrast, many of the round goby and monkey goby males were the small, lighter parasitic type, making up nearly half the population of reproductive males (48% and 40%, respectively). Round goby and Caspian goby males had a prominent mesorchial gland, a fibrous sheath of pheromone-releasing connective tissue that attaches the testes to the dorsal body wall, but all the monkey goby specimens examined lacked this structure. Although ARTs are well documented across fish species and appear to be particularly common in gobies, our study provides the first evidence for ARTs in goby fishes from the Caspian Sea."
https://openalex.org/W4402903733,https://doi.org/10.1016/j.anbehav.2024.08.017,Courtship is associated with greater spatial cognition and decreased boldness in a swordtail fish,2024,2024-09-27,Animal Behaviour,Philip S. Queller; Robert J. Bailey; Amogh Kashyap; Molly E. Cummings,4,False,,cites_W2166426124,
https://openalex.org/W2796743001,https://doi.org/10.1071/rd17466,Comparison of sperm motility subpopulation structure among wild anadromous and farmed male Atlantic salmon (Salmo salar) parr using a CASA system,2018,2018-04-12,Reproduction Fertility and Development,Carina Caldeira; Almudena García‐Molina; Anthony Valverde; Daznia Bompart; Megan Hassane; Patrick Martin; Carles Soler,31,True,https://www.publish.csiro.au/rd/pdf/RD17466,cites_W2166426124,"Atlantic salmon (Salmo salar) is an endangered freshwater species that needs help to recover its wild stocks. However, the priority in aquaculture is to obtain successful fertilisation and genetic variability to secure the revival of the species. The aims of the present work were to study sperm subpopulation structure and motility patterns in wild anadromous males and farmed male Atlantic salmon parr. Salmon sperm samples were collected from wild anadromous salmon (WS) and two generations of farmed parr males. Sperm samples were collected from sexually mature males and sperm motility was analysed at different times after activation (5 and 35s). Differences among the three groups were analysed using statistical techniques based on Cluster analysis the Bayesian method. Atlantic salmon were found to have three sperm subpopulations, and the spermatozoa in ejaculates of mature farmed parr males had a higher velocity and larger size than those of WS males. This could be an adaptation to high sperm competition because salmonid species are naturally adapted to this process. Motility analysis enables us to identify sperm subpopulations, and it may be useful to correlate these sperm subpopulations with fertilisation ability to test whether faster-swimming spermatozoa have a higher probability of success."
https://openalex.org/W2996177761,https://doi.org/10.1371/journal.pone.0226130,On a remarkable sexual dimorphic trait in the Characiformes related to the olfactory organ and description of a new miniature species of Tyttobrycon Géry (Characiformes: Characidae),2019,2019-12-18,PLoS ONE,Vitor Pimenta Abrahão; Murilo Nogueira de Lima Pastana; Manoela Marinho,26,True,https://journals.plos.org/plosone/article/file?id=10.1371/journal.pone.0226130&type=printable,cites_W2166426124,"Among the order Characiformes, secondary sexual dimorphism is commonly associated to the occurrence of bony hooks on fins, shape and length of the dorsal and anal fins, and sexual dichromatism. The analysis of a new miniature Characidae species of the genus Tyttobrycon, described herein, yielded to the discovery of a sexually dimorphic trait related to nostril aperture and number of olfactory lamellae. In this type of dimorphism, mature males present larger nostril aperture and higher number of olfactory lamella than females. A dimorphic olfactory organ is for the first time recorded and described for a member of the Characiformes. Gross morphology and development of brain and peripheral olfactory organ of Tyttobrycon sp. n. are described and compared to other species of Characidae. It is hypothesized that such dimorphic trait is related to male-male detection during cohort competition in small characids. The new species of Tyttobrycon is diagnosed from its congeners by the number of branched anal-fin rays (19-21) and the absence of a caudal-peduncle blotch. It occurs in a small tributary of Rio Madeira basin, near to the limit between Brazil and Bolivia, Acre State, Brazil."
https://openalex.org/W2979619614,https://doi.org/10.3389/fphys.2019.01281,Male Alternative Reproductive Tactics and Associated Evolution of Anatomical Characteristics in Loliginid Squid,2019,2019-10-15,Frontiers in Physiology,José Eduardo Amoroso Rodriguez Marian; Lígia H. Apostólico; Chuan‐Chin Chiao; Roger T. Hanlon; Noritaka Hirohashi; Yoko Iwata; Jennifer A. Mather; Noriyosi Sato; Paul W. Shaw,25,True,https://www.frontiersin.org/articles/10.3389/fphys.2019.01281/pdf,cites_W2166426124,"Loliginid squids provide a unique model system to explore male alternative reproductive tactics (ARTs) and their linkage to size, behavioral decision making, and possibly age. Large individuals fight one another and the winners form temporary consortships with females, while smaller individuals do not engage in male-male agonistic bouts but use various sneaker tactics to obtain matings, each with varying mating and fertilization success. There is substantial behavioral flexibility in most species, as smaller males can facultatively switch to the alternative consort behaviors as the behavioral context changes. These forms of ARTs can involve different: mating posture; site of spermatophore deposition; fertilization success; and sperm traits. Most of the traits of male dimorphism (both anatomical and behavioral) are consistent with traditional sexual selection theory, while others have unique features that may have evolved in response to the fertilization environment faced by each temporary or permanent male morph."
https://openalex.org/W2607258244,https://doi.org/10.1111/jeb.13092,"Sexual coloration and sperm performance in the Australian painted dragon lizard, Ctenophorus pictus",2017,2017-04-20,Journal of Evolutionary Biology,Callum S. McDiarmid; Christopher R. Friesen; Cissy J. Ballen; Mats Olsson,23,False,,cites_W2166426124,"Theory predicts trade-offs between pre- and post-copulatory sexually selected traits. This relationship may be mediated by the degree to which males are able to monopolize access to females, as this will place an upper limit on the strength of post-copulatory selection. Furthermore, traits that aid in mate monopolization may be costly to maintain and may limit investment in post-copulatory traits, such as sperm performance. Australian painted dragons are polymorphic for the presence or absence of a yellow gular patch ('bibs'), which may aid them to monopolize access to females. Previous work has shown that there are physiological costs of carrying this bib (greater loss of body condition in the wild). Here, we show that male painted dragons use this bright yellow bib as both an inter- and intrasexual signal, and we assess whether this signal is traded off against sperm performance within the same individuals. We found no relationship between aspects of bib colour and sperm swimming velocity or percentage of motile sperm and suggest that the bib polymorphism may be maintained by complex interactions between physiological or life-history traits including other sperm or ejaculate traits and environmental influences."
https://openalex.org/W2913688598,https://doi.org/10.1093/icesjms/fsz006,Comparative analysis of life history traits and trends of abundance in coral reefs of the orange-spotted grouper (Epinephelus coioides) from two regions of the Arabian Gulf,2019,2019-01-09,ICES Journal of Marine Science,Yu‐Jia Lin; Edwin Grandcourt; Lotfi Rabaoui; Rommel Maneja; Mohammad A. Qurban; Khaled Al-Abdulkader; Rubén H. Roa-Ureta,15,False,,cites_W2166426124,"Abstract The orange-spotted grouper Epinephelus coioides is one of the most important commercially exploited fish species in the Arabian Gulf. Studies to establish the basic biological knowledge necessary for sustainable exploitation are few and of limited spatial extent. We carry out a comparative analysis of life history traits of this sequential hermaphrodite and of trends of abundance in coral reefs, northern vs. southern Gulf. We found remarkable differences in sex proportion by length and age, rates of somatic growth, size at maturity and production of gonadic biomass, and no differences in the age composition, mode of growth, timing and duration of spawning, natural mortality rate, and trends of abundance. In the northern Gulf, the reproductive tactics could be diandric protogyny or protandric because males disappear at higher size and later age. In the southern Gulf, the strategy is protogyny, with full predominance of females in early life and full predominance of males in late life. In the northern Gulf, the orange-spotted grouper could exhibit bidirectional sex change. We suggest that fisheries policies should be versatile, consisting of regional-wide as well as local management measures, to account for local differences and regional-wide commonalities in life history traits and trends of abundance."
https://openalex.org/W4226458976,https://doi.org/10.1007/s00227-022-04017-y,Environmental influence on life-history traits in male squid Uroteuthis edulis with alternative reproductive tactics,2022,2022-02-03,Marine Biology,Yumeng Pang; Chih-Shin Chen; Tomohiko Kawamura; Yoko Iwata,15,True,https://link.springer.com/content/pdf/10.1007/s00227-022-04017-y.pdf,cites_W2166426124,"Abstract Squid are characterized by flexible life-history traits (LHTs) that change in response to changing oceanic parameters. Male alternative reproductive tactics (ARTs), characterized by large-sized ‘consorts’ versus small-sized ‘sneakers’, are commonly observed in loliginid species. This study reports on LHTs flexibility in male squids displaying ARTs. LHTs of consorts and sneakers in Uroteuthis edulis , including body size, age, growth rate and gonado-somatic energy allocation, were compared among seasonal and geographical groups from Japan and Taiwan. The ratio of consorts to sneakers was highest in the group spawning in the ‘Japan-warm’ season (June–November), followed by that of the ‘Japan-cold’ season (December–May), and lowest in Taiwan (spring and autumn). LHTs were compared among cohorts separated by hatching season and catch location (Jwarm, Jcold and Taiwan cohorts). Mean body size of consorts showed no difference among cohorts, although Taiwan consorts were relatively younger than Japan consorts. Mean size and age of sneakers decreased with increased water temperature at hatching. Growth rates of consorts and sneakers were slightly different among cohorts, in accordance with differences of statolith increment widths during their early life stage (50–150 days). Growth rates of both consorts and sneakers were highest in the Taiwan cohort, followed by the Jwarm cohort, with the Jcold cohort lowest. Sneakers invested more both in mantle and gonadal weights than consorts in all cohorts. Gonado-somatic energy allocation patterns of consorts and sneakers were consistent at different temperatures. LHTs of U. edulis consorts and sneakers were strongly influenced by temperature, with higher flexibility in sneakers than consorts."
https://openalex.org/W3024663922,https://doi.org/10.1163/1568539x-bja10007,Group-size preferences in a shoaling cichlid,2020,2020-05-07,Behaviour,Loris Durrer; Michael Taborsky; Joachim G. Frommen,11,False,,cites_W2166426124,"Abstract Group size is an important criterion in social decisions. Accordingly, assessing quantities is common in many animals. In fishes, studies on numerical abilities focus on a limited range of species. Arguably, cichlids show the greatest variability of social patterns among vertebrates. Nevertheless, knowledge about their quantitative abilities is scarce. Here we use the Lake Tanganyika cichlid Lamprologus callipterus to scrutinize the quantitative abilities of fish in the context of shoaling. Females chose between different numbers of conspecifics, varying in absolute and relative number differences. In half of the trials both shoals were composed of familiar sisters, while all fish were unfamiliar non-kin in the other half. Test fish consistently preferred the larger of two shoals, irrespective of the ratios. Their activity differed significantly between familiarity/relatedness treatments, indicating recognition of this parameter. L. callipterus therefore has fine-tuned discrimination skills, adding to the evidence that quantitative abilities are widespread in fishes."
https://openalex.org/W4392878765,https://doi.org/10.1093/evlett/qrae010,Alternative reproductive tactics and evolutionary rescue,2024,2024-02-24,Evolution Letters,Robert J. Knell; Jonathan M. Parrett,9,True,https://academic.oup.com/evlett/advance-article-pdf/doi/10.1093/evlett/qrae010/56994763/qrae010.pdf,cites_W2166426124,"Almost all life on earth is facing environmental change, and understanding how populations will respond to these changes is of urgent importance. One factor that is known to affect the speed by which a population can evolve when faced with changes in the environment is strong sexual selection. This increases the adaptive capacity of a population by increasing reproductive skew toward well-adapted (usually) males who will, on average, be best able to compete for matings. This effect could potentially be disrupted when males pursue alternative reproductive tactics (ARTs), whereby males within a species exhibit qualitatively different behaviors in their pursuit of matings. ARTs are diverse, but one common class is those expressed through condition-dependent polyphenism such that high-quality, well-adapted males compete aggressively for mates and low-quality, poorly adapted males attempt to acquire matings via other, nonaggressive behaviors. Here, using an individual-based modeling approach, we consider the possible impacts of ARTs on adaptation and evolutionary rescue. When the ART is simultaneous, meaning that low-quality males not only engage in contests but also pursue other tactics, adaptive capacity is reduced and evolutionary rescue, where a population avoids extinction by adapting to a changing environment, becomes less likely. This is because the use of the ART allows low-quality males to contribute more maladaptive genes to the population than would happen otherwise. When the ART is fixed, however, such that low-quality males will only use the alternative tactic and do not engage in contests, we find the opposite: adaptation happens more quickly and evolutionary rescue when the environment changes is more likely. This surprising effect is caused by an increase in the mating success of the highest quality males who face many fewer competitors in this scenario-counterintuitively, the presence of males pursuing the ART increases reproductive skew toward those males in the best condition."
https://openalex.org/W4312222283,https://doi.org/10.1016/j.anbehav.2022.10.015,Alternative reproductive tactics: a fixed trait in a large mammal?,2022,2022-12-26,Animal Behaviour,Antonella Cotza; Luca Corlatti; Francesco Ferretti; Orlando Tomassini; J. Santoro; Bruno Bassano; Sandro Lovari,8,False,,cites_W2166426124,
https://openalex.org/W3200069841,https://doi.org/10.1016/j.aquaculture.2021.737471,Spermatology and sperm ultrastructure in farmed coho salmon (Oncorhynchus kisutch),2021,2021-09-10,Aquaculture,Leydy Sandoval‐Vargas; Jennie Risopatrón; Kelly Dumorné; Jorge G. Farías; Elías Figueroa; Iván Valdebenito,7,True,https://repositorio.ufro.cl/s/repositorio-ufro/item/9409,cites_W2166426124,
https://openalex.org/W4310537611,https://doi.org/10.1007/s00265-022-03272-9,Male color polymorphism in populations of reef geckos (Sphaerodactylus notatus) reduces the utility of visual signals in sex recognition,2022,2022-12-02,Behavioral Ecology and Sociobiology,E. Ann Powell; J. Albert C. Uy,6,False,,cites_W2166426124,
https://openalex.org/W4395081367,https://doi.org/10.1098/rspb.2024.0156,Squid male alternative reproductive tactics are determined by birth date,2024,2024-04-24,Proceedings of the Royal Society B Biological Sciences,Shota Hosono; Yoshio Masuda; Shun Tokioka; Tomohiko Kawamura; Yoko Iwata,6,True,https://doi.org/10.1098/rspb.2024.0156,cites_W2166426124,"Alternative reproductive tactics (ARTs) are discontinuous phenotypes associated with reproduction, observed in males of many species. Typically, large males adopt a tactic of competing with rivals for mating, while small males adopt a tactic of stealing fertilization opportunities from the large males. The ‘birth date hypothesis', proposing that the date of birth influences the determination of each male's reproductive tactic, has been tested only in teleost fish to date. Here, the birth date hypothesis was tested in ARTs of Japanese spear squid Heterololigo bleekeri (consort/sneaker) by analysing statolith growth increments. The birth date significantly differed between consorts (early-hatched) and sneakers (late-hatched). However, no differences were detected in growth history up to 100 days from hatching. Most immature males caught during the reproductive season were larger than sneakers, and their hatch date was similar to that of consorts, suggesting that these immature males had already been following a life-history pathway as a consort. These results indicate that ARTs of H. bleekeri are determined based on their hatch date in early life. This study firstly suggests that the birth date hypothesis applies to aquatic invertebrates, suggesting that the mechanism by which birth date determines the individual phenotype is a phenomenon more common than previously believed."
https://openalex.org/W4402698421,https://doi.org/10.1093/beheco/arae073,Form-assortative mating behaviors of individuals from parasitic and non-parasitic populations of Arctic lamprey (Lethenteron camtschaticum),2024,2024-09-20,Behavioral Ecology,Léa Daupagne; Chiharu Furusawa; Hironori Mieda; Osamu Kishida; Émilien Lasne; édric Tentelier; Itsuro Koizumi,4,True,https://archimer.ifremer.fr/doc/00909/102076/114917.pdf,cites_W2166426124,"Abstract Evolutionary theory predicts that assortative mating is crucial for sympatric speciation by generating reproductive isolation between diverging populations. Here, we investigate the potential of form-assortative mating, an assumed mating pattern in lampreys, for sympatric speciation. By continuously recording mating activity between anadromous and freshwater-resident forms of L. camtschaticum that greatly differ in body size, we show that lampreys tend to mate with individuals of similar size in experimental conditions. However, we highlight that this pattern does not result from a choice of same-form partner but is the result of the simultaneous action of a preference of males—whatever their size—for large anadromous females, a higher competitive ability of aggressive males and physical constraints on heteroform pairs. Moreover, we do not advocate that sympatric speciation, as the sole consequence of form-assortative mating through sexual selection, is a plausible mechanism for the diversification of lampreys as a significant number of sneaking behaviors were observed in freshwater-resident males toward large anadromous females. Broader attention should be given to mechanisms other than the sexual selection that may lead to form-assortative mating, such as variations in the spatial or temporal distribution of alternative forms during reproductive season."
https://openalex.org/W7131347000,https://doi.org/10.1093/beheco/arag022,Visual cues elicit differential aggression towards female and female mimics in the corkwing wrasse,2026,2026-02-25,Behavioral Ecology,Benjamin A Ellis; Tonje Knutsen Sørdalen; Mark Briffa; Anne Berit Skiftesvik; Alexander D M Wilson; Kim Tallaksen Halvorsen,2,True,https://doi.org/10.1093/beheco/arag022,cites_W2166426124,"), smaller males mimic female visual morphology (hereafter sneakers) to steal fertilizations from nest-building parental males (hereafter nesting males). We investigated whether this visual mimicry effectively deceived 47 nesting males across 4 sites by quantifying 2 agonistic responses (attack latency and attack frequency) to models depicting unfamiliar females, sneakers and rival nesting males. Contrary to expectations, nesting males exhibited faster agonistic responses towards female models, with lower attack latencies compared with both male types. Additionally, the relationship between model type and attack frequency varied between sites, with reduced attack frequencies at sites subject to increased levels of anthropogenic disturbance. These results provide evidence that nesting males can visually discriminate between females and sneakers even in the absence of behavioral cues, suggesting that visual mimicry alone may be insufficient for successful deception. This highlights the need to investigate alternative sensory modalities, such as behavioral mimicry, to explain the successful reproduction of sneaker males and the maintenance of ARTs in this species."
https://openalex.org/W2753980854,https://doi.org/10.1002/lno.10661,Investigating large‐scale invasion patterns using‐small scale invasion successions—phenotypic differentiation of the invasive round goby (Neogobius melanostomus) at invasion fronts,2017,2017-09-15,Limnology and Oceanography,Magnús Thorlacius; Tomas Brodin,16,True,https://onlinelibrary.wiley.com/doi/pdfdirect/10.1002/lno.10661,cites_W2166426124,"Abstract Species invasions are an ever‐growing problem that increases with globalization through increased frequency of unintentional introductions. Between establishment and spread, a lag phase often occurs in which population growth is exponential and dispersal frequency low. Individual variation in behavioral traits, consistent through time and context, have been found crucial for understanding ecological processes such as density dependent dispersal during species invasions. In a previous study of the invasive round goby (Neogobius melanostomus), we found population differentiation between old and new populations in the Baltic Sea with individuals in new populations being more asocial, bold, and active. Here, we investigate if behavioral differentiations are created already during the initial spread from newly established populations. Hence, we monitored population growth and subsequent small‐scale spread (< 800 m) in two newly invaded areas, as well as the behavioral traits previously connected to dispersal, over two successional seasons. We found phenotypic differentiation between dispersing and resident individuals with small‐scale dispersers being smaller and more asocial. In addition, our catch‐per‐unit‐effort data suggest a lag‐phase of 3–5 yr, following initial colonization, before the round goby start spreading into the surrounding environment. This suggests that, at least in species that grow to high densities fast, sociability is more important than boldness and activity for triggering density‐dependent dispersal."
https://openalex.org/W2910508727,https://doi.org/10.1016/j.anbehav.2018.12.014,Individual plasticity in alternative reproductive tactics declines with social experience in male guppies,2019,2019-01-16,Animal Behaviour,Giovanni Polverino; Bianca M. Palmas; Jonathan P. Evans; Clelia Gasparini,16,False,,cites_W2166426124,
https://openalex.org/W2982439699,https://doi.org/10.1007/s00442-019-04538-2,Water stress tolerance tracks environmental exposure and exhibits a fluctuating sexual dimorphism in a tropical liverwort,2019,2019-10-29,Oecologia,Rose A. Marks; Brennen D. Pike; D. Nicholas McLetchie,16,False,,cites_W2166426124,
https://openalex.org/W2901137589,https://doi.org/10.1139/cjfas-2018-0340,"Alternative reproductive tactics, an overlooked source of life history variation in the invasive round goby",2018,2018-11-16,Canadian Journal of Fisheries and Aquatic Sciences,Erin S. McCallum; Aneesh P. H. Bose; Naylor Lobban; Julie R. Marentette; Harri Pettitt‐Wade; Marten A. Koops; Aaron T. Fisk; Sigal Balshine,15,False,,cites_W2166426124,"Alternative reproductive tactics (ARTs) can generate considerable within-species life history variation but are often overlooked. Here, we use the invasive round goby (Neogobius melanostomus) to address a number of ecological and evolutionary questions about ARTs. Making use of a 12-year, multisite Laurentian Great Lakes data set, we show that the guarder male tactic was twice as common as the sneaker male tactic but that nonreproductive males were the most common morph. The ratio of guarder to sneaker males did not vary spatially despite a wide range of resource densities across sites. Guarders and sneakers spanned similar age ranges, suggesting that the ARTs are nonsequentially expressed. Based on short-term (gut contents) diet analyses, both reproductive tactics consumed fewer types of food and tended to consume fewer items overall when compared with nonreproductive males. Long-term (isotope) diet analyses showed that guarder males fed at a higher trophic level (higher δ15N) and had a broader isotopic niche. Our results show that ARTs are an important aspect of this invasive species’ breeding system and should be accounted for when assessing and managing populations."
https://openalex.org/W3007038013,https://doi.org/10.1086/708764,Correlated Evolution of Sex Allocation and Mating System in Wrasses and Parrotfishes,2020,2020-02-27,The American Naturalist,Jennifer R. Hodge; Francesco Santini; Peter C. Wainwright,14,False,,cites_W2166426124,"In accordance with predictions of the size-advantage model, comparative evidence confirms that protogynous sex change is lost when mating behavior is characterized by weak size advantage. However, we lack comparative evidence supporting the adaptive significance of sex change. Specifically, it remains unclear whether increasing male size advantage induces transitions to protogynous sex change across species, as it can within species. We show that in wrasses and parrotfishes (Labridae) the evolution of protogynous sex change is correlated with polygynous mating and that the degree of male size advantage expressed by polygynous species influences transitions between different types of protogynous sex change. Phylogenetic reconstructions reveal strikingly similar patterns of sex allocation and mating system evolution with comparable lability. Despite the plasticity of sex-determination mechanisms in labrids, transitions trend toward monandry (all males derived from sex-changed females), with all observed losses of protogyny accounted for by shifts in the timing of sex change to prematuration. Likewise, transitions in mating system trend from the ancestral condition of lek-like polygyny toward greater male size advantage, characteristic of haremic polygyny. The results of our comparative analyses are among the first to confirm the adaptive significance of sex change as described by the size-advantage model."
https://openalex.org/W2578824023,https://doi.org/10.1038/hdy.2016.129,No evidence for MHC class II-based non-random mating at the gametic haplotype in Atlantic salmon,2017,2017-01-18,Heredity,Marta Promerová; Ghazal Alavioon; Sergio Tusso; Reto Burri; S. Immler,13,True,https://www.nature.com/articles/hdy2016129.pdf,cites_W2166426124,
https://openalex.org/W2797514613,https://doi.org/10.1016/j.jmarsys.2018.04.003,"Variation in growth, morphology and reproduction of the bearded goby (Sufflogobius bibarbatus) in varying oxygen environments of northern Benguela",2018,2018-04-09,Journal of Marine Systems,Anne Gro Vea Salvanes; Henrik Christiansen; Yusra Taha; Christina Henseler; Maria Larsen Seivåg; Olav Sigurd Kjesbu; Arild Folkvord; Anne Christine Utne-Palm; Bronwen Currie; Werner Ekau; Anja K. van der Plas; Mark J. Gibbons,12,True,https://lirias.kuleuven.be/handle/123456789/677799,cites_W2166426124,
https://openalex.org/W2902927105,https://doi.org/10.1016/j.physbeh.2018.12.003,Daily energy expenditure of males following alternative reproductive tactics: Solitary roamers spend more energy than group-living males,2018,2018-12-03,Physiology & Behavior,Rebecca Rimbach; Stéphane Blanc; Alexandre Zahariev; Neville Pillay; Carsten Schradin,12,False,,cites_W2166426124,
https://openalex.org/W3177595122,https://doi.org/10.1111/evo.14302,Effects of body size divergence on male mating tactics in the ground beetle Carabus japonicus,2021,2021-07-07,Evolution,Yutaka Okuzaki,12,False,,cites_W2166426124,"Animal body size is involved in reproduction in various ways. Carabus japonicus exhibits considerable variation in adult body size across geographical locations depending on the larval environment. To investigate the effects of body size divergence on male mating traits, spermatophore deposition and weight, copulation duration, and post-copulatory mounting were observed using male-female pairs from C. japonicus populations with different body sizes. Then, variables with high predictive power on the mating traits were identified from individual characteristics. When the male was slightly smaller than his mate, spermatophore deposition likely succeeded, suggesting that mechanical size-assortative insemination determined male body size. Although male reproductive organ size was positively correlated with male body size, spermatophore weight was not significantly affected by male body size, whereas copulation duration decreased with increasing male body size. Enlarged males, with a high capacity for spermatophore production, could increase paternity by decreasing copulation duration and increasing mating frequency. Such shifts in mating tactics would alter selection pressures of intra- and intersexual interactions (e.g., sperm competition and sexual conflict). Genital dimensions also affected mating traits other than copulatory duration. Thus, ecological heterogeneity has the potential to lead to divergences in sexual traits, such as genital morphology, through body size divergence."
https://openalex.org/W2592850050,https://doi.org/10.1186/s12898-017-0120-5,Alternative reproductive tactics and inverse size-assortment in a high-density fish spawning aggregation,2017,2017-02-28,BMC Ecology,Rucha Karkarey; Amod Zambre; Kavita Isvaran; Rohan Arthur,11,True,https://bmcecol.biomedcentral.com/track/pdf/10.1186/s12898-017-0120-5,cites_W2166426124,"BACKGROUND: At high densities, terrestrial and marine species often employ alternate reproductive tactics (ARTs) to maximize reproductive benefits. We describe ARTs in a high-density and unfished spawning aggregation of the squaretail grouper (Plectropomus areolatus) in Lakshadweep, India. RESULTS: As previously reported for this species, territorial males engage in pair-courtship, which is associated with a pair-spawning tactic. Here, we document a previously unreported school-courtship tactic; where territorial males court multiple females in mid-water schools, which appears to culminate in a unique 'school-spawning' tactic. Courtship tactics were conditional on body size, local mate density and habitat, likely associated with changing trade-offs between potential mating opportunities and intra-sexual competition. Counter-intuitively, the aggregation showed a habitat-specific inverse size-assortment: large males courted small females on the reef slope while small males courted equal-sized or larger females on the shelf. These patterns remained stable across two years of observation at high, unfished densities. CONCLUSIONS: These unique density-dependent behaviours may disappear from this aggregation as overall densities decline due to increasing commercial fishing pressure, with potentially large consequences for demographics and fitness."
https://openalex.org/W2775716815,https://doi.org/10.1111/jeb.13217,Associations of stream geomorphic conditions and prevalence of alternative reproductive tactics among sockeye salmon populations,2017,2017-11-30,Journal of Evolutionary Biology,Lukas B. DeFilippo; Daniel E. Schindler; J. L. Carter; Timothy E. Walsworth; Timothy J. Cline; Wesley A. Larson; Thomas W. Buehrens,11,True,https://onlinelibrary.wiley.com/doi/pdfdirect/10.1111/jeb.13217,cites_W2166426124,"In many species, males may exhibit alternative life histories to circumvent the costs of intrasexual competition and female courtship. While the evolution and underlying genetic and physiological mechanisms behind alternative reproductive tactics are well studied, there has been less consideration of the ecological factors that regulate their prevalence. Here, we examine six decades of age composition records from thirty-six populations of sockeye salmon (Oncorhynchus nerka) to quantify associations between spawning habitat characteristics and the prevalence of precocious sneakers known as 'jacks'. Jack prevalence was independent of neutral genetic structure among stream populations, but varied among habitat types and as a function of continuous geomorphic characteristics. Jacks were more common in streams relative to beaches and rivers, and their prevalence was negatively associated with stream width, depth, elevation, slope and area, but positively related to bank cover. Behavioural observations showed that jacks made greater use of banks, wood and shallows than guard males, indicating that their reproductive success depends on the availability of such refuges. Our results emphasize the role of the physical habitat in shaping reproductive tactic frequencies among populations, likely through local adaptation in response to variable fitness expectations under different geomorphic conditions."
https://openalex.org/W2916777605,https://doi.org/10.1645/17-47,Differences in Endohelmith Parasite Infection between Male Morphotypes of Bluegill Sunfish (Lepomis macrochirus),2019,2019-02-22,Journal of Parasitology,Craig A. Hollander; Brandi N. Griffith; Michael R. Zimmermann,10,False,,cites_W2166426124,"Bluegill sunfish ( Lepomis macrochirus) are an important North American sport fish distributed across the United States and Canada. These fish are sexually dimorphic, with males being larger and more brightly colored than females. Additionally, there are 2 male morphotypes, dominant, brightly colored α-males, and β-males, which resemble females in both appearance and behavior. The 2 male morphotypes differ significantly in terms of mating behavior, territoriality, and diet. These behavioral and feeding differences may result in α-males harboring greater parasite diversity and parasite loads compared to β-males. This was tested by collecting, necropsying, and identifying parasites from 636 L. macrochirus sampled from 9 ponds in northwest Virginia and comparing parasite species richness and parasite load in the male morphotypes. The parasite infracommunities infecting the male morphotypes differed significantly between them at 7 of the 9 sample sites. When compared to β-males, α-males consistently had greater parasite species richness as well as greater abundance for a majority of both trophically and non-trophically transmitted parasite species sampled in this study. The separation of male morphotypes must be accounted for in studies of L. macrochirus parasites due to sex bias differences between males and females being masked when male morphotypes are combined."
https://openalex.org/W2945428288,https://doi.org/10.1007/978-3-319-94139-4_11,Environmental and Genetic Sex Determining Mechanisms in Fishes,2018,2018-01-01,,John Godwin; Reade B. Roberts,10,False,,cites_W2166426124,
https://openalex.org/W2945045293,https://doi.org/10.1093/beheco/arz068,Alternative reproductive tactics shape within-species variation in behavioral syndromes,2019,2019-05-13,Behavioral Ecology,Chang S. Han; Piotr G. Jabłoński,9,False,,cites_W2166426124,"Abstract Multiple behaviors can correlate with each other at the individual level (behavioral syndrome), and behavioral syndromes can vary in their direction between populations within a species. Within-species variation in behavioral syndromes is predicted to be associated with alternative reproductive tactics (ARTs), which evolve under different selection regimes. Here, we tested this using a water strider species, Gerris gracilicornis, in which males employ 2 ARTs that are fixed for life: signaling males (producing courtship ripples) versus nonsignaling males (producing no courtship ripples). We measured multiple behaviors in males with both of these ARTs and compared behavioral syndromes between them. Our results showed that signaling males were more active and attempted to mate more frequently than nonsignaling males. This shaped an overall behavioral syndrome between activities in mating and nonmating contexts when we pooled both ARTs. In addition, the behavioral syndromes between cautiousness and mating activity differed significantly between ARTs. In signaling males, the syndrome was significantly negative: signaling males more eager to mate tended to leave their refuges more rapidly. However, mating activity and cautiousness were not correlated in nonsignaling males. This might be because active males, in the context of predation risk and mating, were favored during the evolution and maintenance of the unique intimidating courtship tactic of G. gracilicornis males. Thus, our findings suggest that ARTs facilitate behavioral divergence and also contribute to the evolution of tactic-specific behavioral syndromes. We also show that research on ARTs and behavioral syndromes can be harmonized to study behavioral variation."
https://openalex.org/W2904759956,https://doi.org/10.1007/s12562-018-1283-5,The overlapping reproductive traits of the two male mating types of the oval squid Sepioteuthis lessoniana,2018,2018-12-18,Fisheries Science,Chun-Yen Lin; Chih-Shin Chen; Chuan‐Chin Chiao,8,False,,cites_W2166426124,
https://openalex.org/W2793316743,https://doi.org/10.1111/jfb.13547,Adaptation to hypoxic environments; bearded gobies Sufflogobius bibarbatus in the Benguela upwelling ecosystem,2018,2018-03-01,Journal of Fish Biology,A. G. V. Salvanes; Mark J. Gibbons,7,False,,cites_W2166426124,"The oceans of the world are slowly losing oxygen, in part because of climate change and in part because of anthropogenic eutrophication. This deoxygenation affects marine organisms in species‐specific ways. This paper reviews what is known on how hypoxia tolerant species respond to low dissolved oxygen, using the bearded goby Sufflogobius bibarbatus as a model system. This species is endemic to the Benguela upwelling ecosystem, where, off Namibia, 9000 km2 of the shelf is hypoxic. Here, the species is now considered central to ecosystem functioning and in recent decades it has sustained commercial fisheries. Unlike their predators, S. bibarbatus has strong anti‐predator responses as they can remain alert and escape threats in anoxic and severely hypoxic waters and can cope with sulphide shocks. Populations display diel vertical migration and shuttle between suboxic seabed refugia during the day to more oxygenated waters higher up in the water column at night and whilst they may share the water column with predators they may reduce their predation risk by associating with jellyfish (Aequorea forskalea and Chrysaora fulgida). The spatial distribution of S. bibarbatus varies with changes in available oxygen and populations expand and contract with climate‐induced changes in the distribution of hypoxic waters. This species has an unusual diet and plays an important role in ecosystem functioning. It is a batch‐spawner, with a protracted spawning season. Remarkably, males display alternative reproductive tactics and reproduction can take place at oxygen levels <0·5 ml l−1 dissolved oxygen on the shelf break. Gaps in knowledge are identified and future works are proposed."
https://openalex.org/W3093810138,https://doi.org/10.1007/s10530-020-02389-0,Cryptic alternative male mating strategies in invasive alien round goby (Neogobius melanostomus) of the upper Danube River,2020,2020-10-23,Biological Invasions,Alexander F. Cerwenka; Joerg Brandner; Juergen Geist; Ulrich K. Schliewen,7,True,https://link.springer.com/content/pdf/10.1007/s10530-020-02389-0.pdf,cites_W2166426124,"Abstract Male alternative mating strategies are a widespread life history choice, yet they have hardly been assessed in the context of fish invasions. As established proxies for alternative life-history strategies, body length and sexual maturity of Ponto–Caspian round goby (Neogobius melanostomus) from the recently invaded upper Danube River were contrasted and differential trophic niche occupation was assessed. Only about 4% of analyzed gobies qualified as potential sneakers which may be explained by the recent and ongoing invasion process. This study provides evidence for the occurrence of sneaking behavior of invasive round goby in the upper Danube River."
https://openalex.org/W3197593394,https://doi.org/10.3390/ijms22179519,Does the Rainbow Trout Ovarian Fluid Promote the Spermatozoon on Its Way to the Egg?,2021,2021-09-01,International Journal of Molecular Sciences,Vitaliy Kholodnyy; Borys Dzyuba; Marek Rodina; Hermes Gadêlha; Manabu Yoshida; Jacky Cosson; Sergii Boryshpolets,7,True,https://www.mdpi.com/1422-0067/22/17/9519/pdf?version=1630647877,cites_W2166426124,"The fertilization of freshwater fish occurs in an environment that may negatively affect the gametes; therefore, the specific mechanisms triggering the encounters of gametes would be highly expedient. The egg and ovarian fluid are likely the major sources of these triggers, which we confirmed here for rainbow trout (Oncorhynchus mykiss). The ovarian fluid affected significantly spermatozoa performance: it supported high velocity for a longer period and changed the motility pattern from tumbling in water to straightforward moving in the ovarian fluid. Rainbow trout ovarian fluid induced a trapping chemotaxis-like effect on activated male gametes, and this effect depended on the properties of the activating medium. The interaction of the spermatozoa with the attracting agents was accompanied by the “turn-and-run” behavior involving asymmetric flagellar beating and Ca2+ concentration bursts in the bent flagellum segment, which are characteristic of the chemotactic response. Ovarian fluid created the optimal environment for rainbow trout spermatozoa performance, and the individual peculiarities of the egg (ovarian fluid)–sperm interaction reflect the specific features of the spawning process in this species."
https://openalex.org/W2787793900,https://doi.org/10.1007/s10641-018-0733-3,Mating behavior and rapid concealing of nuptial coloration in males of the Fishgod Blenny Malacoctenus ebisui (Teleostei: Blenniiformes),2018,2018-01-29,Environmental Biology of Fishes,Cristian Moisés Galván‐Villa; Philip A. Hastings,6,False,,cites_W2166426124,
https://openalex.org/W2929080246,https://doi.org/10.13057/biodiv/d200427,"Sexual dimorphism in morphometric characters of Mystus singaringan from Klawing River in Central Java, Indonesia: Strategic instruction for conservation development",2019,2019-03-26,Biodiversitas Journal of Biological Diversity,Taufik Budhi Pramono; Diana Arfiati; Maheno Sri Widodo; Uun Yanuhar,5,True,https://smujo.id/biodiv/article/download/3610/2927,cites_W2166426124,"Abstract. Pramono TB, Arfiati D, Widodo MS, Yanuhar U. 2019. Sexual dimorphism in morphometric characters of Mystus singaringan from Klawing River in Central Java, Indonesia: Strategic instruction for conservation development. Biodiversitas 20: 1133-1139. This study aims to determine the sexual dimorphism of Mystus singaringan (Senggaringan fish) based on morphometric characters. The measurement of 24 morphometric characters in 30 M. singaringan from Klawing River was carried out using a digital caliper (0.01 mm). Morphometric data of M. singaringan analyzed using t-test have showed significant difference in 12 morphometric characters between sexes, such as standard length, head height, distance of the tip of the muzzle to eyes, distance of the tip of the muzzle to adipose fin, height of dorsal fin, height of pectoral fin, basic length of adipose fin, height of adipose fin, maximum height, length of first nasal barbel, length of first mandibular barbel, and length of second mandibular barbel. Analysis of growth of morphometric characters shows that there is a linear relationship between all morphometric characters and total length. The type of growth of all morphometric characters in both male and female M. singaringan is negative allometric."
https://openalex.org/W4389729478,https://doi.org/10.1134/s0032945223060085,"On Widening the Hybrid Zone for Chars of Genus Salvelinus, Kundscha S. leucomaenis and Northern Dolly Varden S. malma (Salmonidae), in Rivers of Kamchatka Peninsula",2023,2023-12-01,Journal of Ichthyology,К. В. Кузищин; М. А. Груздева; А. В. Семенова,4,False,,cites_W2166426124,"Abstract— The data on widening the zone for hybridization between the chars of the genus Salvelinus, kundscha S. leucomaenis and northern dolly varden S. malma (Salmonidae), in rivers of the Kamchatka Peninsula are reported. If the hybrids between the kundscha and the northern dolly varden could be previously observed only in the Utkholok River in the northwest of the peninsula, the mass hybridization between these species have occurred in two more nearby rivers, the Kvachina and Snatolveem Rivers since 2009. A microsatellite analysis has shown that hybrid specimens are characterized by intermediate values for allelic diversity, when compared to that in the representatives of parental species, while the mean expected heterozygosity values for hybrids are higher than that in Dolly Varden and kundscha fish. The analysis results for maternal inheritance in hybrid specimens from the Kvachina River coincide with that obtained in the surveys previously performed in the Utkholok River. Thus, the same haplotype specific for the kundscha fish was revealed in all the hybrid specimens, which can indicate that the hybrids originate from kundscha females and Dolly Varden males. The appearance and coloration of kundscha × northern dolly varden hybrids in the Kvachina and Snatolveem Rivers are similar to that in the specimens in the Utkholok River. Rather similar chacteristics of hybrid specimens in all three rivers can give reason to consider that a mechanism of their occurrence in the Kvachina and Snatolveem Rivers is simalr to that in the Utkholok River, since the kundscha eggs are inseminated by the Dolly Varden dwarf males. The increased local biological production of rivers due to increased sizes of spawning stocks of pink salmon Oncorhynchus gorbuscha along with large-scale climate changes in the North Pacific are considered as a possible cause of disturbances of isolation between species. It is quite probable that these two factors have contributed to improving the environmental conditions for fattening the Dolly Varden fish in the freshwater phase of their life cycle and, as a resultl of this process, increasing the number of Dolly Varden male fish matuaring in the river."
https://openalex.org/W3180907912,https://doi.org/10.1016/j.anbehav.2021.05.023,Dominant males exploit the courtship effort of subordinate males in an Amazonian fish,2021,2021-07-10,Animal Behaviour,Tiago Henrique da Silva Pires; Kalebe da Silva Pinto; Elio de Almeida Borghezan; Jansen Zuanon,3,False,,cites_W2166426124,
https://openalex.org/W4301186483,https://doi.org/10.1111/jfb.15235,"A new species ofParotocinclus(Loricariidae: Hypoptopomatinae) from the rio Pardo basin, Bahia State, Brazil, with comments on the sexually dimorphic traits of the nares and olfactory lamellae",2022,2022-10-04,Journal of Fish Biology,Dario Ernesto da Silva-Junior; Angela Maria Zanata,3,False,,cites_W2166426124,"A new species of Parotocinclus is described from lower rio Pardo basin, Bahia, Brazil. The new species differs from the majority of its congeners by the presence of a rudimentary or vestigial adipose fin, restricted to one to three small unpaired plates on the typical location of the fin. The new species differs from congeners that lack a well-developed adipose fin, and also from various other congeners, by a series of features including the absence of unicuspid accessory teeth and abdomen completely covered by plates similar in size. Additionally, mature males of the new species possess hypertrophied and a higher number of olfactory lamellae, when compared to similar-sized or even larger females. Hypertrophied and higher number of olfactory lamellae in males is shared with the congeners from the north-eastern Mata Atlântica freshwater ecoregion examined to the feature."
https://openalex.org/W4403143761,https://doi.org/10.1016/j.anbehav.2024.08.021,Circadian patterns in male sexual behaviour and female resistance in a polygynandrous bird,2024,2024-10-04,Animal Behaviour,Rômulo Carleial; Tommaso Pizzari; Lucy Beagley; Silas Elliot; Esher Hadman; Grant C. McDonald,1,True,https://doi.org/10.1016/j.anbehav.2024.08.021,cites_W2166426124,"The optimal timing of sexual behaviours across a daily cycle can form a key component of mating and reproductive success. However, few studies have explored circadian rhythms in mating behaviour within the context of sexual selection and sexual conflict. Here we characterized circadian patterns in female receptivity to mating and the frequency of male mating and courtship behaviours in freely interacting captive groups of red junglefowl, Gallus gallus , in outdoor enclosures. We showed that patterns of male sexual behaviour and female resistance to mating attempts differ between the morning and evening during a 10-day mating trial. Females progressively reduced their level of resistance to male mating attempts during the early hours of the morning and progressively increased their resistance in the evening. Males did not match their mating frequencies to female receptivity and initiated mating attempts more often in the evening, but tended to perform more courtship displays in the morning. The pattern of male behaviour was associated with social status, such that dominant males courted females more often than subordinates, particularly in the morning. However, we did not find strong evidence that male social status was associated with different timing strategies. These results demonstrate circadian patterns in multiple sexual behaviours in red junglefowl, with potential consequences for sexual selection in this species and welfare management in domestic populations of closely related fowl. • Sexual selection may target individual variation in circadian behaviour. • Sex differences in the optimal timing of behaviours can drive sexual conflict. • We quantified circadian patterns in sexual behaviour in a polygynandrous bird. • Males courted more in the morning and female resistance was highest in the evening. • Male social status was not associated with different timing strategies."
https://openalex.org/W7157745771,https://doi.org/10.1016/bs.asb.2026.03.002,Natural and sexual selection on reproduction in the sand goby—A dynamic mosaic in time and space,2026,2026-01-01,Advances in the study of behavior,Charlotta Kvarnemo,1,False,,cites_W2166426124,
https://openalex.org/W4302362881,https://doi.org/10.1007/s00227-022-04109-9,Influence of the lunar cycle and spatial gradients on size-dependent male and female reproductive investment decisions of a protogynous reef fish,2022,2022-10-01,Marine Biology,Pauline Mitterwallner; Jeffrey Shima,4,True,https://link.springer.com/content/pdf/10.1007/s00227-022-04109-9.pdf,cites_W2166426124,"Abstract Coral reef fish species experience variable environments and may employ a range of reproductive strategies to help them maximize fitness. Here, we explore patterns of variation in size- and sex-dependent spawning strategies (pair spawning, group spawning, and streaking tactics) of a sex-changing, highly iteroparous fish (the sixbar wrasseThalassoma hardwicke) across the lunar month, and in relation to proximity to the reef edge. We test the hypothesis that adults vary their investment strategies as a function of body size. We evaluated reproductive behaviour patterns at 2–3 days intervals over 5 consecutive months, and found that frequencies of pair spawning, group spawning, and streaking attempts all significantly increased around the new moon and were greatest in the most exposed territories (i.e., those located closest to the reef edge). Smaller females and IP males largely curtailed reproductive activities during the full moon and third quarter moon, while larger individuals reproduced more consistently across the lunar month. Size-dependent reproductive decisions appeared to mediate frequencies of specific reproductive tactics (e.g., prevalence of pair spawning, group spawning, and streaking strategies). We speculate that (1) optimal tactics are shaped by size- and sex-dependent trade-offs between reproduction and growth in relation to environmental conditions, and that (2) individual investment decisions determine the prevailing reproductive mode at a spawning site. Variation in female choice might thereby act as a mechanism for maintaining these two reproductive modes (pair spawning and group spawning) in a population."
https://openalex.org/W4376134473,https://doi.org/10.1093/beheco/arad029,Juvenile leg autotomy predicts adult male morph in a New Zealand harvestman with weapon polymorphism,2023,2023-05-11,Behavioral Ecology,Erin C. Powell; Christina J. Painting; Glauco Machado; Gregory I. Holwell,3,True,https://academic.oup.com/beheco/advance-article-pdf/doi/10.1093/beheco/arad029/50283903/arad029.pdf,cites_W2166426124,"Abstract Intraspecific weapon polymorphisms that arise via conditional thresholds may be affected by juvenile experience such as predator encounters, yet this idea has rarely been tested. The New Zealand harvestman Forsteropsalis pureora has three male morphs: majors (alphas and betas) are large-bodied with large chelicerae used in male–male contests, while minors (gammas) are small-bodied with small chelicerae and scramble to find mates. Individuals use leg autotomy to escape predators and there is no regeneration of the missing leg. Here, we tested whether juvenile experience affects adult morph using leg autotomy scars as a proxy of predator encounters. Juvenile males that lost at least one leg (with either locomotory or sensory function) had a 45 times higher probability of becoming a minor morph at adulthood than intact juvenile males. Leg loss during development may affect foraging, locomotion, and/or physiology, potentially linking a juvenile’s predator encounters to their final adult morph and future reproductive tactic."
https://openalex.org/W4401931364,https://doi.org/10.1016/j.jglr.2024.102423,Comparisons of isotopic niche between females and male alternative reproductive tactics of Chinook salmon (Oncorhynchus tshawytscha) from Lake Ontario,2024,2024-08-27,Journal of Great Lakes Research,Kevin A. Adeli; Kelsey F. Johnson; Trevor E. Pitcher,2,True,https://doi.org/10.1016/j.jglr.2024.102423,cites_W2166426124,"Chinook salmon ( Oncorhynchus tshawytscha ) have complex life histories with two distinct male alternative reproductive tactics (ARTs). The larger and older “hooknose” males battle for position to spawn with nesting females whereas the precociously maturing “jack” males use a sneaking tactic to gain access to females. Although dietary niche is known to differ between ARTs of other fish taxa, no research to date has examined these differences in a salmonid. Here, we used δ 15 N and δ 13 C stable isotope analyses to compare the dietary niches of female, hooknose male, and jack male Chinook salmon sampled from a Lake Ontario tributary. We found that all three life histories shared similar δ 15 N values, whereas jack males had greater δ 13 C values compared to hooknose males, with females having intermediate values. Jack males also had notably little overlap in their isotopic niche space with hooknose males and females, indicating that jack males occupy a distinct isotopic niche in Lake Ontario. We discuss habitat partitioning and differences in dietary niche as explanatory factors. Altogether, these data unveil novel distinctions in isotopic niche within the complex life history strategies of Chinook salmon in Lake Ontario that can inform management decisions and provide avenues for future research."
https://openalex.org/W4408763618,https://doi.org/10.1093/evolut/qpaf062,Parental care drives the evolution of male reproductive accessory glands across ray-finned fishes,2025,2025-03-18,Evolution,Lucas Eckert; Jessica S. Miller; John L. Fitzpatrick; Sigal Balshine; Benjamin M. Bolker,2,True,https://doi.org/10.1093/evolut/qpaf062,cites_W2166426124,"Reproductive accessory glands are organs involved in reproduction that do not directly produce or release gametes but can play crucial roles in securing reproductive success. In fishes, the 2 leading hypotheses about why accessory glands evolved are (1) in response to sperm competition, or (2) to facilitate parental care activities. Here, we investigate the evolutionary history of accessory glands and test these hypotheses by estimating quantitative differences in evolutionary rates. We found that accessory glands are present in 116 of the 607 sampled species of ray-finned fishes, representing 26/267 families. We estimated that accessory glands have arisen independently ~20 times and that these glands were gained 5.8 times faster in lineages with male parental care, compared to those without male care, supporting the hypothesis that they evolved to facilitate care. In contrast, group spawning, used as a proxy for sperm competition risk, seemed to select against the evolution of accessory glands, as lineages exhibiting group spawning gained accessory glands 3.9 times slower than those with pair spawning (though this failed to reach statistical significance). This study provides new insights into the evolutionary history of accessory glands in fishes and highlights the importance of parental care in shaping reproductive anatomy."
https://openalex.org/W2981818359,https://doi.org/10.1007/s10641-019-00925-z,Mating and reproductive success associated with male body size in Stegastes acapulcoensis (Teleostei: Pomacentridae),2019,2019-10-23,Environmental Biology of Fishes,Ericka Urbiola-Rangel; Omar Chassin‐Noria,7,False,,cites_W2166426124,
https://openalex.org/W2604588666,https://doi.org/10.1111/jzo.12454,Condition‐dependent reproductive tactics in male smallmouth bass: evidence of an inconsistent birthdate effect on early growth and age at first reproduction,2017,2017-04-05,Journal of Zoology,Daniel Welsh; Daniel D. Wiegmann; Lisa M. Angeloni; Steven P. Newman; Jeffrey G. Miner; Jeffrey R. Baylis,6,False,,cites_W2166426124,"Abstract Many animals exhibit alternative forms of reproductive behavior, the expression of which depends on individual condition or status. For instance, male smallmouth bass Micropterus dolomieu that are large early in life often build a nest and spawn for the first time at a young age and small body size, while males that are small early in life delay reproduction, invest in growth and spawn when they are older and larger, tactics referred to as α and β, respectively. The observation that larger males also tend to spawn earlier within a season led to a hypothesis that birthdate – more specifically, dispersal date – may control which tactic is adopted. Here, we examined the individual growth and reproductive histories of 184 male M. dolomieu of three cohorts for evidence of a birthdate effect on early life condition and the subsequent expression of tactics, namely whether a long first‐year growth period tends to induce the α tactic and whether variability in the timing of reproduction by parents within a season contributes to body size differences in progeny at the end of their first‐year growth period. The extent to which male condition early in life influences the expression of tactics was also evaluated. Evidence of a birthdate effect on progeny condition and subsequent tactic choice was observed for only one of the three cohorts and, in another cohort, tactic choice and individual condition were largely unrelated. The seasonal variability in birthdates and growth histories suggest that a broad range of swim‐up dates may be necessary to generate differences in condition early in life that are sufficiently large to control future reproductive decisions. Potential impacts of various physical, environmental and biotic factors that may mediate the seasonal timing of reproduction by parents or individual growth early in life are discussed."
https://openalex.org/W2905815865,https://doi.org/10.1186/s12862-018-1292-0,"Variations in the breeding behavior of cichlids and the evolution of the multi-functional seminal plasma protein, seminal plasma glycoprotein 120",2018,2018-12-01,BMC Evolutionary Biology,Masaya Morita; Stanley Ugwu; Masanori Kohda,4,True,https://bmcecolevol.biomedcentral.com/track/pdf/10.1186/s12862-018-1292-0,cites_W2166426124,"BACKGROUND: Seminal plasma proteins are associated with successful fertilization. However, their evolutionary correlation with fertilization mechanisms remains unclear. Cichlids from Lake Tanganyika show a variety-rich spawning behavior that is associated with the transfer of the sperm to the egg for fertilization. One of these behaviors, called ""oral fertilization,"" emerged during their speciation. In oral fertilization, females nuzzle the milt from male genitalia and pick up the released eggs in their mouths, which are then fertilized inside the oral cavity. Thus, the success of the fertilization is dependent on the retention of sperm in the oral cavity during spawning. Sperm aggregation and immobilization in viscous seminal plasma may help retain the sperm inside the oral cavity, which ultimately determines the success of the fertilization. Seminal plasma glycoprotein 120 (SPP120) is one of the major seminal plasma proteins present in cichlids. SPP120 has been implicated to immobilize sperm and increase the milt viscosity. However, the functional linkage between oral fertilization and seminal plasma proteins has not been investigated. RESULTS: During trials of simulated oral fertilization, it was observed that milt viscosity contributed to fertilization success by facilitating longer retention of the milt inside the mouth during spawning. Glycosylation of SPP120 was associated with high milt viscosity. Its glycosylation was specifically present in the milt of cichlid species exhibiting oral fertilization. Moreover, recombinant SPP120 from several the oral fertilization species strongly immobilized/aggregated sperm. Therefore, the functions of SPP120 (immobilization/aggregation and its glycosylation) may contribute to success of oral fertilization, and these functions of SPP120 are more prominent in oral fertilization species. In addition, comparative phylogenetic analyses showed a positive evolutionary correlation between SPP120 function and oral fertilization. Hence, these evolutions may have occurred to keep up with the transition in the mode of fertilization. In addition, rapid evolution in the molecular sequence might be associated with functional modifications of SPP120. CONCLUSION: These results suggest that SPP120 might be associated with oral fertilization. In other words, reproductive traits that define the interaction between sperms and eggs could be the evolutionary selective force that cause the rapid functional modification of the fertilization-related reproductive protein, SPP120."
https://openalex.org/W4407929218,https://doi.org/10.1098/rsos.242215,Strategic use of male alternative reproductive tactics in cooperatively breeding banded mongoose groups,2025,2025-02-01,Royal Society Open Science,Graham Birch; Hazel J. Nichols; Francis Mwanguhya; Jonathan D. Blount; Michael A. Cant,1,True,https://royalsocietypublishing.org/rsos/article-pdf/doi/10.1098/rsos.242215/951383/rsos.242215.pdf,cites_W2166426124,"Alternative reproductive tactics (ARTs) allow less competitive individuals to reproduce by avoiding direct fights through sneaky strategies. Within cooperatively breeding groups ARTs are rarely reported, potentially owing to observational difficulties or reproductive suppression by group members. In societies where mating opportunities cannot be monopolized by one male, young males could use sneaky tactics as an intermediate 'stepping-stone' tactic to gain limited reproductive success while growing in resource-holding potential (RHP). Using decades of pedigree, weight, group demography and behavioural data, we investigated the use of sneaky 'sneaker' ARTs in wild male banded mongooses. In this species, groups typically contain more adult males than breeding females, leading to intense male-male competition. Instead of as a stepping-stone, sneaking tactics were typically used by males who had been displaced from mate-guarding status by stronger rivals. Additionally, sneakers had lower siring success compared with mate guards, despite similar weight loss costs, which may explain why males typically avoided reproductive activity entirely rather than sneaking. However, young sneakers gain access to older, higher fecundity females in the group and sneaking may even facilitate inbreeding avoidance. Overall, ARTs in stable social groups can predictively emerge from changes in relative RHP and social status over the lifetime."
https://openalex.org/W3056378184,https://doi.org/10.1017/s0967199420000325,"Seminal characterization of the Amazonian fire-eye tetra Moenkhausia oligolepis (Günther, 1864)",2020,2020-08-19,Zygote,Jeane Rodrigues; Raquel Santos dos Santos; Jhennifer Gomes Cordeiro; Marissol Leite; Hingrid Suzzan Tarso Oliveira e Oliveira; Hadda Tercya; Bruna Patrícia Dutra Costa; Nivaldo Ferreira do Nascimento; Caio Maximino; Diógenes Henrique de Siqueira‐Silva,4,True,https://doi.org/10.1017/s0967199420000325,cites_W2166426124,"The seminal characteristics of Moenkhausia oligolepis are described. Three males were induced with a single dose of carp pituitary. Semen was collected 6 h after induction, and diluted in dibasic sodium phosphate extender solution. For motility analysis, 1 µl of diluted semen was added to 10 µl of distilled water to achieve gamete activation. The average duration of total motility was 76.67 s; while the average sperm motility rate at intervals of 15 s was 95.3, 85.3, 59.6, 31.7, 13.0, 4.6 and 1.2%. To determine sperm concentration in samples, 0.5 μl of semen was diluted with 500 μl of glutaraldehyde. An aliquot of 10 μl of this dilution was utilized for cell counting. An average count of 4.97 × 109 ± 3.46 sperm/ml was obtained. Morphological analyses were performed using eosin-nigrosine dye; 20.33% of the sperm were observed to be dead. Live sperm, comprising the other 79.67%, had an average length of approximately 30 µm, with a head diameter of 4.488 ± 0.7 µm; and a flagella plus mid-piece length of 26.071 ± 12.4 µm. Of those sperm, 69% had a normal morphology, while 31% had primary and secondary abnormalities. The observed abnormality rate did not have a detrimental effect on artificial fertilization potential for the species. The description of the seminal characteristics of a species is one of the most important sets of information required for artificial reproduction of fish in captivity. It also contributes significantly to the total biological knowledge of the studied species."
https://openalex.org/W3010181413,https://doi.org/10.1002/ece3.6139,Conditional female strategies influence hatching success in a communally nesting iguana,2020,2020-03-04,Ecology and Evolution,Jeanette B. Moss; Glenn P. Gerber; Tanja Laaser; Matthias Goetz; TayVanis Oyog; Mark E. Welch,3,True,https://onlinelibrary.wiley.com/doi/pdfdirect/10.1002/ece3.6139,cites_W2166426124,"Abstract The decision of females to nest communally has important consequences for reproductive success. While often associated with reduced energetic expenditure, conspecific aggregations also expose females and offspring to conspecific aggression, exploitation, and infanticide. Intrasexual competition pressures are expected to favor the evolution of conditional strategies, which could be based on simple decision rules (i.e., availability of nesting sites and synchronicity with conspecifics) or on a focal individual's condition or status (i.e., body size). Oviparous reptiles that reproduce seasonally and provide limited to no postnatal care provide ideal systems for disentangling social factors that influence different female reproductive tactics from those present in offspring‐rearing environments. In this study, we investigated whether nesting strategies in a West Indian rock iguana, Cyclura nubila caymanensis, vary conditionally with reproductive timing or body size, and evaluated consequences for nesting success. Nesting surveys were conducted on Little Cayman, Cayman Islands, British West Indies for four consecutive years. Use of high‐density nesting sites was increasingly favored up to seasonal nesting activity peaks, after which nesting was generally restricted to low‐density nesting areas. Although larger females were not more likely than smaller females to nest in high‐density areas, larger females nested earlier and gained access to priority oviposition sites. Smaller females constructed nests later in the season, apparently foregoing investment in extended nest defense. Late‐season nests were also constructed at shallower depths and exhibited shorter incubation periods. While nest depth and incubation length had significant effects on reproductive outcomes, so did local nest densities. Higher densities were associated with significant declines in hatching success, with up to 20% of egg‐filled nests experiencing later intrusion by a conspecific. Despite these risks, nests in high‐density areas were significantly more successful than elsewhere due to the benefits of greater chamber depths and longer incubation times. These results imply that communal nest sites convey honest signals of habitat quality, but that gaining and defending priority oviposition sites requires competitive ability."
https://openalex.org/W3090524603,https://doi.org/10.1111/jfb.14576,"Patagonian grouper Acanthistius patachonicus ( Jenyns, 1840 ) forms massive spawning aggregations in the Southwest Atlantic",2020,2020-10-05,Journal of Fish Biology,Alejo J. Irigoyen; Cecilia M. Riestra; Sofía López; Ana M. Parma,3,False,,cites_W2166426124,"Here we describe massive spawning aggregations and seasonal changes in the large-scale distribution of the Patagonian grouper Acanthistius patachonicus in the Southwest Atlantic based on three sources of information: (a) data from bottom trawl research surveys covering the distributional range of the species within the Argentine continental shelf; (b) folk ecological knowledge gathered from experienced captains of the Argentine industrial trawl fisheries; and (c) sampling of an artisanal trap fishery targeting the Patagonian grouper in a specific location off the coast of Buenos Aires Province. The trawl surveys showed a general pattern of aggregation of Patagonian grouper towards the coast during the reproductive period (September-December). Captains described massive aggregations of the species at specific near-shore locations, where trawl catches of up to 15 t in a single haul were registered during the reproductive season. At a local scale, the artisanal trap fishery described operates exclusively during the reproductive period, targeting near-shore aggregations with a high proportion of individuals releasing gametes onboard. These three sources of information provide evidence of the existence of massive transient spawning aggregations of Patagonian grouper in the Argentine shelf. This is the first report of a reef fish spawning aggregation in the southern region of the Southwest Atlantic. Anecdotal information gathered in this study points to the depletion of many of the aggregations targeted during the 1980s and 1990s by the industrial fleet. At the same time, the spawning aggregation site off Buenos Aires Province has been productive for the last 34 years, being exploited exclusively by traps. The Patagonian grouper is classified as Data Deficient by the International Union for Conservation of Nature, which highlights the need for further research to determine its stock status. Mapping its current spawning aggregations should be a priority to inform the design of a targeted monitoring program and management plan for this species."
https://openalex.org/W4207072450,https://doi.org/10.1111/are.15740,Characterization of short‐term storage of the semen ofTrachelyopterus galeatus(Siluriformes: Auchenipteridae) incorporating dimethylsulphoxide (dmso) to the diluent,2022,2022-01-20,Aquaculture Research,Caroline Lopes França; Jorgélia de Jesus Pinto Castro; João Mandú da Silva; Ricardo Pinto Santos; Jonatas da Silva Castro; Erivânia Gomes Teixeira,3,True,https://onlinelibrary.wiley.com/doi/pdfdirect/10.1111/are.15740,cites_W2166426124,"The purpose of this study was to evaluate the effect of adding dimethylsulphoxide cryoprotectant (DMSO) to the diluent used with refrigerated semen of Trachelyopterus galeatus. Semen samples were analysed for colour, volume, pH, motility rate, concentration and morphological changes. Semen, cooled to 4°C, were diluted in Hanks Balanced Saline Solution (HBSS) and HBSS + DMSO at concentrations of 2.5%, 5.0% and 10% and evaluated at time intervals of 0; 12 h; 24 h; 36 h; 48 h; 60 h and 72 h. The fresh semen (undiluted) was white in colour with a milky appearance, had pH (6 ± 0), motility rate of 90.6 ± 13.4% and concentration of 2.7 ± 0.7 × 106 cells ml−1. Morphological analysis demonstrated that 70.6 ± 0.65% of sperm were normal, while 29.4 ± 1.5% presented some change, such as a bent tail (13.02 ± 0.32%) or a strongly bent tail (4.45 ± 0.13%). Chilled fresh semen were viable for 48 h when they had a motility rate of 35 ± 8.6%. Treatments in concentrations of 2.5% and 5.0% showed motility rates of 30 ± 4% and 27.5 ± 7.5%, respectively, after 60 h of exposure, and were considered efficient. This protocol is therefore indicated for semen conservation in T. galeatus."
https://openalex.org/W4214543216,https://doi.org/10.1007/s10641-022-01232-w,Individual spawning performance and mating pair combinations in captive grouper aggregations,2022,2022-02-24,Environmental Biology of Fishes,Junichi Okuyama; Tomofumi Yamaguchi,3,False,,cites_W2166426124,
https://openalex.org/W2902144976,https://doi.org/10.1186/s12898-018-0206-8,Fake spawns and floating particles: a rebuttal of Karkarey et al. “Alternative reproductive tactics and inverse size-assortment in a high-density fish spawning aggregation”,2018,2018-11-27,BMC Ecology,Brad Erisman; João P. Barreiros; Kevin L. Rhodes; Robert R. Warner,2,True,https://bmcecol.biomedcentral.com/track/pdf/10.1186/s12898-018-0206-8,cites_W2166426124,"Courtship and spawning behaviors of coral reef fishes are very complex, and sufficient sampling effort and proper methods are required to draw informed conclusions on their mating systems that are grounded in contemporary theories of mate choice and sexual selection. We reviewed the recent study by Karkarey et al. (BMC Ecol 17:10, 2017) on the spawning behavior of Squaretail coralgrouper (Plectropomus areolatus) from India and found no evidence to support their findings of alternative reproductive tactics, unique school-spawning involving a single male with multiple females, or inverse size-assortment. The study lacks scientific credibility due to a lack of rigor in the methodology used, misinterpretation of observed behaviors, misinterpretation of the literature, and insufficient data. Their approach led the authors to produce spurious results and profound, invalid conclusions that violate the most basic assumptions of mate choice and sexual selection theory as applied to mating systems in marine fishes."
https://openalex.org/W3180287450,https://doi.org/10.1111/faf.12588,Stochastic recruitment alters the frequencies of alternative life histories in age‐structured populations,2021,2021-07-07,Fish and Fisheries,Lukas B. DeFilippo; Jan Ohlberger,2,False,,cites_W2166426124,"Abstract Alternative reproductive tactics, where members of a population exhibit divergent mating approaches, are widespread in fishes. The maintenance of such polymorphisms is often explained using game‐theoretic concepts such as frequency‐dependent selection, which typically assume populations are at equilibrium. However, fish populations exhibit stochastic variability that is inconsistent with the assumption of equilibrium dynamics. We explored how stochastic population dynamics interact with sexual and harvest‐induced selection to shape the frequencies of alternative male phenotypes in Pacific salmon (Oncorhynchus spp., Salmonidae). Males of several salmon species are composed of typical “hooknoses” that compete on the spawning grounds for mating opportunities, and rarer “jacks” that mature younger and at smaller sizes to attempt reproduction by “sneaking.” Using stochastic simulations, we found that realistic levels of recruitment variation could increase the prevalence of jacks relative to equilibrium expectations. This result is attributable to the “cohort mismatch” phenomenon, whereby differences in age at maturity between male phenotypes cause jacks from strong recruitments to spawn in the same year as hooknoses from weaker cohorts, elevating the proportion of jacks among spawners. Simulations were supported by data from major populations of sockeye salmon (O. nerka, Salmonidae) throughout their North American range, which indicated a positive association between recruitment variability and jack prevalence in some regions. Moreover, we found that frequency‐dependent mating dampened population responses to fisheries‐induced selection. Our findings emphasize that stochastic ecological processes are important to the maintenance of alternative life histories and interact with selection to produce emergent dynamics that have not previously been recognized."
https://openalex.org/W2736165706,https://doi.org/10.1111/jfb.13366,Alternative male mating tactics of the endemic Red Sea parrotfish Scarus ferrugineus,2017,2017-07-11,Journal of Fish Biology,Y. Afeworki; John J. Videler; F. Y. Tekle; H. E. Kibrom; J. Henrich Bruggemann,2,True,https://onlinelibrary.wiley.com/doi/pdfdirect/10.1111/jfb.13366,cites_W2166426124,"The present study shows that small non-territorial terminal-phase males of the rusty parrotfish Scarus ferrugineus are reproductively active and are comparable with initial-phase males in behaviour, rates of participation during group-spawning and success in streaking into pair spawning. Large territorial terminal-phase males defend contiguous territories for several hours during the morning where they pair spawn with initial-phase females."
https://openalex.org/W3006573242,https://doi.org/10.1016/j.jmarsys.2020.103315,"Spawning and reproductive potential of Pseudopercis semifasciata (Cuvier, 1829) (Osteichthyes: Pinguipedidae) in coastal waters off Buenos Aires Province (Argentina)",2020,2020-02-11,Journal of Marine Systems,Sofía López; Gustavo J. Macchi; María Inés Militelli,1,True,http://hdl.handle.net/11336/109446,cites_W2166426124,
https://openalex.org/W4313220788,https://doi.org/10.1101/2022.12.24.521833,Recurrent evolution of small body size and loss of the sword ornament in Northern Swordtail fish,2022,2022-12-25,bioRxiv (Cold Spring Harbor Laboratory),Gabriel A Preising; Theresa Gunn; John J. Baczenas; Alexa Pollock; Daniel L. Powell; Tristram O. Dodge; Jose Angel Machin Kairuz; Markita Savage; Yuan Lü; Meredith Fitschen–Brown; Molly E. Cummings; Sunishka Thakur; Michael Tobler; Oscar Ríos-Cárdenas; Molly R. Morris; Molly Schumer,8,True,https://www.biorxiv.org/content/biorxiv/early/2022/12/25/2022.12.24.521833.full.pdf,cites_W2166426124,"Abstract Across the tree of life, species have repeatedly evolved similar phenotypes. While well-studied for ecological traits, there is also evidence for convergent evolution of sexually selected traits. Swordtail fish ( Xiphophorus ) are a classic model system for studying sexual selection, and female Xiphophorus exhibit strong mate preferences for large male body size and a range of sexually dimorphic ornaments. However, sexually selected traits have been lost multiple times in the genus. Phylogenetic relationships between species in this group have historically been controversial, likely as a result of prevalent gene flow, resulting in uncertainty over the number of losses of ornamentation and large body size. Here, we use whole-genome sequencing approaches to re-examine phylogenetic relationships within a Xiphophorus clade that varies in the presence and absence of sexually selected traits. Using wild-caught individuals, we determine the phylogenetic placement of a small, unornamented species, X. continens , confirming an additional loss of ornamentation and large body size in the clade. With these revised phylogenetic relationships, we analyze evidence for coevolution between body size and other sexually selected traits using a phylogenetically independent contrasts approach. These results provide insights into the evolutionary pressures driving the recurrent loss of suites of sexually selected traits."
https://openalex.org/W2948818282,https://doi.org/10.1101/665638,Correlated evolution of sex allocation and mating system in wrasses and parrotfishes,2019,2019-06-10,bioRxiv (Cold Spring Harbor Laboratory),Jennifer R. Hodge; Francesco Santini; Peter C. Wainwright,3,True,https://www.biorxiv.org/content/biorxiv/early/2019/06/10/665638.full.pdf,cites_W2166426124,"Abstract In accordance with predictions of the size-advantage model, comparative evidence confirms that protogynous sex change is lost when mating behavior is characterized by weak size advantage. However, we lack comparative evidence supporting the adaptive significance of sex change. Specifically, it remains unclear whether increasing male size advantage induces transitions to protogynous sex change across species, as it can within species. We show that in wrasses and parrotfishes (Labridae), the evolution of protogynous sex change is correlated with polygynous mating, and that the degree of male size advantage expressed by polygynous species influences transitions between different types of protogynous sex change. Phylogenetic reconstructions reveal strikingly similar patterns of sex allocation and mating system evolution with comparable lability. Despite the plasticity of sex determination mechanisms in labrids, transitions trend towards monandry (all males derived from sex-changed females), with all observed losses of protogyny accounted for by shifts in the timing of sex change to prematuration. Likewise, transitions in mating system trend from the ancestral condition of lek-like polygyny toward greater male size advantage, characteristic of haremic polygyny. The results of our comparative analyses are among the first to confirm the adaptive significance of sex change as described by the size-advantage model."
https://openalex.org/W3209554211,https://doi.org/10.21203/rs.3.rs-1002647/v1,Environmental Influence on Life-History Traits in Male Squid Uroteuthis Edulis With Alternative Reproductive Tactics,2021,2021-11-02,Research Square,Yumeng Pang; Chih-Shin Chen; Tomohiko Kawamura; Yoko Iwata,2,True,https://www.researchsquare.com/article/rs-1002647/latest.pdf,cites_W2166426124,"Abstract Squid are characterized by flexible life-history traits (LHTs) that change in response to changing oceanic parameters. Male alternative reproductive tactics (ARTs), characterized by large-sized ‘consorts’ versus small-sized ‘sneakers’, are commonly observed in loliginid species. This study reports on LHTs flexibility in male squids displaying ARTs. LHTs of consorts and sneakers in Uroteuthis edulis, including body size, age, growth rate and gonado-somatic energy allocation, were compared among seasonal and geographical groups from Japan and Taiwan. The ratio of consorts to sneakers was highest in the group spawning in the ‘Japan-warm’ season (June-November), followed by that of the ‘Japan-cold’ season (December-May), and lowest in Taiwan (spring and autumn). LHTs were compared among cohorts separated by hatching season and catch location (Jwarm, Jcold and Taiwan cohorts). Mean body size of consorts showed no difference among cohorts, although Taiwan consorts were relatively younger than Japan consorts. Mean size and age of sneakers decreased with increased water temperature at hatching. Growth rates of consorts and sneakers were slightly different among cohorts, in accordance with differences of statolith increment widths during their early life stage (50-150 d). Growth rates of both consorts and sneakers were highest in the Taiwan cohort, followed by the Jwarm cohort, with the Jcold cohort lowest. Sneakers invested more both in mantle and gonadal weights than consorts in all cohorts. Gonado-somatic energy allocation patterns of consorts and sneakers were consistent at different temperatures. LHTs of U. edulis consorts and sneakers were strongly influenced by temperature, with higher flexibility in sneakers than consorts."
https://openalex.org/W2777918991,https://doi.org/10.1101/226191,Alternative mating tactics and tactical deception: Is the common cuttlefish ( Sepia officinalis ) nothing but a common cheat?,2017,2017-11-28,bioRxiv (Cold Spring Harbor Laboratory),Gavan M. Cooke; Claire E. Johnson; T. M. Reed; A. Jackson,1,True,https://www.biorxiv.org/content/biorxiv/early/2017/11/28/226191.full.pdf,cites_W2166426124,"Abstract Alternative mating tactics (AMTs) are common in the animal kingdom, yet much work remains before their evolution and role in driving sexual selection is fully understood. Utilizing features of citizen science, we present compelling evidence that a third species in the cuttlefish genus Sepia (Cephalopoda) possess males who use sneaky mating and female mimicry as alternative strategies to conspicuous signalling and fighting. We also present new evidence of large aggregations (n~30) in this species that possibly drive alternative mating strategies. Lastly, we provide footage of an opportunistic sneaky copulation in this species. We believe that alternative mating tactics may be more common in this genus than previously recorded (based on observations presented here and a search of the literature for similar life history, environmental and behavioural factors found in other species within the Sepia genus), and as much of their captive husbandry is well known, they could an ideal system for studying the evolution of alternative reproductive strategies."
https://openalex.org/W3084339223,https://doi.org/10.1101/2020.09.08.285676,Functional differences in the hypothalamic-pituitary-gonadal axis are associated with alternative reproductive tactics based on an inversion polymorphism,2020,2020-09-08,bioRxiv (Cold Spring Harbor Laboratory),Jasmine L. Loveland; LM Giraldo-Deck; David B. Lank; Wolfgang Goymann; Manfred Gahr; Clemens Küpper,1,True,https://www.biorxiv.org/content/biorxiv/early/2020/09/08/2020.09.08.285676.full.pdf,cites_W2166426124,"Abstract The evolution of social behavior depends on genetic changes, yet, how genomic variation manifests itself in behavioral diversity is still largely unresolved. Chromosomal inversions can play a pivotal role in producing distinct behavioral phenotypes, in particular, when inversion genes are functionally associated with hormone synthesis and signaling. Male Ruffs exhibit alternative reproductive tactics (ARTs) with an autosomal inversion determining two alternative morphs with clear behavioral and hormonal differences to the ancestral morph. We investigated hormonal and transcriptomic differences in the pituitary and gonads. Using a GnRH challenge, we found that the ability to synthesize testosterone in inversion carriers is severely constrained, whereas the synthesis of androstenedione, a testosterone precursor, is not. Inversion morphs were able to produce a transient increase in androstenedione following the GnRH injection, supporting the view that pituitary sensitivity to GnRH is comparable to that of the ancestral morph. We then performed gene expression analyses in a second set of untreated birds and found no evidence of alterations to pituitary sensitivity, gonadotropin production or gonad sensitivity to luteinizing hormone or follicle-stimulating hormone across morphs. Inversion morphs also showed reduced progesterone receptor expression in the pituitary. Strikingly, in the gonads, inversion morphs over-expressed STAR , a gene that is located outside of the inversion and responsible for providing the cholesterol substrate required for the synthesis of sex hormones. In conclusion, our results suggest that the gonads determine morph-specific differences in hormonal regulation."
https://openalex.org/W3192066963,https://doi.org/10.1101/2021.08.05.453951,Does the rainbow trout ovarian fluid guide the spermatozoon on its way to the egg?,2021,2021-08-06,bioRxiv (Cold Spring Harbor Laboratory),Vitaliy Kholodnyy; Borys Dzyuba; Marek Rodina; Hermes Gadêlha; Manabu Yoshida; Jacky Cosson; Sergii Boryshpolets,1,True,https://www.biorxiv.org/content/biorxiv/early/2021/08/06/2021.08.05.453951.full.pdf,cites_W2166426124,"Abstract Fertilization of freshwater fish occurs in an environment that may negatively affect the gametes; therefore, the specific mechanisms triggering the encounters of gametes would be highly expedient. The egg and ovarian fluid (OF) are likely the primary sources of these triggers in fish that we confirmed here for rainbow trout Oncorhynchus mykiss . The ovarian fluid significantly affected the spermatozoa performance: it supported high velocity for a more extended period and changed the motility pattern from tumbling in water to straightforward moving in the ovarian fluid. Rainbow trout OF induced a trapping chemotaxis-like effect on activated male gametes, and this effect depended on the properties of the activating media. The interaction of the spermatozoa with the attracting agents was accompanied by their “turn-and-run” behavior involving asymmetric flagellar beating and Ca 2+ concentration bursts in the bent flagella segment, characteristic of the chemotactic response. Collectively, the ovarian fluid creates the optimal environment for rainbow trout spermatozoa performance, being an effective promoter of fertilization. The individual peculiarities of the egg (ovarian fluid) – sperm interaction in rainbow trout reflect the specific features of the spawning process in this species."
https://openalex.org/W4200014168,https://doi.org/10.26686/wgtn.17152070.v1,"Disentangling the determinants of reproductive success in a temperate reef fish, Forsterygion lapillum",2021,2021-01-01,,McKenzie Grace Tornquist,1,True,https://figshare.com/articles/thesis/Disentangling_the_determinants_of_reproductive_success_in_a_temperate_reef_fish_Forsterygion_lapillum/17152070,cites_W2166426124,"Identifying sources of individual variation in reproductive success has been a longstanding challenge for evolutionary ecologists. Reproductive success among individuals can be due to several factors such as competition between conspecifics for nest sites and mating partners, mate choice, or by the physical environment. Reproductive success, particularly among males, can be extremely diverse both within and between species and determining which components contribute to success can be particularly challenging. In this thesis, I investigated patterns and drivers of reproductive success in a temperate marine reef fish, Forsterygion lapillum (the common triplefin). Specifically, I examined how male quality, nest quality, and female choice influence male reproductive success. Additionally, I quantified male reproductive success during the winter and summer of the breeding season to examine the temporal dynamics of breeding success in F. lapillum. Selection of mates by females can be driven by the quality and behavioural attributes of the male or by the quality of resources offered. In Chapter 2, using field-based observations, combined with a lab-based study, I evaluated the effects of different male traits and nest characteristics on female choice and male reproductive success. Specifically, I observed egg guarding males in the field during the breeding season and recorded their phenotypic traits, behaviours, and nest characteristics. I then examined their influence on 3 different components of male reproductive success (brood size, individual egg size, and mate attraction). Additionally, I conducted dichotomous choice tests in the laboratory to evaluate female preference for different sized males, holding different sized nests. In the field, I did not detect a significant relationship between male mating success and male total length or nest size. Brood size and individual egg size were highly variable among sampled males, however, further factors such as courtship frequency, and the number of interactions with potential predators did not explain any additional variation. The number of agonistic displays performed by egg guarding males was the only factor to influence egg size, however, it had no direct impact on brood size or mate attraction. On the contrary, results from the laboratory experiment suggested that male total length and nest size were important during female choice. Females were attracted to and spawned more frequently with larger males holding larger nests. Additionally, females showed a particular preference towards males that displayed intense courtship behaviours. These results suggest that variation in reproductive success among individuals is not random in the common triplefin (F. lapillum) and may be due to a range of complex factors. In natural systems, individual variation in mating success is known to be highly dynamic and vary over time. In Chapter 3, I addressed 3 questions related to reproductive success in male common triplefin: 1) Does the operational sex ratio (OSR) and the density of individuals change predictably within the breeding season? 2) Does male reproductive success change within the breeding season? And 3) Does the age and growth rate of successful males change within the breeding season? To address these questions, I sampled a population of F. lapillum during two periods of the breeding season and quantified a set of morphological and physical traits. Furthermore, I reconstructed individual life histories from the otoliths of egg guarding males. My results show that the density of individuals in the population increased during the summer months, but the operational sex ratio (OSR) remained male-biased. Male reproductive success in terms of brood size and average egg size did not fluctuate during the sampling period. However, the size of males and the size of the nest (cobblestone) held by males was significantly larger in summer compared to winter. Interestingly, successful males sampled in the winter had hatched significantly earlier than successful males sampled in the summer, but their average growth rate remained similar. These findings indicate that variation in male traits across the breeding season plays an important role in female mate choice. The mating system and pool of mating individuals in the common triplefin (F. lapillum) is highly dynamic over the year and has the potential to shape the success of individuals. Overall, this study emphasizes the importance of considering multiple cues and temporal dynamics when disentangling the determinants of individual reproductive success. These findings suggest that male-male competition and female mate choice have a significant influence on male reproductive success. The reproductive ecology of F. lapillum is highly complex and my research has provided valuable insight into its dynamic nature. These results may apply to other species with male parental care and provides an important contribution towards understanding sexual selection and the evolution of mating systems with male parental care."
https://openalex.org/W4254964206,https://doi.org/10.1007/978-3-319-16999-6_3610-1,Sneak Copulation as an Alternative Mating Strategy,2017,2017-01-01,,Charlyn Partridge,1,False,,cites_W2166426124,
https://openalex.org/W4382046900,https://doi.org/10.1101/2023.06.26.546260,Alternative reproductive tactics and evolutionary rescue,2023,2023-06-26,bioRxiv (Cold Spring Harbor Laboratory),Robert J. Knell; Jonathan M. Parrett,1,True,https://www.biorxiv.org/content/biorxiv/early/2023/06/26/2023.06.26.546260.full.pdf,cites_W2166426124,"Abstract Alternative reproductive tactics (ARTs), whereby males within a species exhibit qualitatively different behaviours in their pursuit of matings, are common throughout the animal kingdom. Here, using an individual-based modelling approach, we consider the possible impacts on adaptation and evolutionary rescue arising from one class of ARTs, those expressed through condition-dependent polyphenism such that high-quality, well-adapted males compete aggressively for mates and low-quality, poorly adapted males attempt to acquire matings via other, non-aggressive behaviours. When the ART is simultaneous, meaning that low-quality males do engage in contests but also pursue other tactics, adaptive capacity is reduced and evolutionary rescue, where a population is able to adapt to a changing environment, becomes less likely. This is because the use of the ART allows low-quality males to contribute more maladaptive genes to the population than would happen otherwise. When the ART is fixed, however, such that low-quality males will only use the alternative tactic and do not engage in contests, we find the opposite: adaptation happens more quickly and evolutionary rescue when the environment changes is more likely. This surprising effect results from an increase in the mating success of the highest quality males who face many fewer competitors in this scenario—counterintuitively, the presence of males pursuing the ART increases reproductive skew towards those males in the best condition."
https://openalex.org/W7152655575,https://doi.org/10.64898/2026.04.06.716686,Sex change in a protogynous hermaphrodite fish: life-history and social strategies in female cleaner wrasse Labroides dimidiatus,2026,2026-04-08,bioRxiv (Cold Spring Harbor Laboratory),Letizia Pessina; Redouan Bshary,1,True,https://doi.org/10.64898/2026.04.06.716686,cites_W2166426124,"Abstract Protogynous sex change, where individuals first function as females and later as males, is a key life-history strategy among polygynous reef fishes. In haremic systems, sex change is typically socially regulated, with dominants suppressing subordinates’ sex change through aggression. Females within a harem form a size-based hierarchy that can remain stable in most species through the threat of eviction. We studied a different situation in the cleaner wrasse Labroides dimidiatus , where larger females have incomplete control, as they spend most of their time alone at their own cleaning territory. We tracked over 400 individuals for 12 months, recording growth, behavior, social organization, and sex change. We confirmed earlier reports that both sexes direct aggression primarily at those ranked immediately below them. However, we observed 30 cases where smaller females outgrew larger ones, revealing hierarchy instability. Of 42 sex change events, 43% occurred in presence of the male, and half of these ‘early’ sex changers were not the largest female, but individuals overlooked by the male. Fast growth relative to harem-mates and harem switching increased the likelihood of sex change. Local population densities also influenced growth and sex change, with individuals in high-density demes growing faster and changing sex at larger sizes. Our findings reveal flexible sex change dynamics in a system with incomplete social dominance. Such incomplete control and observations that becoming male confers both higher reproductive success and survival highlight the need to expand game-theoretical and life-history frameworks to encompass such strategic flexibility. Lay summary Dominant cleaner wrasse cannot fully control subordinates as individuals occupy distinct core areas. Tracking 400 fish for a year, we found that smaller females could outgrow initially larger ones, and ‘early’ sex change despite a larger male. Fast growth and harem switching increased the chances of becoming male. Population density also shaped these strategies. Our findings reveal flexible sex change dynamics in a system where becoming male confers both higher reproductive success and survival."
https://openalex.org/W4200420187,https://doi.org/10.26686/wgtn.17152070,"Disentangling the determinants of reproductive success in a temperate reef fish, Forsterygion lapillum",2021,2021-01-01,,McKenzie Grace Tornquist,0,True,https://openaccess.wgtn.ac.nz/articles/thesis/Disentangling_the_determinants_of_reproductive_success_in_a_temperate_reef_fish_Forsterygion_lapillum/17152070/1/files/31714508.pdf,cites_W2166426124,"Identifying sources of individual variation in reproductive success has been a longstanding challenge for evolutionary ecologists. Reproductive success among individuals can be due to several factors such as competition between conspecifics for nest sites and mating partners, mate choice, or by the physical environment. Reproductive success, particularly among males, can be extremely diverse both within and between species and determining which components contribute to success can be particularly challenging. In this thesis, I investigated patterns and drivers of reproductive success in a temperate marine reef fish, Forsterygion lapillum (the common triplefin). Specifically, I examined how male quality, nest quality, and female choice influence male reproductive success. Additionally, I quantified male reproductive success during the winter and summer of the breeding season to examine the temporal dynamics of breeding success in F. lapillum. Selection of mates by females can be driven by the quality and behavioural attributes of the male or by the quality of resources offered. In Chapter 2, using field-based observations, combined with a lab-based study, I evaluated the effects of different male traits and nest characteristics on female choice and male reproductive success. Specifically, I observed egg guarding males in the field during the breeding season and recorded their phenotypic traits, behaviours, and nest characteristics. I then examined their influence on 3 different components of male reproductive success (brood size, individual egg size, and mate attraction). Additionally, I conducted dichotomous choice tests in the laboratory to evaluate female preference for different sized males, holding different sized nests. In the field, I did not detect a significant relationship between male mating success and male total length or nest size. Brood size and individual egg size were highly variable among sampled males, however, further factors such as courtship frequency, and the number of interactions with potential predators did not explain any additional variation. The number of agonistic displays performed by egg guarding males was the only factor to influence egg size, however, it had no direct impact on brood size or mate attraction. On the contrary, results from the laboratory experiment suggested that male total length and nest size were important during female choice. Females were attracted to and spawned more frequently with larger males holding larger nests. Additionally, females showed a particular preference towards males that displayed intense courtship behaviours. These results suggest that variation in reproductive success among individuals is not random in the common triplefin (F. lapillum) and may be due to a range of complex factors. In natural systems, individual variation in mating success is known to be highly dynamic and vary over time. In Chapter 3, I addressed 3 questions related to reproductive success in male common triplefin: 1) Does the operational sex ratio (OSR) and the density of individuals change predictably within the breeding season? 2) Does male reproductive success change within the breeding season? And 3) Does the age and growth rate of successful males change within the breeding season? To address these questions, I sampled a population of F. lapillum during two periods of the breeding season and quantified a set of morphological and physical traits. Furthermore, I reconstructed individual life histories from the otoliths of egg guarding males. My results show that the density of individuals in the population increased during the summer months, but the operational sex ratio (OSR) remained male-biased. Male reproductive success in terms of brood size and average egg size did not fluctuate during the sampling period. However, the size of males and the size of the nest (cobblestone) held by males was significantly larger in summer compared to winter. Interestingly, successful males sampled in the winter had hatched significantly earlier than successful males sampled in the summer, but their average growth rate remained similar. These findings indicate that variation in male traits across the breeding season plays an important role in female mate choice. The mating system and pool of mating individuals in the common triplefin (F. lapillum) is highly dynamic over the year and has the potential to shape the success of individuals. Overall, this study emphasizes the importance of considering multiple cues and temporal dynamics when disentangling the determinants of individual reproductive success. These findings suggest that male-male competition and female mate choice have a significant influence on male reproductive success. The reproductive ecology of F. lapillum is highly complex and my research has provided valuable insight into its dynamic nature. These results may apply to other species with male parental care and provides an important contribution towards understanding sexual selection and the evolution of mating systems with male parental care."
https://openalex.org/W4242941158,https://doi.org/10.1007/978-3-319-19650-3_3610,Sneak Copulation as an Alternative Mating Strategy,2021,2021-01-01,,Charlyn Partridge,0,False,,cites_W2166426124,
https://openalex.org/W4319319230,https://doi.org/10.1017/s0025315423000048,"Biological parameters of grey wrasse Symphodus cinereus (Bonnaterre, 1788) (Pisces: Labridae) along the coasts of Rize in the south-eastern Black Sea",2023,2023-01-01,Journal of the Marine Biological Association of the United Kingdom,Hatice Onay,0,False,,cites_W2166426124,"Abstract The present study was designed to investigate the age distribution and growth properties of Symphodus cinereus in the south-eastern Black Sea. Data on the growth and age of S. cinereus were obtained by investigating sagittal otoliths. A total of 384 specimens (220 female, 164 male) were collected between June 2015 and May 2016 in the south-eastern Black Sea. Total lengths of male specimens ranged from 10–16.4 cm, whereas they ranged from 8.2–15.8 cm for females. The von Bertalanffy growth curve was used to describe length at age and considerable differences were seen between females (t0 = −2.85, k = 0.296 and L∞ = 16.46 cm) and males (t0 = −2.84, k = 0.272 and L∞ = 17.23 cm). The maximum age was 5 years. The relationship for males was W = 0.009L3.2596 (r2 = 0.9174, P < 0.005) and that for females was W = 0.0011L3.1821 (r2 = 0.9012, P < 0.005). While the highest condition (K) value was calculated in spring, the lowest value was determined in winter for both sexes. The obtained data also revealed monthly changes in the gonadosomatic index and maturity stages of male and female specimens, and the annual spawning season of this population began in March and ended in June. Fecundity ranged between 1375 and 5493 eggs/individual (mean: 2868.11 ± 36–59.69 eggs), and the relationship between total length and egg production was highly statistically significant (P < 0.0001). This study provides the first data on the growth and reproduction of S. cinereus along the south-eastern Black Sea coast of Turkey."
https://openalex.org/W4386420458,https://doi.org/10.1007/s10228-023-00928-y,"Age, growth and maturation of the brown surgeonfish Acanthurus nigrofuscus at Okinawa-jima Island, Japan",2023,2023-09-04,Ichthyological Research,Harumi Toshida; Ifue Fukuchi; Y. Nakamura; Katsunori Tachihara,0,False,,cites_W2166426124,
https://openalex.org/W4394774304,https://doi.org/10.31857/s0042875223060140,"On Widening the Hybrid Zone for Chars of Genus Salvelinus, Kundscha S. leucomaenis and Northern Dolly Varden S. malma (Salmonidae), in Rivers of Kamchatka Peninsula",2023,2023-11-01,Journal of Ichthyology,К. В. Кузищин; М. А. Груздева; А. В. Семенова,0,True,https://journals.rcsi.science/0042-8752/article/download/232401/210409,cites_W2166426124,"The data on widening the zone for hybridization between the chars of the genus Salvelinus, kundscha S. leucomaenis and northern dolly varden S. malma (Salmonidae), in rivers of the Kamchatka Peninsula are reported. If the hybrids between the kundscha and the northern dolly varden could be previously observed only in the Utkholok River in the northwest of the peninsula, the mass hybridization between these species have occurred in two more nearby rivers, the Kvachina and Snatolveem Rivers since 2009. A microsatellite analysis has shown that hybrid specimens are characterized by intermediate values for allelic diversity, when compared to that in the representatives of parental species, while the mean expected heterozygosity values for hybrids are higher than that in Dolly Varden and kundscha fish. The analysis results for maternal inheritance in hybrid specimens from the Kvachina River coincide with that obtained in the surveys previously performed in the Utkholok River. Thus, the same haplotype specific for the kundscha fish was revealed in all the hybrid specimens, which can indicate that the hybrids originate from kundscha females and Dolly Varden males. The appearance and coloration of kundscha × northern dolly varden hybrids in the Kvachina and Snatolveem Rivers are similar to that in the specimens in the Utkholok River. Rather similar chacteristics of hybrid specimens in all three rivers can give reason to consider that a mechanism of their occurrence in the Kvachina and Snatolveem Rivers is simalr to that in the Utkholok River, since the kundscha eggs are inseminated by the Dolly Varden dwarf males. The increased local biological production of rivers due to increased sizes of spawning stocks of pink salmon Oncorhynchus gorbuscha along with large-scale climate changes in the North Pacific are considered as a possible cause of disturbances of isolation between species. It is quite probable that these two factors have contributed to improving the environmental conditions for fattening the Dolly Varden fish in the freshwater phase of their life cycle and, as a resultl of this process, increasing the number of Dolly Varden male fish matuaring in the river."
https://openalex.org/W4408577061,https://doi.org/10.1093/tafafs/vnae002,No evidence of fisheries-induced evolution observed from Bluegill populations in small Kansas impoundments,2025,2025-01-01,Transactions of the American Fisheries Society,Morganne C Borsh; Ben C. Neely; Peter B. Berendzen,0,True,https://doi.org/10.1093/tafafs/vnae002,cites_W2166426124,"ABSTRACT Objective Bluegill Lepomis macrochirus support recreational fisheries throughout much of their geographic distribution. One characteristic of the species is for males to exhibit alternative reproductive tactics to maximize production of progeny. These divergent strategies coupled with size-selective harvest by anglers create the potential for fisheries-induced evolution (FIE). As such, we sought to characterize genetic diversity of five fished and five unfished Bluegill populations to test for the occurrence of FIE. Methods Fin clips from 100 Bluegill across 10 populations in southeast Kansas were collected to examine genetic diversity and test for the occurrence of FIE associated with long-term selective harvest. Individuals were genotyped using genome-wide single-nucleotide polymorphism data via restriction site-associated DNA sequencing. Population genetic analyses were performed on three data sets: all individuals, females only, and males only. Results Genomic analyses from 92 Bluegill across the 10 populations demonstrated consistent observed heterozygosity across populations that was less than expected heterozygosity. As such, there was low genetic differentiation among populations, with over 94% of genetic difference explained by individuals within populations and no evidence of selection. Cluster analysis supported these findings of genetic overlap among populations by grouping individuals into one to three distinct genetic populations. Conclusions We found no evidence of FIE in either fished or unfished Bluegill populations. Rather, there was little genetic variation among the study populations except for one population. Combining controlled experiments with recent advances in describing the Bluegill genome would be useful for identifying the presence or absence of FIE in exploited Bluegill populations."
https://openalex.org/W4414628434,https://doi.org/10.1093/evolut/qpaf196,Variation in sperm motility and seminal plasma protein expression is shaped by pre- and post-mating sexual selection in the mouthbrooding cichlid ( Ophthalmotilapia ventralis ),2025,2025-09-29,Evolution,Masaya Morita; Shun Satoh; Takeshi Ito; Masanori Kohda; Satoshi Awata,0,False,,cites_W2166426124,"Sexual selection is a key driver of reproductive strategy evolution; however, its molecular mechanisms remain poorly understood. In the mouthbrooding Tanganyikan cichlid (Ophthalmotilapia ventralis), fertilization occurs in the female mouth cavity, where sperm competition and post-mating female choice arise because females collect sperm from multiple territorial males. Seminal plasma glycoprotein 120 (SPP120) is involved in sperm immobilization and aggregation, which may contribute to prolonged storage and use of sperm in the female buccal cavity. In this study, we examined how factors related to pre- and post-mating sexual selection affect sperm traits and SPP120 expression in O. ventralis. Field observations and physiological and molecular analyses showed positive correlations between sperm longevity of territorial males and encounter rate with floating males (ERFM) as a measure of sperm competition or bower (spawning site) density related to sperm competition and between SPP120 expression of territorial males and ERFM or courtship success as a measure of pre- and post-mating female mate choice. Furthermore, males with higher SPP120 expression levels achieved greater mating success. These findings highlight the complex interplay between sexual selection and molecular adaptation, providing new insights into the evolution of animal reproductive strategies."
https://openalex.org/W4416343954,https://doi.org/10.1111/jfb.70274,Growth and age differences between two male alternative reproductive tactics in the plainfin midshipman,2025,2025-11-17,Journal of Fish Biology,Micah Quindazzi; A. J. Townsend; Aneesh P. H. Bose; Sigal Balshine; Francis Juanes,0,True,https://onlinelibrary.wiley.com/doi/pdfdirect/10.1111/jfb.70274,cites_W2166426124,"The plainfin midshipman (Porichthys notatus Girard, 1854) is a toadfish with two distinct reproductive male tactics: 'guarder males' and 'sneaker males'. These two tactics are anatomically, physiologically and behaviourally distinct from one another at sexual maturity, but it remained unclear whether these two male types remain fixed or plastically transition from one to another across a lifetime. To examine this question, we aged the sagittal otoliths (inner ear bones) of 371 adult plainfin midshipman via the break-and-burn method. Our study showed that guarder males were on average larger and older (mean age: 7.0 years, range: 3-17) than sneaker males (mean age: 3.4 years, range: 2-8) and females (mean age: 5.1 years, range: 2-10). There was considerable overlap in age between guarder and sneaker males; the two tactics were of similar body sizes at age 3, but after that guarder males were always bigger. We used a two-factor von Bertalanffy growth functions (VBGFs) to show that males versus females and guarder versus sneaker males had divergent growth trajectories. The VBGF estimates and distance measures from the otolith centre to the first annual otolith mark suggest that sneakers initially grew more quickly. Our results support the hypothesis that the two male reproductive tactics in plainfin midshipman likely represent distinct fixed life-history pathways that differ early in their development."
https://openalex.org/W7118568239,https://doi.org/10.1007/s44396-025-00021-w,Alternative reproductive tactics and strategies of Glossogobius callidus (Teleostei: Gobiidae),2026,2026-01-08,Discover Ecology,Okuhle Cembi; Thendo Mutshekwa; Linton F. Munyai; Phumza M. Ndaleni; Lubabalo Mofu,0,True,https://link.springer.com/content/pdf/10.1007/s44396-025-00021-w.pdf,cites_W2166426124,"Abstract In many animal species, males frequently have alternative reproductive tactics (ART) to maximise their reproductive success. These reproductive strategies or tactics are often characterised by differences in traits such as behaviour, physiology and morphology. However, there is very limited evidence for the occurrence of such tactics in Gobiidae. In this study, we investigated the population of Glossogobius callidus from artificial ponds located in the Lower Sundays River Valley, in the Eastern Cape, South Africa across three seasons (Winter, Spring and Summer). We found that the urogenital papilla can be used to sex G . callidus , without sacrificing the fish. Urogenital papilla of G . callidus was longer and wide in females and shorter in males. In addition, three morphologically distinct male morphs, which represented alternative reproductive tactics were identified (parental, intermediate and sneaker). There was a significant relationship between ART and the different male morphs of G . callidus . These three male morphs were distinguished by body coloration, with parental males displaying dark colouration, while sneaker males exhibited light colouration, and intermediate males showed characteristics between the two extremes. Males exhibiting dark coloured morphs were significantly heavier than those with light coloured morphs. There was a high abundance of dark morphs in Spring (355 individuals) and Summer (202 individuals), which corresponds to the reproductive season. In contrast, the high abundance of light morphs observed during winter (n = 142) suggests that alternative reproductive tactics or traits may be established prior to the breeding season. This study contributed to knowledge on the ART of G . callidus ."
https://openalex.org/W7125510346,https://doi.org/10.1093/jeb/voag004,Differential investment in growth and reproduction optimizes a life-history trade-off in a species characterized by alternative reproductive tactics,2026,2026-01-23,Journal of Evolutionary Biology,Tomas O. Cornwell; Bryan D. Neff,0,False,,cites_W2166426124,"Alternative reproductive tactics often involve trade-offs between mating success and survival to sexual maturity, resulting in differential investment in shared traits driven by disruptive selection. Selection on intrinsic growth can lead to individuals optimizing mating success by delaying maturation, with others maturing precociously and at smaller sizes. Such trade-offs can continue post maturation and may differ between tactics or life histories. To examine differential investment in growth and reproduction, we explored relationships between body length and reproductive success in cuckolders, and compared body length and intrinsic growth in male (cuckolder vs parental) bluegill sunfish, Lepomis macrochirus. Reproductive success in cuckolders was highest at smaller (sneaker) and larger (satellite) body sizes. Cuckolders were larger than parentals in the first two years of life but not from year 3 onward, and growth trajectories varied significantly between cuckolder and parental life histories. Despite the early size advantage, cuckolders grew slower during early age transitions (1+→2+, 2+→3 + years), likely reflecting investment in sexual maturation. In subsequent years (3+→4 + and 4+→5+), cuckolders showed comparable growth to parentals despite parentals remaining immature. Cuckolders thus appear to persist through a phase of lower reproductive success at intermediate sizes by differentially investing in growth. Our results suggest that the alternative reproductive tactics in bluegill are driven in part by body size at age 1, with larger body size being a prerequisite for precocial maturation (adoption of the cuckolder life history). After initial investment in sexual maturation, cuckolders then re-prioritize growth during body sizes associated with lower reproductive success."
https://openalex.org/W7129096608,https://doi.org/10.21203/rs.3.rs-8818992/v1,Size-advantage in nest-holding tactics in the dusky frillgoby Bathygobius fuscus males: mating success and parental care success but not fertilization success,2026,2026-02-16,Research Square,Shoma Kawase; NORIYOSI SATO; Masaaki Yoshida; Takeshi Takegaki,0,True,https://www.researchsquare.com/article/rs-8818992/latest.pdf,cites_W2166426124,
https://openalex.org/W7136557642,https://doi.org/10.1111/eva.70214,Selection Against Hybrids Maintains Genetic Divergence Between Populations of a Coastal Cleaner Fish Translocated Across a Genetic Break,2026,2026-03-01,Evolutionary Applications,Enrique Blanco Gonzalez; Per Erik Jorde; Sissel Jentoft; Joana Isabel Robalo; Mana Naito,0,True,https://doi.org/10.1111/eva.70214,cites_W2166426124,"ABSTRACT Genetic divergence between populations and/or species is mainly driven by reproductive isolation, that is, reduced gene flow, due to either pre‐ and/or postzygotic barriers. In this study, we investigate the role of (i) reproductive ecological interactions and (ii) mechanisms of evolutionary isolation between two genetically differentiated populations of a coastal fish species, corkwing wrasse Symphodus melops , in a large semi‐natural mesocosm basin over a 2‐year period. Corkwing wrasse is one of the main cleaner fish species used by the salmon aquaculture industry in Europe, where translocation is a common practice. The parentage analysis performed on the group of offspring survivors at the end of the translocation experiment evidenced strong selective winter mortalities in hybrid offspring (with mixed parental origin). Additionally, it suggested unprecedented assortative mating patterns in corkwing wrasse. Fish of west Norwegian origin experienced stronger intensity of sexual selection and displayed higher relative reproductive success (RRS) than individuals of southern origin under the experimental conditions. Size of the breeder and alternative sneaking behavior in males are two phenotypic traits often selected to attract potential mates and maximize reproductive fitness. However, neither of them had a significant effect on offspring production. Hence, our results suggest that other traits related to mate choice and competition, not examined here, could play a major role. Our results revealed strong selection against hybrids and potential assortative mating between southern and western corkwing wrasses population as two major contemporary drivers reshaping the historical genetic divergence associated to founder events during post‐glacial recolonization in Norway. We discuss the relevance of our findings for aquaculture‐based fisheries enhancement systems, resource management and conservation."
https://openalex.org/W7155692794,https://doi.org/10.1016/j.envc.2026.101504,"Modeling the influence of anthropogenic disturbances, territory quality, and biotic factors toward fitness of Mytella strigata (Hanley, 1843): Implications for biocontrol of an invasive species",2026,2026-04-26,Environmental Challenges,Joaicah May A. Andog; Crystal Gaile G. Arriesgado; Ivan Jed C. Bacaling; Gemma Rose L. Millana; Joseph M. Rosales; Jhon Ismael C. Fernandez; Sylvester T Cortes,0,True,https://doi.org/10.1016/j.envc.2026.101504,cites_W2166426124,"The introduction of invasive species is often associated with functional traits that differ markedly from those of native communities. In urban coastal lagoons, elevated nutrient inputs and persistent human activities create conditions that facilitate invasion success; however, the long-term ecological consequences in these systems remain poorly understood. This study investigated the combined influence of anthropogenic disturbances, territory quality, and biotic factors on the fitness of the invasive mussel Mytella strigata in a reclaimed lagoon in Cebu City, Philippines. Field data were collected across 150 plots, where environmental, biotic, and disturbance variables were quantified, and their relationships with fitness indicators were analyzed. The lagoon exhibited relatively stable environmental conditions, with an average depth of 5 m, mean pH of 6.5, dissolved oxygen of 7.08 mg L⁻¹, and salinity of approximately 15 ppt. Path analysis revealed generally weak relationships between predictors and fitness, with low explanatory power (R² ≤ 0.151). Only dissolved oxygen significantly affected gonadosomatic index (β = −0.297, p = 0.035), while proximity to encroachment showed a positive effect on reproduction (β = 0.239, p = 0.004). Overall, the measured factors exerted limited influence on fitness, suggesting high physiological tolerance of M. strigata in disturbed environments. Management interventions should therefore prioritize integrated approaches targeting anthropogenic disturbances, complemented by mechanical or harvest-based control strategies to enhance effectiveness in urban coastal systems."
https://openalex.org/W4307972039,https://doi.org/10.1007/s00442-022-05274-w,Predator-induced transgenerational plasticity in animals: a meta-analysis,2022,2022-11-01,Oecologia,Kirsty J. MacLeod; Chloé Monestier; Maud C. O. Ferrari; Katie E. McGhee; Michael J. Sheriff; Alison M. Bell,20,True,https://link.springer.com/content/pdf/10.1007/s00442-022-05274-w.pdf,cites_W4214734077,"There is growing evidence that the environment experienced by one generation can influence phenotypes in the next generation via transgenerational plasticity (TGP). One of the best-studied examples of TGP in animals is predator-induced transgenerational plasticity, whereby exposing parents to predation risk triggers changes in offspring phenotypes. Yet, there is a lack of general consensus synthesizing the predator-prey literature with existing theory pertaining to ecology and evolution of TGP. Here, we apply a meta-analysis to the sizable literature on predator-induced TGP (441 effect sizes from 29 species and 49 studies) to explore five hypotheses about the magnitude, form and direction of predator-induced TGP. Hypothesis #1: the strength of predator-induced TGP should vary with the number of predator cues. Hypothesis #2: the strength of predator-induced TGP should vary with reproductive mode. Hypothesis #3: the strength and direction of predator-induced TGP should vary among offspring phenotypic traits because some traits are more plastic than others. Hypothesis #4: the strength of predator-induced TGP should wane over ontogeny. Hypothesis #5: predator-induced TGP should generate adaptive phenotypes that should be more evident when offspring are themselves exposed to risk. We found strong evidence for predator-induced TGP overall, but no evidence that parental predator exposure causes offspring traits to change in a particular direction. Additionally, we found little evidence in support of any of the specific hypotheses. We infer that the failure to find consistent evidence reflects the heterogeneous nature of the phenomena, and the highly diverse experimental designs used to study it. Together, these findings set an agenda for future work in this area."
https://openalex.org/W4394709663,https://doi.org/10.1098/rspb.2023.2885,Dung beetles increase plant growth: a meta-analysis,2024,2024-03-20,Proceedings of the Royal Society B Biological Sciences,Daniel J. Anderson; Jacob D. Berson; Raphaël K. Didham; Leigh W. Simmons; Theodore A. Evans,15,True,https://doi.org/10.1098/rspb.2023.2885,cites_W4214734077,"The ecosystem services provided by dung beetles are well known and valued. Dung beetles bury dung for feeding and breeding, and it is generally thought that the process of burying dung increases nutrient uptake by plant roots, which promotes plant growth. Many studies have tested the effects of dung beetles on plant growth, but there has been no quantitative synthesis of these studies. Here we use a multi-level meta-analysis to estimate the average effect of dung beetles on plant growth and investigate factors that moderate this effect. We identified 28 publications that investigated dung beetle effects on plant growth. Of these, 24 contained the minimum quantitative data necessary to include in a meta-analysis. Overall, we found that dung beetles increased plant growth by 17%; the 95% CI for possible values for the true increase in plant growth that were most compatible with our data, given our statistical model, ranged from 1% to 35%. We found evidence that the dung beetle-plant growth relationship is influenced by the plant measurement type and the number of beetles accessing the dung. However, beetles did not increase plant growth in all quantitative trials, as individual effect sizes ranged from -72% to 806%, suggesting important context-dependence in the provision of ecosystem services."
https://openalex.org/W4400513259,https://doi.org/10.1111/brv.13117,Synthesis of sexual selection: a systematic map of meta‐analyses with bibliometric analysis,2024,2024-07-09,Biological reviews/Biological reviews of the Cambridge Philosophical Society,Pietro Pollo; Malgorzata Lagisz; Yefeng Yang; Antica Čulina; Shinichi Nakagawa,11,True,https://onlinelibrary.wiley.com/doi/pdfdirect/10.1111/brv.13117,cites_W4214734077,"Sexual selection has been a popular subject within evolutionary biology because of its central role in explaining odd and counterintuitive traits observed in nature. Consequently, the literature associated with this field of study became vast. Meta-analytical studies attempting to draw inferences from this literature have now accumulated, varying in scope and quality, thus calling for a synthesis of these syntheses. We conducted a systematic literature search to create a systematic map with a report appraisal of meta-analyses on topics associated with sexual selection, aiming to identify the conceptual and methodological gaps in this secondary literature. We also conducted bibliometric analyses to explore whether these gaps are associated with the gender and origin of the authors of these meta-analyses. We included 152 meta-analytical studies in our systematic map. We found that most meta-analyses focused on males and on certain animal groups (e.g. birds), indicating severe sex and taxonomic biases. The topics in these studies varied greatly, from proximate (e.g. relationship of ornaments with other traits) to ultimate questions (e.g. formal estimates of sexual selection strength), although the former were more common. We also observed several common methodological issues in these studies, such as lack of detailed information regarding searches, screening, and analyses, which ultimately impairs the reliability of many of these meta-analyses. In addition, most of the meta-analyses' authors were men affiliated to institutions from developed countries, pointing to both gender and geographical authorship biases. Most importantly, we found that certain authorship aspects were associated with conceptual and methodological issues in meta-analytical studies. Many of our findings might simply reflect patterns in the current state of the primary literature and academia, suggesting that our study can serve as an indicator of issues within the field of sexual selection at large. Based on our findings, we provide both conceptual and analytical recommendations to improve future studies in the field of sexual selection."
https://openalex.org/W4402366486,https://doi.org/10.1093/beheco/arae069,Are weapon allometries steeper in major or minor males? A meta-analysis,2024,2024-09-02,Behavioral Ecology,Sydney K Kochensparger; Christina J. Painting; Bruno A. Buzatto; Erin L. McCullough,9,False,,cites_W4214734077,"Abstract Competition for mates can drive the evolution of exaggerated weaponry and male dimorphism associated with alternative reproductive tactics. In terrestrial arthropods, male dimorphism is often detected as non-linear allometries, where the scaling relationship between weapon size and body size differs in intercept and/or slope between morphs. Understanding the patterns of non-linear allometries is important as it can provide insights into threshold evolution and the strength of selection experienced by each morph. Numerous studies in male-dimorphic arthropods have reported that allometric slopes of weapons are shallower in large “major” males compared to small “minor” males. Because this pattern is common among beetles that undergo complete metamorphosis (holometabolous), researchers have hypothesized that the slope change reflects resource depletion during pupal development. However, no comprehensive survey has examined the generality of this trend. We systematically searched the literature for reports of weapon allometries in male dimorphic species and conducted a phylogenetically controlled meta-analysis to explore the factors influencing the difference in slopes between morphs. Our search identified 59 effect sizes from 19 studies, 50 species, and 5 orders of terrestrial arthropods. We found strong evidence that metamorphosis type influences the patterns of weapon allometries. Slopes were significantly steeper in minor males compared to major males in holometabolous species, but there was no difference in slopes between morphs in hemimetabolous species (i.e. those that undergo incomplete or no metamorphosis). These results support the hypothesis that holometabolous species face a resource ceiling during pupal development that limits the exaggeration of weapon size."
https://openalex.org/W4414249622,https://doi.org/10.1111/ele.70215,Synthesis of Nature's Extravaganza: An Augmented Meta‐Meta‐Analysis on (Putative) Sexual Signals,2025,2025-09-01,Ecology Letters,Pietro Pollo; Malgorzata Lagisz; Renato C. Macedo‐Rego; Ayumi Mizuno; Yefeng Yang; Shinichi Nakagawa,5,True,https://onlinelibrary.wiley.com/doi/pdfdirect/10.1111/ele.70215,cites_W4214734077,"Colourful body parts and bizarre displays that do not seem to contribute to the survival of individuals that express them have puzzled biologists for centuries. Sexual selection theory posits that these traits evolved because more conspicuous individuals attract more mates and experience greater fitness, yet evidence for this remains fragmented. Our augmented meta-meta-analysis of 41 meta-analyses, encompassing 375 animal species and 7428 individual effect sizes, shows that the conspicuousness of (putative) sexual signals is positively related to mate attractiveness, fitness benefits, individual condition, and other characteristics (e.g., body size) of signal bearers. Most of these patterns are consistent across both taxa and sexes, underscoring the generalisability of our results. Furthermore, the strength of pre-copulatory sexual selection on conspicuousness is positively associated with the relationship between (i) conspicuousness and fitness benefits and (ii) conspicuousness and individual condition. This suggests that the relationships we assessed regarding trait conspicuousness would be stronger if we could select only traits that are truly used for mate attraction. Our study unifies several decades of knowledge on conspicuous traits, confirms many predictions made by the theory of sexual selection, and lays a clear path for the future of research on this topic."
https://openalex.org/W4406277350,https://doi.org/10.1016/j.anbehav.2024.12.004,No evidence of negative frequency-dependent selection in alternative reproductive tactics in a bulb mite,2025,2025-01-09,Animal Behaviour,Jonathan M. Parrett; Karolina Sobala; Sebastian Chmielewski; Karolina Przesmycka; Jacek Radwan,4,False,,cites_W4214734077,
https://openalex.org/W4409944017,https://doi.org/10.1038/s41598-025-99911-y,Size-dependent resource allocation to reproduction in Japanese anchovies (Engraulis japonicus),2025,2025-04-29,Scientific Reports,Michio Yoneda; Satoshi Katayama; Masayuki Yamamoto; Naoaki Kono; Tatsuo Tsuzaki; Hiroshige Tanaka,4,True,https://www.nature.com/articles/s41598-025-99911-y.pdf,cites_W4214734077,"Size-related changes in reproductive potential are essential for understanding population dynamics and life history strategies; however, the mechanisms driving variation between individuals and sexes remain unclear. Using a diet-switch experiment and carbon and nitrogen stable isotope ratios (SIRs) as quantitative indicators, we investigated how large (parents) and small (offspring) spawning male and female Japanese anchovies (Engraulis japonicus) allocate energy to reproduction. Large individuals of both sexes exhibited higher energy investment in gamete production than small individuals, reflecting a trade-off between growth and reproduction. The turnover rates of SIRs after a diet switch suggest that anchovies predominantly rely on income breeding. However, significant differences in turnover rates between large and small individuals indicate that large fish can also utilize facultative capital resources for gamete production. Notably, males exhibited slower isotopic turnover than females, partly due to the influence of sperm storage. These findings demonstrate that spawning individuals display temporal diversity in resource use for reproduction, with large individuals showing greater flexibility in energy allocation strategies. This study advances our understanding of size- and sex-dependent resource allocation in Japanese anchovy and contributes to a broader understanding of reproductive strategies in small pelagic fishes."
https://openalex.org/W4399369056,https://doi.org/10.1093/beheco/arae044,Effects of inbreeding and elevated rearing temperatures on strategic sperm investment,2024,2024-06-05,Behavioral Ecology,Meng‐Han Joseph Chung; Md Mahmud-Al-Hasan; Michael D. Jennions; Megan L. Head,3,True,https://doi.org/10.1093/beheco/arae044,cites_W4214734077,"Abstract Males often strategically adjust the number of available sperm based on the social context (i.e. sperm priming response), but it remains unclear how environmental and genetic factors shape this adjustment. In freshwater ecosystems, high ambient temperatures often lead to isolated pools of hotter water in which inbreeding occurs. Higher water temperatures and inbreeding can impair fish development, potentially disrupting sperm production. We used guppies (Poecilia reticulata) to investigate how developmental temperature (26 °C, 30 °C) and male inbreeding status (inbred, outbred) influence their sperm priming response. We also tested if sperm priming was affected by whether the female was a relative (sister) and whether she was inbred or outbred. There was no effect of rearing temperature; male inbreeding status alone determined the number of available sperm in response to female presence, her inbreeding status, and her relatedness. Inbred males produced significantly more sperm in the presence of an unrelated, outbred female than when no female was present. Conversely, outbred males did not alter the number of sperm available in response to female presence or relatedness. Moreover, inbred males produced marginally more sperm when exposed to an unrelated female that was outbred rather than inbred, but there was no difference when exposed to an inbred female that was unrelated versus related. Together, a sperm priming response was only observed in inbred males when exposed to an outbred female. Outbred females in our study were larger than inbred females, suggesting that inbred males strategically allocated ejaculate resources toward females in better condition."
https://openalex.org/W4404920965,https://doi.org/10.3389/fevo.2024.1476254,"Sperm swimming speed and morphology differ slightly among the three genetic morphs of ruff sandpiper (Calidris pugnax), but show no clear polymorphism",2024,2024-12-02,Frontiers in Ecology and Evolution,Martin Bulla; Clemens Küpper; David B. Lank; Jana Albrechtová; Jasmine L. Loveland; Katrin Martin; Kim Teltscher; Margherita Cragnolini; Michael Lierz; Tomáš Albrecht; Wolfgang Forstmeier; Bart Kempenaers,1,True,https://public-pages-files-2025.frontiersin.org/journals/ecology-and-evolution/articles/10.3389/fevo.2024.1476254/pdf,cites_W4214734077,"The ruff sandpiper ( Calidris pugnax ) is a lekking shorebird with three male morphs that differ remarkably in behavior, ornaments, size, and endocrinology. The morphs are determined by an autosomal inversion. Aggressive Independents evolved first, female-mimicking Faeders ~4 mil year ago when a short segment of a chromosome reversed in orientation, and semi-cooperative Satellites ~70,000 years ago through a recombination of the Independent and Faeder inversion-segment genotypes. Although the genetic differences between the morphs affect numerous phenotypic traits, it is unknown whether they also affect sperm traits. Here, we use a captive-bred population of ruffs to compare ruff sperm to that of other birds and compare sperm swimming speed and morphology among the morphs. Ruff sperm resembled those of passerines, but moved differently. Faeder sperm moved the slowest and had the longest midpiece. Independents’ sperm were neither the fastest nor the least variable, but had the shortest tail and midpiece. Although the midpiece contains the energy-producing mitochondria, its length was not associated with sperm swimming speed. Instead, two of three velocity metrics weakly positively correlated with head length (absolute and relative). We conclude that there is an indication of quantitative differences in sperm between morphs, but no clear sperm polymorphism."
https://openalex.org/W4386019649,https://doi.org/10.1111/mec.17103,Sperm of more colourful males are better adapted to ovarian fluids in lake char (Salmonidae),2023,2023-08-21,Molecular Ecology,David Nusbaumer; Laura Garaud; Christian de Guttry; Laurie Ançay; Claus Wedekind,3,True,https://onlinelibrary.wiley.com/doi/pdfdirect/10.1111/mec.17103,cites_W4214734077,"Fish often spawn eggs with ovarian fluids that have been hypothesized to support the sperm of some males over others (cryptic female choice). Alternatively, sperm reactions to ovarian fluids could reveal male strategies. We used wild-caught lake char (Salvelinus umbla) to experimentally test whether sperm react differently to the presence of ovarian fluid, and whether any differential sperm reaction could be predicted by male breeding coloration, male inbreeding coefficients (based of 4150 SNPs) or the kinship coefficients between males and females. Male coloration was positively linked to body size and current health (based on lymphocytosis and thrombocytosis) but was a poor predictor of inbreeding or kinship coefficients. We found that sperm of more colourful males were faster in diluted ovarian fluids than in water only, while sperm of paler males were faster in water than in ovarian fluids. We then let equal numbers of sperm compete for fertilizations in the presence or absence of ovarian fluids and genetically assigned 1464 embryos (from 70 experimental trials) to their fathers. The presence of ovarian fluids significantly increased the success of the more colourful competitors. Sperm of less inbred competitors were more successful when tested in water only than in diluted ovarian fluids. The kinship coefficients had no significant effects on sperm traits or fertilization success in the presence of ovarian fluids, although parallel stress tests on embryos had revealed that females would profit more from mating with least related males rather than most coloured ones. We conclude that sperm of more colourful males are best adapted to ovarian fluids, and that the observed reaction norms suggest male strategies rather than cryptic female choice."
https://openalex.org/W4398205723,https://doi.org/10.1038/s41598-024-62062-7,Males conditionally inseminate at three female body locations according to female mating history and female maturity status in a squid,2024,2024-05-22,Scientific Reports,Kamrun Naher Azad; Md. Nur E. Alam; Makoto Nagata; Satoshi Tomano; Hiroki Ono; Kyoko Sugai; Noritaka Hirohashi,2,True,https://doi.org/10.1038/s41598-024-62062-7,cites_W4214734077,"In some squids, such as those in the family Loliginidae, upon copulation, females receive and store male-delivered sperm capsules, spermatangia, at two different body locations: the buccal membrane and the distal end of the oviduct. This insemination site dimorphism is associated with alternative reproductive strategies. However, in Loliolus sumatrensis, a species of Loliginidae, the females possess three insemination sites: buccal membrane (BM), basal left IV arm (ARM) and lateral head behind the left eye (EYE), therefore we studied such the unusual phenomena. We developed microsatellite markers and genotyped the paternity of each spermatangium on three sites. We found multiple paternity at every single site and simultaneous usage of all three sites by a few males. The seasonal dynamics of a population in the Seto Inland Sea revealed a set priority for the initial use of insemination sites as BM, followed by ARM and then EYE, whereas the maximum number of stored spermatangia was greater in EYE > ARM > BM. Female maturity status was correlated with the usage pattern of insemination sites but not with the number of stored spermatangia at any insemination site. These results suggest that a male squid inseminates at different locations according to female mating history and female maturity status."
https://openalex.org/W4396606404,https://doi.org/10.1093/beheco/arae037,Does losing reduce the tendency to engage with rivals to reach mates? An experimental test,2024,2024-05-03,Behavioral Ecology,Chenke Zang; Meng‐Han Joseph Chung; Teresa Neeman; Lauren M. Harrison; Ivan M. Vinogradov; Michael D. Jennions,2,True,https://doi.org/10.1093/beheco/arae037,cites_W4214734077,"Abstract Male–male contests for access to females or breeding resources are critical in determining male reproductive success. Larger males and those with more effective weaponry are more likely to win fights. However, even after controlling for such predictors of fighting ability, studies have reported a winner–loser effect: previous winners are more likely to win subsequent contests, while losers often suffer repeated defeats. While the effect of winning–losing is well-documented for the outcome of future fights, its effect on other behaviors (e.g. mating) remains poorly investigated. Here, we test whether a winning versus losing experience influenced subsequent behaviors of male mosquitofish (Gambusia holbrooki) toward rivals and potential mates. We housed focal males with either a smaller or larger opponent for 24 h to manipulate their fighting experience to become winners or losers, respectively. The focal males then underwent tests that required them to enter and swim through a narrow corridor to reach females, bypassing a cylinder that contained either a larger rival male (competitive scenario), a juvenile or was empty (non-competitive scenarios). The tests were repeated after 1 wk. Winners were more likely to leave the start area and to reach the females, but only when a larger rival was presented, indicating higher levels of risk-taking behavior in aggressive interactions. This winner–loser effect persisted for at least 1 wk. We suggest that male mosquitofish adjust their assessment of their own and/or their rival’s fighting ability following contests in ways whose detection by researchers depends on the social context."
https://openalex.org/W4407046728,https://doi.org/10.1111/eth.13549,Sperm Strategies: Partner's Mating Status as a Driver of Last Male Success in Ladybirds,2025,2025-01-30,Ethology,Desh Deepak Chaudhary; Bhupendra Kumar; Omkar,1,True,https://onlinelibrary.wiley.com/doi/pdfdirect/10.1111/eth.13549,cites_W4214734077,"ABSTRACT In the present study, we examined the last male sperm precedence based on the mating status of males and females (virgin, once‐mated, or multiply‐mated) of a coccinellid beetle, Menochilus sexmaculatus (Fabricius). Results revealed that, in comparison to virgin females, once‐ and multiply‐mated females significantly affected the process of last male sperm precedence. While virgin females either showed the last male sperm precedence effect or produced equal numbers of offspring with phenotypes similar to both male partners. The latter result was obtained when: (i) the virgin female mated with an unmated typical male followed by a multiply‐mated intermediate male, or (ii) the virgin female mated with a once‐mated typical male followed by a multiply‐mated intermediate male. However, once‐ and multiply‐mated females showed the first male precedence in all mating treatments, and their offspring had phenotypes similar to the first male partner. Present empirical studies suggest that the process of the last male sperm precedence is not ubiquitous in M. sexmaculatus. Rather, it changes with the mating status of the partners, and the effects of female mating status on the last male sperm precedence are more prominent than the male mating status."
https://openalex.org/W4413477872,https://doi.org/10.1007/s10164-025-00862-8,Female-mimicking spawning by subordinate males of the coral-dwelling damselfish Dascyllus reticulatus—a possible sneaking tactic observed in wild groups,2025,2025-08-24,Journal of Ethology,Rei Sakanoue; Yoichi Sakai,1,True,https://link.springer.com/content/pdf/10.1007/s10164-025-00862-8.pdf,cites_W4214734077,"Abstract Subordinate males in various animal groups often exhibit female mimicry as an alternative tactic. However, direct evidence of female mimicry behaviors in pomacentrids, an excellent model for studying the diversity of mating tactics in teleost under natural conditions, remains scarce. Here, we report female-mimicking behaviors in the sexually monochromatic coral-dwelling damselfish Dascyllus reticulatus, where subordinate males perform pair-spawning behaviors in the female role with dominant territorial males. These subordinate males also displayed nest-previewing behavior in mating nests a few days before pseudo-spawning, closely resembling the reproductive sequences of the females. Although subordinate males stably cohabited with the territorial male, one subordinate male suffered severe attacks from the dominant male immediately after pseudo-spawning, implying sperm release at the nest. As the territorial dominant males of D. reticulatus prioritized inducing female spawning in the harem and often released sperm after the female spawned within their mating sequence, it was inferred that unfertilized eggs remained on the mating nest at the time of pseudo-spawning. Female-mimicking behaviors may provide subordinate males with tactical advantages, such as potentially gaining partial paternity of eggs in mating nests by deceiving territorial males. Digital video images related to the article are available at http://www.momo-p.com/showdetail-e.php?movieid=momo250804dr01a , http://www.momo-p.com/showdetail-e.php?movieid=momo250804dr02a , and http://www.momo-p.com/showdetail-e.php?movieid=momo250804dr03a ."
https://openalex.org/W4389264822,https://doi.org/10.1016/j.anbehav.2023.10.016,Manipulation of male display traits has minimal effects on reproductive outcome in a jumping spider with dimorphic males,2023,2023-12-02,Animal Behaviour,Laurel B. Lietzenmayer; David L. Clark; Lisa A. Taylor,2,False,,cites_W4214734077,
https://openalex.org/W4392782545,https://doi.org/10.1111/eth.13451,Video evidence of mountings by female‐plumaged birds of paradise (Aves: Paradisaeidae) in the wild: Is there evidence of alternative mating tactics?,2024,2024-02-19,Ethology,Thomas MacGillavry; Claudia Janiczek; Leonida Fusani,1,True,https://doi.org/10.1111/eth.13451,cites_W4214734077,"Abstract The bewildering courtship phenotypes of male birds of paradise ( Paradisaedae ) represent a classic example of sexual selection through mate choice. While the majority of sexual selection studies have focused on either mate choice or intrasexual competition, males across a variety of taxa adopt alternative mating tactics as additional means of obtaining fertilization when they are otherwise unable to. For example, across various polygynous birds, subordinate males engage in sneak copulations, which may offset the fitness costs of prolonged subordinate periods. Despite exhibiting strong mating skews and male delayed plumage maturation, reports of sneak copulation in the birds of paradise are exceedingly rare. After reviewing an extensive video collection of courtship interactions, we found examples of mountings by female‐plumaged birds in three birds of paradise species: the Western parotia Parotia sefilata , Carola's parotia Parotia carolae , and the magnificent bird of paradise Cicinnurus magnificus . While homosexual mountings by females have been documented previously in Lawes' parotia P. lawesii , adult males in the magnificent bird of paradise violently attacked intruding female‐plumaged birds attempting to mount receivers, suggesting that they may be immature males engaging in alternative mating tactics. Overall, the rare video footage described here is suggestive of two fascinating, yet unexplored phenomena in polygynous birds: alternative mating tactics and female homosexual behaviour."
https://openalex.org/W4362721216,https://doi.org/10.1002/ece3.9965,Evaluating the evolutionary mechanisms maintaining alternative mating strategies in a simulated bull trout (Salvelinus confluentus) population,2023,2023-04-01,Ecology and Evolution,Thaïs A. Bernos; Sarah L. Chang; Rachael M. Giglio; Kaeli A. Davenport; Jeff Fisher; Erin Lowery; Andrew R. Bearlin; Ryan K. Simmons; Marie‐Josée Fortin; Casey C. Day; Erin L. Landguth,1,True,https://onlinelibrary.wiley.com/doi/pdfdirect/10.1002/ece3.9965,cites_W4214734077,"Abstract The coexistence of distinct alternative mating strategies (AMS) is often explained by mechanisms involving trade‐offs between reproductive traits and lifetime fitness; yet their relative importance remains poorly understood. Here, we used an established individual‐based, spatially explicit model to simulate bull trout (Salvelinus confluentus) in the Skagit River (Washington, USA) and investigated the influence of female mating preference, sneaker‐specific mortality, and variation in age‐at‐maturity on AMS persistence using global sensitivity analyses and boosted regression trees. We assumed that two genetically fixed AMS coexisted within the population: sneaker males (characterized by younger age‐at‐maturity, greater AMS‐specific mortality, and lower reproductive fitness) and territorial males. After 300 years, variation in relative sneaker success in the system was explained by sneaker males' reproductive fitness (72%) and, to a lesser extent, the length of their reproductive lifespan (21%) and their proportion in the initial population (8%). However, under a wide range of parameter values, our simulated scenarios predicted the extinction of territorial males or their persistence in small, declining populations. Although these results do not resolve the coexistence of AMS in salmonids, they reinforce the importance of mechanisms reducing sneaker's lifetime reproductive success in favoring AMS coexistence within salmonid populations but also limit the prediction that, without any other selective mechanisms at play, strong female preference for mating with territorial males and differences in reproductive lifespan allow the stable coexistence of distinct AMS."
https://openalex.org/W4408807973,https://doi.org/10.1101/2025.03.22.644732,Specialization of male reproductive tactics correspond with large gonads and small brains,2025,2025-03-25,bioRxiv (Cold Spring Harbor Laboratory),Helen Stec; Grace Y. Zhang; Benjamin A. Sandkam,2,True,https://doi.org/10.1101/2025.03.22.644732,cites_W4214734077,"Abstract Sexual selection has strong effects on gonad size, which has been proposed to shift energetic allocations resulting in concomitant decreases to brain size. However, mixed findings leave it unclear whether negative correlations arise from direct energetic trade-offs or correlated selection. We tested whether male reproductive tactics impose energetic trade-offs by comparing brain and gonad sizes in Poecilia parae , a fish with discrete alternative male morphs specializing in three reproductive strategies: coercion, display, and sneaking. The obligate sneaker morph had substantially larger gonads and smaller brains than the other morphs, consistent with an energetic trade-off. However, examining individuals within morphs revealed a positive relationship, contradicting energetic trade-offs. To resolve which morphs reflect the ancestral state, we examined two closely related species whose males utilize more flexible reproductive strategies, Poecilia picta and Poecilia reticulata . Within these species, a negative correlation between gonad and brain size was observed, consistent with correlated selection shaping traits towards multiple reproductive peaks. Additionally, neuron-to-glia ratio (a proxy for energetic demands) showed no link to gonad size. Our results suggest that reproductive strategies shape brain evolution through correlated selection rather than direct energetic trade-offs, challenging assumptions of sexually selected traits imposing constraints through direct resource allocation."
https://openalex.org/W4385388390,https://doi.org/10.1101/2023.07.27.550846,Differences in sperm swimming speed and morphology between the three genetic morphs in the ruff sandpiper,2023,2023-07-30,bioRxiv (Cold Spring Harbor Laboratory),Martin Bulla; Clemens Küpper; David B. Lank; Jana Albrechtová; Jasmine L. Loveland; Katrin Martin; Kim Teltscher; Margherita Cragnolini; Michael Lierz; Tomáš Albrecht; Wolfgang Forstmeier; Bart Kempenaers,1,True,https://www.biorxiv.org/content/biorxiv/early/2023/12/20/2023.07.27.550846.full.pdf,cites_W4214734077,"Abstract Background The ruff sandpiper Calidris pugnax is a Palearctic lekking shorebird with three genetic morphs determined by an autosomal inversion. Male morphs differ strikingly in body size, ornaments, endocrinology and mating behavior. Aggressive Independents represent the ancestral haplotype, while female-mimicking Faeders and semi-cooperative Satellites are the inverted haplotypes. Because one inversion breakpoint is homozygous lethal, the inverted haplotypes cannot recombine and are expected to accumulate deleterious mutations. The inversion regions also harbor genes involved in spermatogenesis. However, it remains unknown whether the genetic differences between the morphs also translate into differences in sperm traits. Here, we use a captive-bred population of ruffs to compare sperm swimming speed and morphology among the morphs. Results Ruff sperm morphologically resembled those of passerines, but moved differently, vibrating from side to side while slowly moving forward, rather than rotating while moving forward. Faeder sperm moved the slowest, which is consistent with the prediction of genetic deterioration over time. However, against expectation, sperm of Independents did not seem to be of the highest quality, i.e., their sperm were not the fastest nor the least variable, and they had sperm with the shortest tail and midpiece. Although the midpiece contains the energy-producing mitochondria, sperm midpiece length was not associated with sperm swimming speed. Instead, two of three velocity metrics weakly positively correlated with head length (absolute and relative). Conclusions The three genetically determined ruff morphs showed subtle differences in swimming speed and in the length of some sperm components. However, the between-morph differences in sperm swimming speed were not linked to the differences in morphology. We conclude that there is at best limited evidence for lower-quality sperm in the morphs that carry the inversion, and suggest that the potential for the evolution of morph-specific sperm adaptations may be limited in this system. Lay Summary The ruff sandpiper is a shorebird that exhibits three genetically distinct types of males, which differ markedly in body size, ornaments, hormones, and mating behavior. Aggressive Independents represent the type that evolved first. Semi-cooperative Satellites and female-mimicking Faeders evolved later through a specific type of genetic rearrangement called an ‘inversion’, in which a segment of a chromosome reversed in orientation. Due to the nature of this inversion, Satellite and Faeder chromosomes are expected to deteriorate over time. However, it remains unclear whether the genetic differences between these morphs, which affect physiological and behavioral traits, also translate into differences in sperm traits. We used a captive population of ruffs to compare sperm swimming speed and length measurements between the three types of males. Faeder sperm was the slowest, which is consistent with expectations based on genetic deterioration over time. However, against our expectations, the sperm of Independents does not appear to have better performance characteristics. Although the midpiece of a sperm is responsible for energy production, the length of the midpiece did not relate to sperm swimming speed."
https://openalex.org/W4387521774,https://doi.org/10.32942/x29s3g,Synthesis of sexual selection: a systematic map of meta-analyses with bibliometric analysis,2023,2023-10-11,,Pietro Pollo; Malgorzata Lagisz; Yefeng Yang; Antica Čulina; Shinichi Nakagawa,1,True,https://ecoevorxiv.org/repository/object/6070/download/13339/,cites_W4214734077,"Sexual selection has been a popular subject within evolutionary biology because of its central role in explaining odd and counterintuitive traits found in nature. Consequently, the literature associated with this field of study became vast, with meta-analytical studies attempting to draw inferences from it. These meta-analyses have now accumulated, varying in scope and quality, thus calling for a synthesis of these syntheses. Here, we conducted a systematic map with a report appraisal of meta-analyses on topics associated with sexual selection, aiming to comprehend the conceptual and methodological gaps in this secondary literature. To further understand these gaps and their potential origins, we also conducted bibliometric analyses that identify the gender and origin of researchers that generated these studies. We included 152 meta-analytical studies in our systematic map as a result of a systematic literature search. We found that most meta-analyses focused on males and on certain animal groups (e.g. birds), indicating severe sex and taxonomic biases. Moreover, the topics in these studies varied immensely, from proximate (e.g. relationship of ornaments with other traits) to ultimate questions (e.g. formal estimates of sexual selection strength), albeit the former were more common. We also observed several common issues in these studies, such as lack of detailed information regarding searches, screening, and analyses, which ultimately impairs the reliability of many of these meta-analyses. In addition, most of the meta-analyses’ authors were men affiliated to institutions from developed countries, pointing to both gender and geographical authorship biases. Many of our findings might simply reflect patterns in the current state of the primary literature and academia, suggesting that our study can serve as an indicator of the issues with the field of sexual selection at large. Still, we provide both conceptual and analytical recommendations to improve future studies in the field of sexual selection, such as to avoid including humans with other animals in meta-analyses, to clarify traits of interest instead of simply using loosely defined lingo, and to properly match studies’ questions and meta-analytical models."
https://openalex.org/W4385634720,https://doi.org/10.7717/peerj.15804,Reproductive benefits and reduced investment in parental care behavior associated with reproductive groups of males in Abudefduf troschelii,2023,2023-08-07,PeerJ,Mariana Solís-Mendoza; Omar Chassin‐Noria; Carlos Leví Pérez Hernández; Luis Mendoza‐Cuenca,0,True,https://doi.org/10.7717/peerj.15804,cites_W4214734077,"Fishes of the family Pomacentridae present a wide diversity of mating systems, ranging from polygyny to promiscuity and from individual territorial defense to the establishment of reproductive colonies of males. The damselfish species Abudefduf troschelii has a reproductive colony mating system, in which males temporarily aggregate in reproductive areas to court and attract females. Males defend an individual territory where they receive eggs and perform paternal care behaviors for their offspring. The present study evaluated the advantages of the colonial mating system in A. troschelii . During an entire reproductive period, in a breeding colony within a rocky reef, we located, marked, geo-referenced, and measured the distances between the territories of all males. We quantified the variance among males in their patterns of paternal care investment, eggs acquired, hatching success, reproductive success, body size, and changes in body coloration. We found that males spatially distributed their nests in groups or independently (i.e., solitary nests). Nesting groups are formed by larger males that show intense nuptial coloration during the entire receptivity period. They are located centrally to the colony and consist of three to six males whose territories overlap. In contrast, small solitary males that fail to acquire or maintain nuptial coloration during the receptivity period establish their nests peripherally to the colony, away from the territories of other males. Our results highlight that the reproductive benefits of colonial nesting are unequal for males, as the spatial distribution of nests within the colony determines the reproductive success of males. Group nesting confers the highest reproductive benefits to males regarding eggs obtained, hatching success, and relative fitness and also enables males to reduce their parental investment in brood care behaviors. The preference of females for oviposition could be associated with greater intrasexual competitiveness, defense ability, body condition, or experience of group-nesting males located at the center of the colony or because their progeny will have a lower probability of predation than they would in solitary nests males."
https://openalex.org/W4385781037,https://doi.org/10.7287/peerj.15804v0.1/reviews/4,"Peer Review #4 of ""Reproductive benefits and reduced investment in parental care behavior associated with reproductive groups of males in Abudefduf troschelii (v0.1)""",2023,2023-08-07,,,0,True,http://dx.doi.org/10.7287/peerj.15804v0.1/reviews/4,cites_W4214734077,"Fishes of the family Pomacentridae present a wide diversity of mating systems, ranging from polygyny to promiscuity and from individual territorial defense to the establishment of reproductive colonies of males.The damselfish species Abudefduf troschelii has a reproductive colony mating system, in which males temporarily aggregate in reproductive areas to court and attract females.Males defend an individual territory where they receive eggs and perform paternal care behaviors for their offspring.The present study evaluated the advantages of the colonial mating system in A. troschelii.During an entire reproductive period, in a breeding colony within a rocky reef, we located, marked, geo-referenced, and measured the distances between the territories of all males.We quantified the variance among males in their patterns of paternal care investment, eggs acquired, hatching success, reproductive success, body size, and changes in body coloration.We found that males spatially distributed their nests in groups or independently (i.e.solitary nests).Nesting groups are formed by larger males that show intense nuptial coloration during the entire receptivity period.They are located centrally to the colony and consist of 3-6 males whose territories overlap.In contrast, small solitary males that fail to acquire or maintain nuptial coloration during the receptivity period establish their nests peripherally to the colony, away from the territories of other males.Our results highlight that the reproductive benefits of colonial nesting are unequal for males, as the spatial distribution of nests within the colony determines the reproductive success of males.Group nesting confers the highest reproductive benefits to males regarding eggs obtained, hatching success, and relative fitness and also enables males to reduce their parental investment in brood care behaviors.The preference of females for oviposition could be associated with greater intrasexual competitiveness, defense ability, body condition, or experience of group-nesting males located at the center of the colony or because their progeny will have a lower probability of predation than they would in solitary nests males."
https://openalex.org/W4385781101,https://doi.org/10.7287/peerj.15804v0.2/reviews/3,"Peer Review #3 of ""Reproductive benefits and reduced investment in parental care behavior associated with reproductive groups of males in Abudefduf troschelii (v0.2)""",2023,2023-08-07,,,0,True,http://dx.doi.org/10.7287/peerj.15804v0.2/reviews/3,cites_W4214734077,"Fishes of the family Pomacentridae present a wide diversity of mating systems, ranging from polygyny to promiscuity and from individual territorial defense to the establishment of reproductive colonies of males.The damselfish species Abudefduf troschelii has a reproductive colony mating system, in which males temporarily aggregate in reproductive areas to court and attract females.Males defend an individual territory where they receive eggs and perform paternal care behaviors for their offspring.The present study evaluated the advantages of the colonial mating system in A. troschelii.During an entire reproductive period, in a breeding colony within a rocky reef, we located, marked, geo-referenced, and measured the distances between the territories of all males.We quantified the variance among males in their patterns of paternal care investment, eggs acquired, hatching success, reproductive success, body size, and changes in body coloration.We found that males spatially distributed their nests in groups or independently (i.e.solitary nests).Nesting groups are formed by larger males that show intense nuptial coloration during the entire receptivity period.They are located centrally to the colony and consist of 3-6 males whose territories overlap.In contrast, small solitary males that fail to acquire or maintain nuptial coloration during the receptivity period establish their nests peripherally to the colony, away from the territories of other males.Our results highlight that the reproductive benefits of colonial nesting are unequal for males, as the spatial distribution of nests within the colony determines the reproductive success of males.Group nesting confers the highest reproductive benefits to males regarding eggs obtained, hatching success, and relative fitness and also enables males to reduce their parental investment in brood care behaviors.The preference of females for oviposition could be associated with greater intrasexual competitiveness, defense ability, body condition, or experience of group-nesting males located at the center of the colony or because their progeny will have a lower probability of predation than they would in solitary nests males."
https://openalex.org/W4385781179,https://doi.org/10.7287/peerj.15804v0.2/reviews/1,"Peer Review #1 of ""Reproductive benefits and reduced investment in parental care behavior associated with reproductive groups of males in Abudefduf troschelii (v0.2)""",2023,2023-08-07,,,0,True,http://dx.doi.org/10.7287/peerj.15804v0.2/reviews/1,cites_W4214734077,"Fishes of the family Pomacentridae present a wide diversity of mating systems, ranging from polygyny to promiscuity and from individual territorial defense to the establishment of reproductive colonies of males.The damselfish species Abudefduf troschelii has a reproductive colony mating system, in which males temporarily aggregate in reproductive areas to court and attract females.Males defend an individual territory where they receive eggs and perform paternal care behaviors for their offspring.The present study evaluated the advantages of the colonial mating system in A. troschelii.During an entire reproductive period, in a breeding colony within a rocky reef, we located, marked, geo-referenced, and measured the distances between the territories of all males.We quantified the variance among males in their patterns of paternal care investment, eggs acquired, hatching success, reproductive success, body size, and changes in body coloration.We found that males spatially distributed their nests in groups or independently (i.e.solitary nests).Nesting groups are formed by larger males that show intense nuptial coloration during the entire receptivity period.They are located centrally to the colony and consist of 3-6 males whose territories overlap.In contrast, small solitary males that fail to acquire or maintain nuptial coloration during the receptivity period establish their nests peripherally to the colony, away from the territories of other males.Our results highlight that the reproductive benefits of colonial nesting are unequal for males, as the spatial distribution of nests within the colony determines the reproductive success of males.Group nesting confers the highest reproductive benefits to males regarding eggs obtained, hatching success, and relative fitness and also enables males to reduce their parental investment in brood care behaviors.The preference of females for oviposition could be associated with greater intrasexual competitiveness, defense ability, body condition, or experience of group-nesting males located at the center of the colony or because their progeny will have a lower probability of predation than they would in solitary nests males."
https://openalex.org/W4385781313,https://doi.org/10.7287/peerj.15804v0.3/reviews/3,"Peer Review #3 of ""Reproductive benefits and reduced investment in parental care behavior associated with reproductive groups of males in Abudefduf troschelii (v0.3)""",2023,2023-08-07,,,0,True,http://dx.doi.org/10.7287/peerj.15804v0.3/reviews/3,cites_W4214734077,"Fishes of the family Pomacentridae present a wide diversity of mating systems, ranging from polygyny to promiscuity and from individual territorial defense to the establishment of reproductive colonies of males.The damselfish species Abudefduf troschelii has a reproductive colony mating system, in which males temporarily aggregate in reproductive areas to court and attract females.Males defend an individual territory where they receive eggs and perform paternal care behaviors for their offspring.The present study evaluated the advantages of the colonial mating system in A. troschelii.During an entire reproductive period, in a breeding colony within a rocky reef, we located, marked, geo-referenced, and measured the distances between the territories of all males.We quantified the variance among males in their patterns of paternal care investment, eggs acquired, hatching success, reproductive success, body size, and changes in body coloration.We found that males spatially distributed their nests in groups or independently (i.e.solitary nests).Nesting groups are formed by larger males that show intense nuptial coloration during the entire receptivity period.They are located centrally to the colony and consist of 3-6 males whose territories overlap.In contrast, small solitary males that fail to acquire or maintain nuptial coloration during the receptivity period establish their nests peripherally to the colony, away from the territories of other males.Our results highlight that the reproductive benefits of colonial nesting are unequal for males, as the spatial distribution of nests within the colony determines the reproductive success of males.Group nesting confers the highest reproductive benefits to males regarding eggs obtained, hatching success, and relative fitness and also enables males to reduce their parental investment in brood care behaviors.The preference of females for oviposition could be associated with greater intrasexual competitiveness, defense ability, body condition, or experience of group-nesting males located at the center of the colony or because their progeny will have a lower probability of predation than they would in solitary nests males."
https://openalex.org/W4385782283,https://doi.org/10.7287/peerj.15804v0.1/reviews/1,"Peer Review #1 of ""Reproductive benefits and reduced investment in parental care behavior associated with reproductive groups of males in Abudefduf troschelii (v0.1)""",2023,2023-08-07,,,0,True,http://dx.doi.org/10.7287/peerj.15804v0.1/reviews/1,cites_W4214734077,"Fishes of the family Pomacentridae present a wide diversity of mating systems, ranging from polygyny to promiscuity and from individual territorial defense to the establishment of reproductive colonies of males.The damselfish species Abudefduf troschelii has a reproductive colony mating system, in which males temporarily aggregate in reproductive areas to court and attract females.Males defend an individual territory where they receive eggs and perform paternal care behaviors for their offspring.The present study evaluated the advantages of the colonial mating system in A. troschelii.During an entire reproductive period, in a breeding colony within a rocky reef, we located, marked, geo-referenced, and measured the distances between the territories of all males.We quantified the variance among males in their patterns of paternal care investment, eggs acquired, hatching success, reproductive success, body size, and changes in body coloration.We found that males spatially distributed their nests in groups or independently (i.e.solitary nests).Nesting groups are formed by larger males that show intense nuptial coloration during the entire receptivity period.They are located centrally to the colony and consist of 3-6 males whose territories overlap.In contrast, small solitary males that fail to acquire or maintain nuptial coloration during the receptivity period establish their nests peripherally to the colony, away from the territories of other males.Our results highlight that the reproductive benefits of colonial nesting are unequal for males, as the spatial distribution of nests within the colony determines the reproductive success of males.Group nesting confers the highest reproductive benefits to males regarding eggs obtained, hatching success, and relative fitness and also enables males to reduce their parental investment in brood care behaviors.The preference of females for oviposition could be associated with greater intrasexual competitiveness, defense ability, body condition, or experience of group-nesting males located at the center of the colony or because their progeny will have a lower probability of predation than they would in solitary nests males."
https://openalex.org/W4385782769,https://doi.org/10.7287/peerj.15804v0.3/reviews/1,"Peer Review #1 of ""Reproductive benefits and reduced investment in parental care behavior associated with reproductive groups of males in Abudefduf troschelii (v0.3)""",2023,2023-08-07,,,0,True,https://peerj.com/articles/15804v0.3/submission,cites_W4214734077,a lower probability of predation than they would in solitary nests males.
https://openalex.org/W4385782812,https://doi.org/10.7287/peerj.15804v0.3/reviews/2,"Peer Review #2 of ""Reproductive benefits and reduced investment in parental care behavior associated with reproductive groups of males in Abudefduf troschelii (v0.3)""",2023,2023-08-07,,,0,True,http://dx.doi.org/10.7287/peerj.15804v0.3/reviews/2,cites_W4214734077,"Fishes of the family Pomacentridae present a wide diversity of mating systems, ranging from polygyny to promiscuity and from individual territorial defense to the establishment of reproductive colonies of males.The damselfish species Abudefduf troschelii has a reproductive colony mating system, in which males temporarily aggregate in reproductive areas to court and attract females.Males defend an individual territory where they receive eggs and perform paternal care behaviors for their offspring.The present study evaluated the advantages of the colonial mating system in A. troschelii.During an entire reproductive period, in a breeding colony within a rocky reef, we located, marked, geo-referenced, and measured the distances between the territories of all males.We quantified the variance among males in their patterns of paternal care investment, eggs acquired, hatching success, reproductive success, body size, and changes in body coloration.We found that males spatially distributed their nests in groups or independently (i.e.solitary nests).Nesting groups are formed by larger males that show intense nuptial coloration during the entire receptivity period.They are located centrally to the colony and consist of 3-6 males whose territories overlap.In contrast, small solitary males that fail to acquire or maintain nuptial coloration during the receptivity period establish their nests peripherally to the colony, away from the territories of other males.Our results highlight that the reproductive benefits of colonial nesting are unequal for males, as the spatial distribution of nests within the colony determines the reproductive success of males.Group nesting confers the highest reproductive benefits to males regarding eggs obtained, hatching success, and relative fitness and also enables males to reduce their parental investment in brood care behaviors.The preference of females for oviposition could be associated with greater intrasexual competitiveness, defense ability, body condition, or experience of group-nesting males located at the center of the colony or because their progeny will have a lower probability of predation than they would in solitary nests males."
https://openalex.org/W4385782845,https://doi.org/10.7287/peerj.15804v0.3/reviews/4,"Peer Review #4 of ""Reproductive benefits and reduced investment in parental care behavior associated with reproductive groups of males in Abudefduf troschelii (v0.3)""",2023,2023-08-07,,,0,True,http://dx.doi.org/10.7287/peerj.15804v0.3/reviews/4,cites_W4214734077,"Fishes of the family Pomacentridae present a wide diversity of mating systems, ranging from polygyny to promiscuity and from individual territorial defense to the establishment of reproductive colonies of males.The damselfish species Abudefduf troschelii has a reproductive colony mating system, in which males temporarily aggregate in reproductive areas to court and attract females.Males defend an individual territory where they receive eggs and perform paternal care behaviors for their offspring.The present study evaluated the advantages of the colonial mating system in A. troschelii.During an entire reproductive period, in a breeding colony within a rocky reef, we located, marked, geo-referenced, and measured the distances between the territories of all males.We quantified the variance among males in their patterns of paternal care investment, eggs acquired, hatching success, reproductive success, body size, and changes in body coloration.We found that males spatially distributed their nests in groups or independently (i.e.solitary nests).Nesting groups are formed by larger males that show intense nuptial coloration during the entire receptivity period.They are located centrally to the colony and consist of 3-6 males whose territories overlap.In contrast, small solitary males that fail to acquire or maintain nuptial coloration during the receptivity period establish their nests peripherally to the colony, away from the territories of other males.Our results highlight that the reproductive benefits of colonial nesting are unequal for males, as the spatial distribution of nests within the colony determines the reproductive success of males.Group nesting confers the highest reproductive benefits to males regarding eggs obtained, hatching success, and relative fitness and also enables males to reduce their parental investment in brood care behaviors.The preference of females for oviposition could be associated with greater intrasexual competitiveness, defense ability, body condition, or experience of group-nesting males located at the center of the colony or because their progeny will have a lower probability of predation than they would in solitary nests males."
https://openalex.org/W4385782846,https://doi.org/10.7287/peerj.15804v0.1/reviews/3,"Peer Review #3 of ""Reproductive benefits and reduced investment in parental care behavior associated with reproductive groups of males in Abudefduf troschelii (v0.1)""",2023,2023-08-07,,,0,True,http://dx.doi.org/10.7287/peerj.15804v0.1/reviews/3,cites_W4214734077,"Fishes of the family Pomacentridae present a wide diversity of mating systems, ranging from polygyny to promiscuity and from individual territorial defense to the establishment of reproductive colonies of males.The damselfish species Abudefduf troschelii has a reproductive colony mating system, in which males temporarily aggregate in reproductive areas to court and attract females.Males defend an individual territory where they receive eggs and perform paternal care behaviors for their offspring.The present study evaluated the advantages of the colonial mating system in A. troschelii.During an entire reproductive period, in a breeding colony within a rocky reef, we located, marked, geo-referenced, and measured the distances between the territories of all males.We quantified the variance among males in their patterns of paternal care investment, eggs acquired, hatching success, reproductive success, body size, and changes in body coloration.We found that males spatially distributed their nests in groups or independently (i.e.solitary nests).Nesting groups are formed by larger males that show intense nuptial coloration during the entire receptivity period.They are located centrally to the colony and consist of 3-6 males whose territories overlap.In contrast, small solitary males that fail to acquire or maintain nuptial coloration during the receptivity period establish their nests peripherally to the colony, away from the territories of other males.Our results highlight that the reproductive benefits of colonial nesting are unequal for males, as the spatial distribution of nests within the colony determines the reproductive success of males.Group nesting confers the highest reproductive benefits to males regarding eggs obtained, hatching success, and relative fitness and also enables males to reduce their parental investment in brood care behaviors.The preference of females for oviposition could be associated with greater intrasexual competitiveness, defense ability, body condition, or experience of group-nesting males located at the center of the colony or because their progeny will have a lower probability of predation than they would in solitary nests males."
https://openalex.org/W4385782954,https://doi.org/10.7287/peerj.15804v0.1/reviews/2,"Peer Review #2 of ""Reproductive benefits and reduced investment in parental care behavior associated with reproductive groups of males in Abudefduf troschelii (v0.1)""",2023,2023-08-07,,,0,True,http://dx.doi.org/10.7287/peerj.15804v0.1/reviews/2,cites_W4214734077,"Fishes of the family Pomacentridae present a wide diversity of mating systems, ranging from polygyny to promiscuity and from individual territorial defense to the establishment of reproductive colonies of males.The damselfish species Abudefduf troschelii has a reproductive colony mating system, in which males temporarily aggregate in reproductive areas to court and attract females.Males defend an individual territory where they receive eggs and perform paternal care behaviors for their offspring.The present study evaluated the advantages of the colonial mating system in A. troschelii.During an entire reproductive period, in a breeding colony within a rocky reef, we located, marked, geo-referenced, and measured the distances between the territories of all males.We quantified the variance among males in their patterns of paternal care investment, eggs acquired, hatching success, reproductive success, body size, and changes in body coloration.We found that males spatially distributed their nests in groups or independently (i.e.solitary nests).Nesting groups are formed by larger males that show intense nuptial coloration during the entire receptivity period.They are located centrally to the colony and consist of 3-6 males whose territories overlap.In contrast, small solitary males that fail to acquire or maintain nuptial coloration during the receptivity period establish their nests peripherally to the colony, away from the territories of other males.Our results highlight that the reproductive benefits of colonial nesting are unequal for males, as the spatial distribution of nests within the colony determines the reproductive success of males.Group nesting confers the highest reproductive benefits to males regarding eggs obtained, hatching success, and relative fitness and also enables males to reduce their parental investment in brood care behaviors.The preference of females for oviposition could be associated with greater intrasexual competitiveness, defense ability, body condition, or experience of group-nesting males located at the center of the colony or because their progeny will have a lower probability of predation than they would in solitary nests males."
https://openalex.org/W4385782955,https://doi.org/10.7287/peerj.15804v0.2/reviews/4,"Peer Review #4 of ""Reproductive benefits and reduced investment in parental care behavior associated with reproductive groups of males in Abudefduf troschelii (v0.2)""",2023,2023-08-07,,,0,True,http://dx.doi.org/10.7287/peerj.15804v0.2/reviews/4,cites_W4214734077,"Fishes of the family Pomacentridae present a wide diversity of mating systems, ranging from polygyny to promiscuity and from individual territorial defense to the establishment of reproductive colonies of males.The damselfish species Abudefduf troschelii has a reproductive colony mating system, in which males temporarily aggregate in reproductive areas to court and attract females.Males defend an individual territory where they receive eggs and perform paternal care behaviors for their offspring.The present study evaluated the advantages of the colonial mating system in A. troschelii.During an entire reproductive period, in a breeding colony within a rocky reef, we located, marked, geo-referenced, and measured the distances between the territories of all males.We quantified the variance among males in their patterns of paternal care investment, eggs acquired, hatching success, reproductive success, body size, and changes in body coloration.We found that males spatially distributed their nests in groups or independently (i.e.solitary nests).Nesting groups are formed by larger males that show intense nuptial coloration during the entire receptivity period.They are located centrally to the colony and consist of 3-6 males whose territories overlap.In contrast, small solitary males that fail to acquire or maintain nuptial coloration during the receptivity period establish their nests peripherally to the colony, away from the territories of other males.Our results highlight that the reproductive benefits of colonial nesting are unequal for males, as the spatial distribution of nests within the colony determines the reproductive success of males.Group nesting confers the highest reproductive benefits to males regarding eggs obtained, hatching success, and relative fitness and also enables males to reduce their parental investment in brood care behaviors.The preference of females for oviposition could be associated with greater intrasexual competitiveness, defense ability, body condition, or experience of group-nesting males located at the center of the colony or because their progeny will have a lower probability of predation than they would in solitary nests males."
https://openalex.org/W4387021376,https://doi.org/10.1093/obo/9780199941728-0150,Mating Tactics and Strategies,2023,2023-09-25,,Stephen M. Shuster; Michael Wade,0,False,,cites_W4214734077,"Alternative mating tactics and strategies are sex-limited reproductive polyphenisms and polymorphisms. They appear as discontinuous distributions of behavioral, developmental, or morphological traits, expressed among the members of one sex, and they occur within the context of reproductive competition. Polymorphic mating phenotypes are usually found in species in which sexual selection is strong, that is, in species in which the variance in fitness within one or both sexes is large. Polyphenisms and polymorphisms tend to be more obvious in the sex with greater variance in fitness. Thus, like many sexually selected traits, alternative mating tactics and strategies are expressed more often in males than in females, although polymorphic females also exist, especially when variance in female fitness is large. While classification schemes vary, alternative mating “tactics” usually describe flexible behavioral or developmental phenotypes that may change over brief periods of time, whereas alternative mating “strategies” generally describe less flexible morphological traits. The tactic-strategy dichotomy appears to have been identified to capture observed variation in behavior vis-à-vis morphology as studies documenting mating polymorphisms began to accumulate, and to stimulate future research. However, this typological framework has led to vigorous debate about whether genetic variation underlies observed polymorphic phenotypes and the nature of the evolutionary processes by which these polymorphisms may persist in the wild. Although the tactics-strategy dichotomy persists in even the most recent literature, accumulating results suggest that the range of mating polymorphisms, while variable in the circumstances in which they are favored, as well as in the timing and reversibility of their expression, are shaped by similar evolutionary processes, notably, negative frequency dependent selection; that is, when one tactic or strategy becomes common, the alternative has a fitness advantage. This article first considers fundamental literature describing mating polymorphisms beginning with observations by Darwin and his contemporaries. It then identifies books and collections of literature in which the subject of mating polymorphism and sex-specific polyphenisms are considered at length or with high frequency. Based on this framework, it next outlines contributions to these conceptual frameworks that have arisen to explain what mating polymorphisms are, why they exist, and how they persist. Lastly, it surveys contributions focused on the inheritance, expression, and evolution of mating polymorphisms, as well as specific considerations relating to active areas of current research."
https://openalex.org/W4391617490,https://doi.org/10.1101/2024.02.01.578518,Effects of inbreeding and elevated rearing temperatures on strategic sperm production,2024,2024-02-07,bioRxiv (Cold Spring Harbor Laboratory),Meng‐Han Joseph Chung; Md Mahmud-Al-Hasan; Michael D. Jennions; Megan L. Head,0,True,https://www.biorxiv.org/content/biorxiv/early/2024/02/07/2024.02.01.578518.full.pdf,cites_W4214734077,"Abstract Males often strategically modify their rate of sperm production based on the social context, but it remains unclear how environmental and genetic factors shape this plasticity. In freshwater ecosystems, high ambient temperatures often lead to isolated pools of hotter water in which inbreeding occurs. Higher water temperatures and inbreeding can impair fish development, potentially disrupting sperm production. We used guppies ( Poecilia reticulata ) to investigate how developmental temperature (26 °C or 30 °C) and male inbreeding status (inbred, outbred) influence sperm production in the absence or presence of a female (i.e., sperm priming response). We also tested if sperm priming was affected by whether the female was a relative (sister), and whether she was inbred or outbred. A higher rearing temperature had no effect on the rate of sperm production or the priming response. Inbred males produced significantly more sperm in the presence of an unrelated, outbred female than when no female was present. Conversely, outbred males did not alter sperm production in response to female presence or relatedness. In addition, inbred males showed marginally greater sperm production when exposed to an unrelated female that was outbred rather than inbred, but no difference when exposed to an inbred female that was unrelated versus related. Together, only inbred males increased sperm production in response to the presence of a female, but this depended on her being outbred. This suggests stronger sexual selection on inbred males to allocate ejaculate resources, perhaps due to greater benefits when mating with outbred females in better condition."
https://openalex.org/W4398170513,https://doi.org/10.1007/s00227-024-04452-z,Tactic-specific locomotion for ejaculation of an externally fertilising marine fish,2024,2024-05-21,Marine Biology,Kazutaka Ota,0,False,,cites_W4214734077,
https://openalex.org/W4402660283,https://doi.org/10.1101/2024.09.12.612586,Towards explaining the fertility gap in farmed Pekin ducks,2024,2024-09-17,bioRxiv (Cold Spring Harbor Laboratory),Cammy Beyts; Jonathan Wright; Yimen G. Araya‐Ajoy; Kellie Watson,0,True,https://www.biorxiv.org/content/biorxiv/early/2024/09/17/2024.09.12.612586.full.pdf,cites_W4214734077,"Abstract Maximising reproductive success is crucial to animal production systems, particularly in meeting global demands for animal products and improving commercially important traits. However, while social interactions and mating strategies are known to influence reproductive success in wild populations, their consideration in agricultural systems remains limited. Using an interdisciplinary framework that combines concepts from behavioural ecology and quantitative genetics in an animal breeding context, we investigated the role of sperm limitation and polygynous mating strategies (female polyandry, male monopolisation of females and male polygamy) in limiting female reproductive success in farmed Pekin ducks ( Anas platyrthynchos domestica ). We assessed the impact of these behaviours on chick production and quantified their genetic and environmental (co)variance. Our results revealed that the number of dam mates positively influenced chick production in female ducks. However, contrary to our expectation, skew in chick paternity (our measure of male monopolisation) was associated with increased female chick production, challenging the hypothesis that male monopolisation limits the sperm available to females and reduces their reproductive success. We found no evidence that male polygamy led to decreased female chick production. Genetic analysis revealed that female mate number and reproductive skew exhibit genetic variance, providing opportunities for targeted selection to enhance chick production. However, there was a negative genetic association between female polyandry and skew in chick paternity, suggesting a trade-off between these traits that would need to be considered in future selection programmes. Our findings highlight how concepts from behavioural ecology can be incorporated into breeding programmes, providing new opportunities to develop effective and sustainable breeding strategies."
https://openalex.org/W4412862148,https://doi.org/10.1002/oik.11505,Male mate‐choice copying: a neglected aspect of sexual selection,2025,2025-08-02,Oikos,Kimberley Hanna; Ally R. Harari; Inon Scharf,0,True,https://doi.org/10.1002/oik.11505,cites_W4214734077,"Mate‐choice copying occurs when the choices of others influence an individual's mating preferences. While this behavior has been observed across various species, most research has focused on female copying behavior. However, male mate‐choice copying warrants independent attention due to the distinct benefits and costs it entails for males compared to females. Male mate‐choice copying may confer advantages, such as reducing the risk of costly mistakes by relying on the mate choices of others, conserving time and energy spent on mate searching, and increasing the likelihood of securing a high‐quality female mate. However, potential downsides include the risk of female rejection, intensified sperm competition, and the cost of missed opportunities. This review explores the scope of male mate‐choice copying, the conditions under which it occurs, and its associated benefits and costs. Additionally, it highlights the need for further research, particularly in species with high reproductive costs or those exhibiting last‐sperm precedence."
https://openalex.org/W4413298363,https://doi.org/10.1016/j.anbehav.2025.123291,Reduced male pheromone production and an increased female sex ratio promote same-sex sexual behaviour in male Indian meal moths,2025,2025-08-18,Animal Behaviour,Erika Kupyrova; Liam R. Dougherty; Tabitha Beesley; Zenobia Lewis,0,True,https://doi.org/10.1016/j.anbehav.2025.123291,cites_W4214734077,"Same-sex sexual behaviours (SSSBs) are often deemed detrimental to fitness because they carry the same costs as sexual interactions with the opposite sex without the reproductive benefits. Multiple theories have therefore been proposed to explain the presence of this phenomenon in many animal species. For example, the mistaken identity hypothesis suggests that SSSBs result from inaccurate sex recognition, either due to a disruption in sexual signalling or because of an indiscriminate mating strategy by members of one sex. We tested whether the frequency of male SSSBs is dependent on male pheromone production by hair pencils, the adult sex ratio and sexual selection history in the Indian meal moth, Plodia interpunctella . Increased sexual selection on males may increase the costs of inaccurate sex recognition and therefore reduce the number of SSSBs. We found that the frequency of SSSBs was highest when arenas contained at least one female. We also found that males missing at least one hair pencil were more likely to receive at least one mating attempt from a rival male. The sexual selection history of a male's population did not affect the frequency of SSSBs. This result suggests that male sex pheromones are important for sex identification in this species, at least at close range, and can influence behaviour in the context of mating and sexual selection. Our findings also contribute to the growing number of studies showing that the expression of SSSBs is dependent on the social environment and may be an unintended outcome of a promiscuous male mating system, combined with poor close-range sex recognition."
https://openalex.org/W4414438642,https://doi.org/10.1016/j.therwi.2025.100138,"Characterization of semen of Baryancistrus xanthellus Rapp Py-Daniel, Zuanon & Ribeiro de Oliveira, 2011 (Siluriformes, Loricariidae), an endemic catfish species from the Xingu River, Pará, Brazil",2025,2025-01-01,Theriogenology Wild,Fábio José Torres de Barros; George Shigueki Yasui; Alice Xavier Soares; Eris de Paula Amorim; Thaís Pereira Nascimento; Marina Pereira da Silva; Michel Martins Bandeira; Edilberto Leonardo Costa Rodrigues; Thaís da Silva Lopes; Leandro Melo de Sousa,0,True,https://doi.org/10.1016/j.therwi.2025.100138,cites_W4214734077,"Baryancistrus xanthellus is an endemic species of the Xingu River, known as “Gold Nugget Pleco”. Its color pattern arouses interest in the aquarium fish trade, making this species highly valued in the global market. Its natural populations suffer ecological impacts due to overfishing and environmental changes especially by the Belo Monte Hydroelectric Power Plant. Despite its economic and ecological relevance, conservation efforts including, artificial breeding, becomes necessary, although no record of artificial breeding. The objective of this study is to analyze the sperm characteristics of wild-caught Baryancistrus xanthellus to support ex-situ conservation strategies and facilitate the development of technologies and studies related to the species' reproduction. For this purpose, 10 adult mature males (weight 315.3 ± 17.48 g; standard length 23.06 ± 0.69 cm) were collected during the spawning season (October 2022 to February 2023). Seminal samples were collected without hormonal treatment for using a 1000-µm pipette in the urogenital papillae, and immediately diluted in immobilizing solution. Sperm activation achieved by a 11-fold dilution using distilled water, and motility analysis was conducted using computer-assisted sperm analysis (CASA) from video sequences obtained from the microscope. Data were analyzed considering the significance value of P < 0.05 , with ANOVA succeeded by Pearson’s correlation test. Surprisingly, the species presented motility duration of 424.80 ± 278.40 s, with a significant decrease on motility after 180 s. Negative correlations were observed between sperm abnormalities, motility and kinetic patterns. However, abnormalities in the midpiece of spermatozoa seem to impair the percentage motile spermatozoa. Males released 75.00 ± 60.09 µL of semen and sperm concentration was 1.10 ± 0.93 × 10 7 sptz.mL −1 . Our study demonstrated that it is possible to collect semen from wild-caught Baryancistrus xanthellus during spawning season, and no hormonal treatment is necessary. A progressive motility of long duration was observed in the species, suggesting good fertilization capacity. All the results showed above are innovative, and the first step for future conservation efforts including germplasm conservation and subsequent in vitro fertilization."
https://openalex.org/W4416872851,https://doi.org/10.1371/journal.pone.0337846,Post-copulatory competition in a social monogamy system: Sperm morphology correlates with components of reproductive success,2025,2025-12-01,PLoS ONE,Carly E. Hawkins; Thomas P. Hahn; Jessica L. Malisch; Gail L. Patricelli,0,True,https://journals.plos.org/plosone/article/file?id=10.1371/journal.pone.0337846&type=printable,cites_W4214734077,"Males in socially monogamous species can achieve reproductive success through multiple tactics- by defending paternity within the social nest and siring extra-pair offspring, or both. Previous studies have found that sperm morphology may differentially affect fertilization success in extra-pair compared to within-pair matings; therefore, we explored whether sperm morphological traits can predict the probability of success within components of reproductive success. Here, we measured sperm component traits (head length and flagellum length) and derived traits (total length and flagellum:head ratio) in free-living Mountain White-crowned Sparrows (Zonotrichia leucophrys oriantha) and examined how these morphological traits relate to extra-pair and within-pair reproductive components of reproductive success. We found no evidence for correlations between sperm morphology and total seasonal reproductive success. However, we did find that sperm morphology appeared to be associated with whether a male was successful at acquiring extra-pair offspring or defending his own paternity within his nest: males that achieved extra-pair success had longer flagella and longer total length of sperm cells compared to males that did not sire outside of their social nest. In contrast, males that successfully defended all paternity within their social nest tended to have shorter heads and larger flagellum:head ratios compared to males that lost paternity in their social nest. While these patterns suggest that different sperm traits may be linked to success in different components of reproductive success, they should be interpreted with caution given the exploratory nature of this study and limited sample size, and further investigation is warranted."
https://openalex.org/W7126239511,https://doi.org/10.1093/evolut/qpag016,Specialization of male reproductive tactics corresponds with large gonads and small brains,2026,2026-01-31,Evolution,Helen Stec; Grace Y. Zhang; Ben A Sandkam,0,True,https://doi.org/10.1093/evolut/qpag016,cites_W4214734077,"Sexual selection has strong effects on gonad size, which has been proposed to shift energetic allocations, resulting in concomitant decreases in brain size. However, mixed findings leave it unclear whether negative correlations reflect direct energetic trade-offs or selection on trait combinations broadly. We tested whether male reproductive tactics impose energetic trade-offs by comparing brain and gonad sizes in Poecilia parae, a fish with discrete alternative male morphs specializing in three reproductive strategies: coercion, display, and sneaking. The obligate sneaker morph had substantially larger gonads and smaller brains than the other morphs, consistent with an energetic trade-off. However, examining individuals within morphs revealed a positive relationship, contradicting the energetic trade-off hypothesis. To resolve which morphs reflect the ancestral tissue state, we also compared gonad and brain sizes of the morphs to two closely related species whose males utilize more flexible reproductive strategies, Poecilia picta and Poecilia reticulata. Again, the P. parae obligate sneaker morph had the largest gonads and the smallest brains. Neuron-to-glia ratio (a proxy for energetic demands) showed no link to gonad size. Our results suggest that reproductive strategies shape brain evolution through correlational selection rather than direct energetic trade-offs, challenging assumptions that sexually selected traits impose constraints through direct resource allocation."
https://openalex.org/W7127345329,https://doi.org/10.1016/j.jtherbio.2026.104550,Thermal adaptation of energy allocation and reproduction during aestivation in northern and southern populations of western sand lance (Ammodytes japonicus),2026,2026-08-01,Journal of Thermal Biology,Michio Yoneda; Noriko Amiya; Tatsuo Tsuzaki; Masahiro Nakamura; Masanori Takahashi; Naoaki Kono; Takeshi Tomiyama,0,True,https://doi.org/10.1016/j.jtherbio.2026.104550,cites_W4214734077,"Understanding how thermal environments affect energy allocation and reproduction is critical for predicting species responses to climate change. The western sand lance (Ammodytes japonicus) is a small cold-water fish distributed from the warm Seto Inland Sea (southern population) to the cooler Sendai Bay (northern population) in Japan. This species undergoes summer dormancy (aestivation) by burrowing into sandy substrates and ceasing feeding. Under three controlled summer temperature regimes (23 °C, ambient, and 28 °C), we examined lipid and protein consumption, and reproductive traits in males and females from both populations. Lipid content declined markedly under high temperatures in both populations. Even under identical summer temperature conditions, total energy reserves declined more in northern fish (56%) than in southern fish (46%). Protein content remained consistently higher in southern individuals throughout the experiment. During the spawning season, the southern population showed greater gamete production efficiency than their northern counterparts. Specifically, southern females produced approximately 2.2 times more oocytes per unit of energy, despite having slightly smaller yolk volume of ovulated eggs (84% of northern values). These findings indicate that the southern population exhibits a different pattern of reproductive energy allocation, producing more gametes per unit of consumed energy during aestivation. In contrast, although the northern population stored more lipids, it experienced greater energy loss and lower reproductive output per unit of consumed energy under elevated temperatures. These differences may explain the recent population collapse of the northern population and highlight potential vulnerability to ongoing ocean warming."
https://openalex.org/W7154525391,https://doi.org/10.1038/s41598-026-43947-1,Casein genotypes associate with baseline and dynamic regression components of seminal quality in Murciano-Granadina bucks,2026,2026-04-15,Scientific Reports,María Peláez Caro; Ander Arando Arbulu; José Manuel León Jurado; Juan Vicente Delgado Bermejo; Javier Fernández Álvarez; Francisco Javier Navas González,0,True,https://www.nature.com/articles/s41598-026-43947-1.pdf,cites_W4214734077,"This study examined associations between αS1- and κ-casein genotypes and baseline and dynamic regression components of semen quality in Murciano-Granadina bucks using cubic regression models applied to 6,868 ejaculates collected over 10 years, with age at sperm collection as the time axis. Regression decomposition into baseline (b0), linear (b1), curvature (b2), and cubic tren (b3) coefficients enabled quantification of static trait levels and age-dependent dynamics, revealing substantial coefficient variability. For αS1-casein, genotype was associated with baseline progressive motility and total added semen volume (p < 0.05), with moderate to large discriminant effects for progressive motility (ηp2 = 0.277, 95% CI 0.03–0.48) and curvature-related motility and Acrosome Integrity/Intact acrosomes components (ηp2 = 0.212–0.245), indicating genotype-related differences in modeled semen quality rather than direct fertility effects. In contrast, κ-casein genotypes showed predominantly small to moderate effects, mainly related to ejaculate volume dynamics and baseline sperm concentration (ηp2 = 0.131–0.138), while most other components were negligible. Cubic terms captured subtle non-linear trajectories, particularly for sperm concentration and endosmosis, highlighting their relevance for long-term trait stability. Discriminant analyses indicated model-based separation of αS1–κ genotype combinations, with EE–AA (n = 1) and BE–AA (n = 3) aligning with higher sperm motility, concentration, and favorable membrane-integrity responses, whereas BB–BB (n = 3) aligned with higher semen volume and lower quality traits. Validation procedures were method-specific. CDA using leave-one-out cross-validation showed stronger discrimination for αS1-casein (74.03%) than κ-casein (64.94%), driven by perfect classification of the dominant BE genotype and substantial misclassification of rarer genotypes, whereas CHAID using 10-fold cross-validation showed moderate predictive performance with lower risk for αS1-casein (0.325, SE = 0.074; accuracy = 67.53%) than κ-casein (0.429, SE = 0.079; accuracy = 57.14%). Press’ Q statistics confirmed that classification accuracy for both genotypes exceeded chance expectation across methods (CDA: αS1-casein Q = 182.40, κ-casein Q = 34.60; CHAID: αS1-casein Q = 143.44, κ-casein Q = 19.64; p < 0.05), with consistently stronger discrimination for αS1-casein genotypes. Overall, baseline and dynamic regression components capture biologically relevant, exploratory associations between casein polymorphisms and semen quality dynamics, supporting their integration into genomics-informed reproductive management strategies."
https://openalex.org/W7162079034,https://doi.org/10.1016/j.aqrep.2026.103675,Paternal strategies in social hierarchy: A comprehensive study on ranked bioenergetic investment and its influence on sperm quality in Nile tilapia (Oreochromis niloticus),2026,2026-05-23,Aquaculture Reports,Deepali Rahi Roy; Aleš Tomčala; Sebastian Pötzsch; Annekathrin M. Keiler; Sivaramasamy Elayaraja; Tram Nguyen Thi; Vlastimil Stejskal; Frank Pfennig,0,True,https://doi.org/10.1016/j.aqrep.2026.103675,cites_W4214734077,"Nile tilapia ( Oreochromis niloticus ) maintains a stable and long-term social hierarchy in breeding tanks where the dominant male (DM) aggressively competes with subordinate males (SM) for access to the spawning site and the spawning female. An intermediate rank between DM and SM i.e. ascendant male (AM), was identified and categorized. Within this three-tiered hierarchy, we examined a rank-bioenergetic relationship to determine the group-wise energetic investment in reproductive versus metabolic functions and their implications on sperm quality. We analyzed sperm motility kinetics, fatty acids, amino acids, and ATP and its derivatives composition in DM, AM, and SM. Additionally, fatty acid composition along the brain-liver-testes axis, ATP and its derivatives in muscles, body morphometrics, and plasma hormone concentration were assessed. Sperm volume, gonadosomatic index (GSI), testes weight, and testosterone levels were significantly higher in DM than in SM. Among this, testes weight, GSI, and testosterone levels of DM were comparable to AM and collectively differed from SM. No significant difference in sperm kinetics, body morphometrics, and ATP levels in muscle and sperm was found. These results, together with analytical and effect size analysis for fatty acid, amino acid, and energy derivatives of sperm from all hierarchies confirmed our hypothesis that DM and AM preferentially allocate energy towards reproductive function, whereas SM conserve energy, maintaining sperm at a basal physiological level with energetic readiness. Moreover, distinct energy allocation strategies were evident: DM primarily relied on lipid reserves, while AM exhibited elevated levels of specific amino acids, indicating context-dependent metabolic pathways underlying reproductive investment."
https://openalex.org/W3092898346,https://doi.org/10.1098/rstb.2020.0074,Sperm competition and fertilization mode in fishes,2020,2020-10-18,Philosophical Transactions of the Royal Society B Biological Sciences,John L. Fitzpatrick,71,True,https://doi.org/10.1098/rstb.2020.0074,cites_W3093437048,"Sperm competition is a powerful selective force that has shaped sexual traits throughout animal evolution. Yet, how fertilization mode (i.e. external versus internal fertilization) influences the scope and potential for sperm competition to act on ejaculates remains unclear. Here, I examine how fertilization mode shapes ejaculatory responses to sperm competition in fishes, a diverse group that constitute the majority of vertebrate biological diversity. Fishes are an ideal group for this examination because they exhibit a wide range of reproductive behaviours and an unparalleled number of transitions in fertilization mode compared to any other vertebrate group. Drawing on data from cartilaginous and bony fishes, I first show that rates of multiple paternity are higher in internally than externally fertilizing fishes, contrary to the prevailing expectation. I then summarize how sperm competition acts on sperm number and quality in internally and externally fertilizing fishes, highlighting where theoretical predictions differ between these groups. Differences in how ejaculates respond to sperm competition between fertilization modes are most apparent when considering sperm size and swimming performance. Clarifying how fertilization mode influences evolutionary responses in ejaculates will inform our understanding of ejaculate evolution across the animal tree of life. This article is part of the theme issue 'Fifty years of sperm competition'."
https://openalex.org/W3200041587,https://doi.org/10.1016/j.anireprosci.2021.106844,What is the importance of sperm subpopulations?,2021,2021-09-11,Animal Reproduction Science,Felipe Martínez‐Pastor,34,True,https://doi.org/10.1016/j.anireprosci.2021.106844,cites_W3093437048,"The study of sperm subpopulations spans three decades. The origin, meaning, and practical significance, however, are less clear. Current technology for assessing sperm morphology (CASA-Morph) and motility (CASA-Mot) has enabled the accurate evaluation of these features, and there are many options for data classification. Subpopulations could occur as a result of the stage of development of each spermatozoon in the subpopulation. Spermatogenesis might contribute to the production of these subpopulations. Insights from evolutionary biology and recent molecular research are indicative of the diversity among male gametes that could occur from unequal sharing of transcripts and other elements through cytoplasmic bridges between spermatids. Sperm cohorts exiting the gonads would contain different RNA and protein contents, affecting the spermatozoon physiology and associations with the surrounding environmental milieu. Subsequently, these differences could affect how spermatozoa interact with the environmental milieu (maturation, mixing with seminal plasma, and interacting with the environmental milieu, or female genital tract and female gamete). The emergence of sperm subpopulations as an outcome of evolution, related to the reproductive strategies of the species, genital tract structures, and copulatory and fertilization processes. This kind of approach in determining the importance of sperm subpopulations in fertilization capacity should have a practical impact for conducting reproductive technologies, inspiring and enabling new ways for the more efficient use of spermatozoa in the medical, animal breeding, and conservation fields. This manuscript is a contribution to the Special Issue in memory of Dr. Duane Garner."
https://openalex.org/W4393227647,https://doi.org/10.1098/rsos.231226,Ultimate drivers of forced extra-pair copulations in birds lacking a penis: jackdaws as a case-study,2024,2024-03-01,Royal Society Open Science,Rebecca Hooper; Kathryn H. Maher; Karen Moore; Guillam E. McIvor; David J. Hosken; Alex Thornton,10,True,https://royalsocietypublishing.org/doi/pdf/10.1098/rsos.231226,cites_W3093437048,"Forced copulation is common, presumably because it can increase male reproductive success. Forced extra-pair copulation (FEPC) occurs in birds, even though most species lack a penis and are widely thought to require female cooperation for fertilization. How FEPC persists, despite a presumed lack of siring success and likely non-negligible costs to the male, is unknown. Using the jackdaw ( Corvus monedula ) as a case study, we use SNPs to quantify the extra-pair paternity rate through FEPC and evaluate explanations for the persistence of FEPC in species without a penis. We then collate evidence for FEPC across penis-lacking birds. Combining genetic and behavioural analyses, our study suggests that the most likely explanations for the maintenance of FEPC in jackdaws are that it provides a selective advantage to males or it is a relic. Our literature review shows that across birds lacking a penis, FEPC is taxonomically widespread, and yet, little is known about its evolution. A broader implementation of the approach used here, combining both genetic and behavioural data, may shed light on why this widespread sexual behaviour persists. Additional work is necessary to understand whether a penis is needed for paternity through forced copulation and to quantify the costs of FEPC."
https://openalex.org/W4380202177,https://doi.org/10.1016/j.anbehav.2023.05.011,"Sperm allocation in relation to male–male aggression and courtship in an externally fertilizing fish, the medaka",2023,2023-06-10,Animal Behaviour,Yuki Kondo; Masanori Kohda; Yasunori Koya; Satoshi Awata,9,False,,cites_W3093437048,
https://openalex.org/W4389681639,https://doi.org/10.1098/rsos.231427,"Pre-fertilization gamete thermal environment influences reproductive success, unmasking opposing sex-specific responses in Atlantic salmon ( Salmo salar )",2023,2023-12-01,Royal Society Open Science,Marco Graziano; Monica F. Solberg; Kevin A. Glover; Ramakrishnan Vasudeva; Lise Dyrhovden; David Murray; Simone Immler; Matthew J. G. Gage,9,True,https://doi.org/10.1098/rsos.231427,cites_W3093437048,"The environment gametes perform in just before fertilization is increasingly recognized to affect offspring fitness, yet the contributions of male and female gametes and their adaptive significance remain largely unexplored. Here, we investigated gametic thermal plasticity and its effects on hatching success and embryo performance in Atlantic salmon ( Salmo salar ). Eggs and sperm were incubated overnight at 2°C or 8°C, temperatures within the optimal thermal range of this species. Crosses between warm- and cold-incubated gametes were compared using a full-factorial design, with half of each clutch reared in cold temperatures and the other in warm temperatures. This allowed disentangling single-sex interaction effects when pre-fertilization temperature of gametes mismatched embryonic conditions. Pre-fertilization temperature influenced hatch timing and synchrony, and matching sperm and embryo temperatures resulted in earlier hatching. Warm incubation benefited eggs but harmed sperm, reducing the hatching success and, overall, gametic thermal plasticity did not enhance offspring fitness, indicating vulnerability to thermal changes. We highlight the sensitivity of male gametes to higher temperatures, and that gamete acclimation may not effectively buffer against deleterious effects of thermal fluctuations. From an applied angle, we propose the differential storage of male and female gametes as a tool to enhance sustainability within the hatcheries."
https://openalex.org/W4362584763,https://doi.org/10.1002/ece3.9970,Sperm competition experiments reveal low prezygotic postmating isolation between parasitic and nonparasitic lamprey ecotypes,2023,2023-04-01,Ecology and Evolution,Nolwenn Decanter; Romane Normand; A. Souissi; Catherine Labbé; Éric Édeline; Guillaume Evanno,7,True,https://onlinelibrary.wiley.com/doi/pdfdirect/10.1002/ece3.9970,cites_W3093437048,"Abstract The role of postmating sexual selection as a potential reproductive barrier in speciation is not well understood. Here, we studied the effects of sperm competition and cryptic female choice as putative postmating barriers in two lamprey ecotypes with a partial reproductive isolation. The European river lamprey Lampetra fluviatilis is anadromous and parasitic of other fish species, whereas the brook lamprey Lampetra planeri is freshwater resident and nonparasitic. We measured sperm traits in both ecotypes and designed sperm competition experiments to test the occurrence of cryptic female choice. We also performed sperm competition experiments either at equal semen volume or equal sperm number to investigate the role of sperm velocity on fertilization success. We observed distinct sperm traits between ecotypes with a higher sperm concentration and a lower sperm velocity for L. planeri compared with L. fluviatilis. The outcomes of sperm competition reflected these differences in sperm traits, and there was no evidence for cryptic female choice irrespective of female ecotype. At equal semen volume, L. planeri males had a higher fertilization success than L. fluviatilis and vice versa at equal sperm number. Our results demonstrate that different sperm traits between ecotypes can influence the male reproductive success and thus gene flow between L. planeri and L. fluviatilis. However, postmating prezygotic barriers are absent and thus cannot explain the partial reproductive isolation between ecotypes."
https://openalex.org/W4403413208,https://doi.org/10.1098/rspb.2024.1715,Supergenes are not necessary to explain the maintenance of complex alternative phenotypes,2024,2024-10-01,Proceedings of the Royal Society B Biological Sciences,Sarah P. Flanagan; Suzanne H. Alonzo,2,True,https://royalsocietypublishing.org/rspb/article-pdf/doi/10.1098/rspb.2024.1715/1264417/rspb.2024.1715.pdf,cites_W3093437048,"Evolutionary biology aims to explain the diversity seen in nature. Evolutionary theory provides frameworks to understand how simple polymorphisms or continuous variation are maintained, but phenotypes inherited as discrete suites of quantitative traits are difficult to fit into this framework. Supergenes have been proposed as a solution to this problem-if causal genes are co-located, they can be inherited as if a single gene, thus bridging the gap between simple polymorphisms and continuous traits. We develop models to ask: how are critical supergenes for maintaining phenotypic diversity? In our simplest model, without explicit genetic architectures, three alternative reproductive morphs are maintained in many of the parameter combinations we evaluated. For these same parameter values, models with demographic stochasticity, recombination and mutation (but without explicit genetic architecture) maintained only two of these three morphs, with stochasticity determining which morphs persisted. With explicit genetic architectures, regardless of whether causal loci were co-located in a supergene or distributed randomly, this stochasticity in which morphs are maintained was reduced. Even when phenotypic variation was lost, genetic diversity was maintained. Altogether, categorical traits with polygenic bases exhibited similar evolutionary dynamics to those determined by supergenes. Our work suggests that supergenes are not the only answer to the puzzle of how discrete polygenic phenotypic variation is maintained."
https://openalex.org/W4394709657,https://doi.org/10.1098/rspb.2024.0099,Genetically identical mice express alternative reproductive tactics depending on social conditions in the field,2024,2024-03-19,Proceedings of the Royal Society B Biological Sciences,Matthew N. Zipple; Caleb C. Vogt; Michael J. Sheehan,6,True,https://pmc.ncbi.nlm.nih.gov/articles/PMC10950460/pdf/rspb.2024.0099.pdf,cites_W3093437048,"In many species, establishing and maintaining a territory is critical to survival and reproduction, and an animal's ability to do so is strongly influenced by the presence and density of competitors. Here we manipulate social conditions to study the alternative reproductive tactics displayed by genetically identical, age-matched laboratory mice competing for territories under ecologically realistic social environmental conditions. We introduced adult males and females of the laboratory mouse strain C57BL/6J into a large, outdoor field enclosure containing defendable resource zones under one of two social conditions. We first created a low-density social environment, such that the number of available territories exceeded the number of males. After males established stable territories, we introduced a pulse of intruder males and observed the resulting defensive and invasive tactics employed. In response to this change in social environment, males with large territories invested more in patrolling but were less effective at excluding intruder males as compared with males with small territories. Intruding males failed to establish territories and displayed an alternative tactic featuring greater exploration as compared with genetically identical territorial males. Alternative tactics did not lead to equal reproductive success-males that acquired territories experienced greater survival and had greater access to females."
https://openalex.org/W4226516371,https://doi.org/10.1016/bs.asb.2022.01.002,Pre-copulatory and copulatory courtship in male-dimorphic arthropods,2022,2022-01-01,Advances in the study of behavior,Bruna O. Cassettari; Glauco Machado,5,False,,cites_W3093437048,
https://openalex.org/W4399394986,https://doi.org/10.1093/beheco/arae047,Can developmental plasticity shape sexual competition and promote reproductive isolation?,2024,2024-06-04,Behavioral Ecology,Kristin Hubakk; Zachariah Wylde; Russell Bonduriansky,4,True,https://academic.oup.com/beheco/advance-article-pdf/doi/10.1093/beheco/arae047/58106879/arae047.pdf,cites_W3093437048,"Abstract Environmental factors, such as dietary nutrients, can shape the expression of developmentally plastic sexual traits in many species. However, while there has been extensive research into the developmental plasticity of sexual traits at the individual level, the broader consequences of this variation at the population scale remain poorly understood. Here, we asked whether plastic responses to the developmental environment can shape sexual competition and initiate reproductive isolation between populations. We reared neriid flies, Telostylinus angusticollis, on nutrient-rich and nutrient-poor larval diets, generating adult flies that differed in body size and secondary sexual trait expression. We then investigated sexual competition in experimental populations from each developmental environment and tested for reproductive isolation between flies from mismatched environments. We found that, compared with poor-diet populations, rich-diet populations exhibited more frequent and escalated male–male combat and more frequent mating and mate-guarding. However, we found no evidence that sexual selection was affected by the developmental environment. Mismatched female–male pairs tended to take longer to mate and rich-diet females often rejected poor-diet males, but mismatched pairs were not less likely to mate within 1 h or produce viable offspring. Our findings suggest that developmental plasticity could generate dramatic differences in sexual competition between populations and could contribute to reproductive isolation."
https://openalex.org/W4412655890,https://doi.org/10.1093/iob/obaf031,Testing for Differences in Metabolism Among Females and Dimorphic Males of Four Dung Beetle Species (Coloeoptera: Scarabaeinae),2025,2025-01-01,Integrative Organismal Biology,A T Killeffer; J. Morgan Fleming; Anchal Padukone; Nathan Duerr; Katherine Reed; J Merizalde-Toro; Katie E. Marshall; Jorge Celi; Kimberly S. Sheldon,1,True,https://academic.oup.com/iob/advance-article-pdf/doi/10.1093/iob/obaf031/63854531/obaf031.pdf,cites_W3093437048,"Synopsis Both sexual and male dimorphism are common in nature, yet we have limited understanding of how different developmental pathways and reproductive strategies of morphs shape energetics. To address this gap, we examined metabolic rates of four species of dung beetle (Onthophagus taurus, Onthophagus hecate, Oxysternon silenus, and Phanaeus vindex) with both sexual and male dimorphism. In these species, males have horn length dimorphism, including larger-horned (“major”) males and smaller-horned (“minor”) males. The gene doublesex, dsx, drives both sexual dimorphism and, by mediating nutrition-dependent horn growth in some species, male dimorphism. Because females and minor males share developmental pathways and have greater investment in reproductive organs than major males, we hypothesized energetic costs would be similar and higher in females and minor males compared to major males. To test this hypothesis, we examined metabolic rates of morphs using flow-through respirometry to record CO2 output. After accounting for body size and activity level, we found that in two species, Onthophagus taurus and Phanaeus vindex, females had higher CO2 production compared to major males, and in O. taurus, females also had higher CO2 production than minor males. We detected no differences between sexes for O. hecate and O. silenus. We also found no significant difference in metabolic rates between major and minor males of any species. Our results suggest that, for these species of dung beetles, any energetic tradeoffs due to reproductive strategies occur between females and males, but not between male morphs. The lack of a general trend in metabolic rates suggests energetic costs are decoupled from sex and male morph across dung beetle species, which runs counter to evolutionary explanations for the maintenance of alternative reproductive tactics."
https://openalex.org/W4413973530,https://doi.org/10.1016/j.anbehav.2025.123308,Stress coping styles and learning in alternative reproductive tactics in male swordtails,2025,2025-09-03,Animal Behaviour,Sunishka Thakur; Ngoc Tuyet Tra; Emily Trinh; Ella Farr; Molly E. Cummings,1,False,,cites_W3093437048,
https://openalex.org/W4387931172,https://doi.org/10.1098/rsif.2023.0359,Modelling the impacts of male alternative reproductive tactics on population dynamics,2023,2023-10-01,Journal of The Royal Society Interface,Jennifer A. M. Young; Sigal Balshine; David J. D. Earn,2,True,https://pmc.ncbi.nlm.nih.gov/articles/PMC10598431/pdf/rsif.2023.0359.pdf,cites_W3093437048,"Observations of male alternative reproductive tactics (ARTs) in a variety of species have stimulated the development of mathematical models that can account for the evolution and stable coexistence of multiple male phenotypes. However, little attention has been given to the population dynamic consequences of ARTs. We present a population model that takes account of the existence of two male ARTs (guarders and sneakers), assuming that tactic frequencies are environmentally determined and tactic reproductive success depends on the densities of both types. The presence of sneakers typically increases overall population density. However, if sneakers comprise a sufficiently large proportion of the population—or, equivalently, if guarders are sufficiently rare—then it is possible for the total population to crash to extinction (in this extreme regime, there is also an Allee effect, i.e. a threshold density below which the population will go extinct). We apply the model to the example of the invasive round goby (Neogobius melanostomus). We argue that ARTs can dramatically influence population dynamics and suggest that considering such phenotypic plasticity in population models is potentially important, especially for species of conservation or commercial importance."
https://openalex.org/W3164394369,https://doi.org/10.1016/j.cub.2021.03.083,Sexual selection: Large sex combs signal male triumph in sperm competition,2021,2021-05-01,Current Biology,Andrew Pomiankowski; Nina Wedell,3,False,,cites_W3093437048,
https://openalex.org/W4378377878,https://doi.org/10.1101/2023.05.25.542282,Genetically Identical Mice Express Alternative Reproductive Tactics Depending on Social Conditions in the Field,2023,2023-05-25,bioRxiv (Cold Spring Harbor Laboratory),Matthew N. Zipple; Caleb C. Vogt; Michael J. Sheehan,3,True,https://www.biorxiv.org/content/biorxiv/early/2023/05/25/2023.05.25.542282.full.pdf,cites_W3093437048,"In many species, establishing and maintaining a territory is critical to survival and reproduction, and an animal's ability to do so is strongly influenced by the presence and density of competitors. Here we manipulate social conditions to study the alternative reproductive tactics displayed by genetically identical, age-matched laboratory mice competing for territories under ecologically realistic social environmental conditions. We introduced adult males and females of the laboratory mouse strain (C57BL/6J) into a large, outdoor field enclosure containing defendable resource zones under one of two social conditions. We first created a low-density social environment, such that the number of available territories exceeded the number of males. After males established stable territories, we introduced a pulse of intruder males and observed the resulting defensive and invasive tactics employed. In response to this change in social environment, males with large territories invested more in patrolling but were less effective at excluding intruder males as compared to males with small territories. Intruding males failed to establish territories and displayed an alternative tactic featuring greater exploration as compared to genetically identical territorial males. Alternative tactics did not lead to equal reproductive success-males that acquired territories experienced greater survival and had greater access to females."
https://openalex.org/W4409727879,https://doi.org/10.1101/2025.04.10.648287,Warm waters undermine cryptic female choice,2025,2025-04-16,bioRxiv (Cold Spring Harbor Laboratory),Matthew C. Kustra; Louise M. Alissa; Michaela M. Rogers; M. Molinari; Kelly A. Stiver; Susan E. Marsh‐Rollo; Jennifer K. Hellmann; Suzanne H. Alonzo,1,True,https://www.biorxiv.org/content/biorxiv/early/2025/04/16/2025.04.10.648287.full.pdf,cites_W3093437048,"Abstract Reproduction is often more thermally sensitive than survival. Thus, understanding the thermal sensitivity of reproductive interactions is crucial given global warming. However, it is unknown how temperature influences female control over fertilization after mating ( i.e., cryptic female choice). We tested how temperatures relevant to current conditions and climate change projections influence cryptic female choice in a marine fish, Symphodus ocellatus . Under typical conditions, females bias fertilization dynamics to favor dominant males. We find that warmer temperatures decrease female influence on sperm velocity and reduce the expected paternity of dominant males. Our results demonstrate that temperatures relevant to climate change can shift the balance between mate choice and male-male competition. Thus, climate change may influence sexual selection, leading to evolutionary changes in reproductive traits."
https://openalex.org/W4386227729,https://doi.org/10.1134/s123456782304033x,The Effects of Social Hierarchy Establishment in Resident-Intruder Model on Testicular Function in Laboratory Mice of Different Inbred Strains,2023,2023-07-01,Journal of Evolutionary Biochemistry and Physiology,M. A. Kleshchev; А. В. Осадчук; Л. В. Осадчук,0,False,,cites_W3093437048,"Abstract Male reproductive success is known to be related with ability to social dominance and number and quality of spermatozoa as well as the production of reproductive hormones. The relationships between social dominance and testicular function are affected by genotype and environmental conditions of social hierarchy formation, and male territorial status (resident or intruder). However, the mechanisms of these relationships are still poorly understood. The aim of this study was to investigate effects of genotype and of familiarization with the habitat on testicular function during social hierarchy formation in experimental model of social hierarchy in laboratory mice using resident-intruder paradigm. Male of certain inbred strain (PT or CBA/Lac strain) was placed to experimental cage where male (resident) of other inbred strain (PT or CBA/Lac strain) has been living two days with female of DD/He strain. Social rank for each male was assessed after social hierarchy formation. Then testosterone level in serum and testes and epydidymal sperm quality were estimated after five days after the group formation. It was shown that social hierarchy formation did not affect testosterone level in serum and testes as well as percentage of sperm heads with abnormal morphology. However, the establishment of social hierarchy resulted in decreased sperm number in dominant-intruders of PT strains as well as decreased progressive sperm motility in subordinants of CBA/Lac strain regardless territorial status. To conclude, social hierarchy formation in experimental model of social hierarchy in laboratory mice affects epididymal sperm quality already five days after group formation, with pattern of these relationships depending on genotype, social rank and territorial status."
https://openalex.org/W4388852272,https://doi.org/10.11606/t.41.2023.tde-17112023-153425,Seleção sexual pós-copulatória em uma espécie de lula (Mollusca: Cephalopoda) com dimorfismo intrassexual masculino e dois sítios de fertilização,2023,2023-08-28,,Lígia H. Apostólico,0,True,http://www.teses.usp.br/teses/disponiveis/41/41133/tde-17112023-153425/publico/Ligia_Apostolico_SIMPL.pdf,cites_W3093437048,"A seleção sexual exerce forte influência sobre o sucesso reprodutivo dos machos e não se limita à competição pela monopolização de parceiras do sexo oposto.Em espécies em que a fêmea copula com vários machos durante seu período reprodutivo, a disputa pela paternidade da prole pode ocorrer mesmo após a cópula, através dos mecanismos de competição espermática e escolha críptica da fêmea.Evidências oriundas de inúmeros táxons têm demonstrado que, não raramente, a seleção sexual pós-copulatória também influencia a evolução de diversas adaptações -comportamentais, morfológicas e fisiológicas -nos machos, relacionadas a tentativas de maximização do sucesso de seus gametas sobre aqueles de seus rivais.Comportamentos de guarda da fêmea, transferência de fluidos seminais responsáveis por reduzir a receptividade da fêmea e implante de plugues seminais são exemplos clássicos dessas adaptações, relacionadas a tentativas de minimização da competição espermática enfrentada por eles.Em contrapartida, os machos também podem maximizar as chances de sucesso de seus gametas ao otimizarem, por exemplo, a produção de espermatozoides mais numerosos ou qualitativamente superiores (em termos de viabilidade, velocidade) quando sob forte competição intrassexual.Lulas da família Loliginidae exibem comportamentos sexuais complexos e fenômenos como poligamia, competição espermática e paternidade múltipla são recorrentes no grupo.Além disso, machos de diferentes tamanhos, dentro da mesma espécie, podem adotar comportamentos distintos (i.e., táticas alternativas de reprodução) para obtenção de parceiras e fertilizações.Machos maiores, denominados 'consorts', exibem comportamentos agonísticos e de guarda da fêmea, protegendo-a do assédio de outros machos 'consorts' até o final da postura de ovos.Eles efetuam cópulas na posição 'paralela', posicionando-se abaixo da fêmea, e depositam seus espermatóforos no interior de sua cavidade do manto, próximo à saída do oviduto.Machos de menor tamanho, denominados 'sneakers', não adotam comportamentos agressivos ou de guarda e efetuam cópulas de forma furtiva, em geral sem intervenção dos machos 'consorts'.Eles se posicionam à frente da fêmea e copulam na posição 'frontal'; seus espermatóforos aderem-se à membrana peribucal, próximo ao receptáculo seminal da fêmea -uma estrutura de fundo cego, responsável pelo armazenamento de espermatozoides por períodos prolongados.Estudos prévios sugerem que a adoção de táticas alternativas por loliginídeos deveria resultar em taxas de sucesso reprodutivo desiguais entre machos que adotam posições de cópula distintas, dadas as diferenças espaciais entre os dois sítios de fertilização (membranas oviducais, mais interno; membrana peribucal, mais externo) utilizadas por eles.No entanto, estudos empíricos voltados a responder esta questão são inexistentes na literatura do grupo.Nesse contexto, utilizando o loliginídeo Doryteuthis pleii (Blainville, 1823) como modelo, a presente Tese de Doutorado teve como um de seus objetivos principais comparar o sucesso reprodutivo obtido por machos de fenótipos alternativos quando seus gametas, localizados em sítios espacialmente distintos no interior da fêmea, competem pela fertilização do mesmo conjunto de ovócitos.Através da adoção de manipulações experimentais em cativeiro e genotipagem de embriões por meio do uso de marcadores microssatélites, o presente trabalho evidenciou que, como esperado, machos que transferem gametas ao sítio mais interno da fêmea tipicamente monopolizam a paternidade da prole (paternidade: > 92%) quando em competição direta com gametas armazenados no sítio mais externo, provavelmente devido ao acesso privilegiado de seus espermatozoides sobre os ovócitos recém-liberados do oviduto.No entanto, mesmo em tais cenários, machos 'sneakers' ainda podem ser responsáveis por fertilizar uma parcela considerável dos ovócitos remanescentes da fêmea (paternidade: 0.7 -8 %).Combinados com dados provenientes da genotipagem de espermatozoides armazenados no receptáculo seminal de fêmeas capturadas do ambiente natural (número mínimo de machos: 3.0 ± 1.37), os resultados enfatizam a importância do receptáculo seminal.Tal estrutura parece fundamental não somente na dinâmica de fertilização em loliginídeos, suprimento de gametas e aumento da variabilidade genética da prole, mas também na continuidade da tática furtiva de 'sneakers' ao longo das gerações.Com a manutenção de seus espermatozoides viáveis por períodos prolongados no interior do órgão de armazenamento, machos 'sneakers' podem garantir um sucesso reprodutivo cumulativo maior, mesmo investindo relativamente menos recursos por fêmea (i.e., fracionando seus gametas em um maior número de cópulas).Além disso, o armazenamento de gametas por longos períodos também pode conferir intensa competição espermática entre machos que adotam cópulas frontais.Como uma possível adaptação à tal competição, sugeriu-se previamente que machos 'sneakers' de D. pleii pudessem transferir plugues seminais às fêmeas, capazes de obstruir a abertura do receptáculo seminal e impedi-las de usar a reserva de gametas previamente estocados.Comparações quanto à participação de machos 'sneakers' prévios (i.e., que copularam previamente e cujos gametas encontravam-se armazenados) quando na presença ou ausência de espermatângios implantados internamente ao órgão revelaram uma possível atuação de tais estruturas como plugues seminais na espécie de estudo (taxa de paternidade de machos desconhecidos, presença de plugues: 0.9 ± 0.8 %; ausência de plugues: 28.1 ± 40.9 %; p = 0.134; número de machos desconhecidos presentes na desova, presença de plugues: 0.7 ± 0.6; ausência de plugues: 2.2 ± 1.6; p = 0.216).No entanto, dado o conflito de interesse entre machos e fêmeas promovido pelo implante de tais estruturas, não é inconcebível especular que, mesmo sendo produto da intensa competição espermática entre machos 'sneakers', a eficiência dos plugues seminais também esteja sob controle das fêmeas.Por fim, através da aplicação de técnicas de microscopia de luz e microscopia eletrônica de transmissão, investigações quanto à morfologia dos hectocótilos -estrutura responsável pela transferência de espermatóforos para a fêmea durante a cópula -revelaram a existência de dois tipos de células secretoras exclusivos ao braço ventral esquerdo do macho.Especula-se que ambos sejam fundamentais para o processo de transferência dos espermatóforos, por meio da formação de uma secreção viscosa que auxilie a captação de tais estruturas pelo hectocótilo durante o momento da cópula.Em conjunto, os sete capítulos desta Tese de Doutorado trazem importantes contribuições ao campo da seleção sexual pós-copulatória, destacando o papel dos ambientes de fertilização como componente fundamental para o entendimento da dinâmica de fertilização, sucesso reprodutivo e manutenção do dimorfismo intrassexual masculino."
https://openalex.org/W4395002762,https://doi.org/10.31857/s0869813923080046,The Effects of Social Hierarchy Establishment in Resident–Intruder Model on Testicular Function in Laboratory Mice of Different Inbred Strains,2023,2023-08-01,Российский физиологический журнал им  И  М  Сеченова,M. A. Kleshchev; А. В. Осадчук; Л. В. Осадчук,0,True,https://journals.rcsi.science/0869-8139/article/download/137982/115916,cites_W3093437048,"Male reproductive success is known to be related with ability to social dominance and number and quality of spermatozoa as well as the production of reproductive hormones. The relationships between social dominance and testicular function are affected by genotype and environmental conditions of social hierarchy formation, and male territorial status (resident or intruder). However, the mechanisms of these relationships are still poorly understood. The aim of this study was to investigate effects of genotype and of familiarization with the habitat on testicular function during social hierarchy formation in experimental model of social hierarchy in laboratory mice using resident-intruder paradigm. Male of certain inbred strain (PT or CBA/Lac strain) was placed to experimental cage where male (resident) of other inbred strain (PT or CBA/Lac strain) has been living two days with female of DD/He strain. Social rank for each male was assessed after social hierarchy formation. Then testosterone level in serum and testes and epydidymal sperm quality were estimated after five days after the group formation. It was shown that social hierarchy formation did not affect testosterone level in serum and testes as well as percentage of sperm heads with abnormal morphology. However, the establishment of social hierarchy resulted in decreased sperm number in dominant-intruders of PT strains as well as decreased progressive sperm motility in subordinants of CBA/Lac strain regardless territorial status. To conclude, social hierarchy formation in experimental model of social hierarchy in laboratory mice affects epididymal sperm quality already five days after group formation, with pattern of these relationships depending on genotype, social rank and territorial status."
https://openalex.org/W4406195036,https://doi.org/10.1038/s41598-024-80518-8,Indirect evidence of an early mating advantage in wild cooperatively breeding male banded mongooses,2025,2025-01-09,Scientific Reports,Graham Birch; Michael A. Cant; Hazel J. Nichols; Magali Meniri; Robert Businge; Francis Mwanguhya; Jonathan D. Blount,0,True,https://www.nature.com/articles/s41598-024-80518-8.pdf,cites_W3093437048,"Promiscuous females reduce male reproductive control. Males can attempt to monopolise access to these females, but distractions and sneaky rivals mean extra copulations cannot always be blocked. By mating first, males can obtain a headstart in sperm competition, but this may be negated by sperm storage and cryptic female choice mechanisms. We carry out an indirect rare test of an early mating advantage in a population of free-living wild animals. Using Bayesian GLMM analysis of a long-term life history database spanning 17 years, we show that banded mongoose males who interacted with females in earlier days of oestrus had a higher chance of siring their offspring compared with later rivals. An early mating advantage would intensify initial male-male competition and hence selection for male choice, as any initial mistake identifying preferred mating partners could see paternity lost to rivals."
https://openalex.org/W4417195691,https://doi.org/10.1007/s10641-025-01795-4,"Movement propensity differs in two morphs of the plainfin midshipman, Porichthys notatus",2025,2025-12-10,Environmental Biology of Fishes,Madeleine G. Thomson; Mackenzie B. Woods; Sigal Balshine; Francis Juanes,0,False,,cites_W3093437048,
https://openalex.org/W7119105717,https://doi.org/10.1007/s10905-025-09897-8,"Alternative male mating tactics and direct benefits via spermatophore transfer in the neotropical cricket Macroanaxipha macilenta (Saussure, 1897)",2026,2026-01-07,Journal of Insect Behavior,Anahi Elias-Quevedo; Mario E. Favila; Raúl Cueva del Castillo,0,True,https://link.springer.com/content/pdf/10.1007/s10905-025-09897-8.pdf,cites_W3093437048,"Abstract Male crickets transfer sperm via a spermatophore, which also contains compounds that enhance ovulation, egg hatching, and the female's longevity. These compounds also may induce mechanisms to guarantee males’ paternity. In Macroanaxipha macilenta (Saussure, 1897) , there are two male morphs, the Wide-Forewing, and the Narrow-Forewing. During mating, Wide-Forewing males transfer one spermatophore to the female, whereas Narrow-Forewing males transfer two. We analyzed the effects of spermatophores on the fecundity and lifespan of females mated with Wide-Forewing and Narrow-Forewing males. While both types of spermatophores contain sperm, reproductive success varied between the two groups. We found that 41.37% of the females mated with Wide-Forewing and 30.46% of the females mated with Narrow-Forewing males had offspring. The study shows that while spermatophore consumption does not affect fecundity. Moreover, females mated with Narrow-Forewing males had a longer lifespan than females mated with Wide-Forewing males. Our results suggest that Wide-Forewing and Narrow-Forewing males might represent alternative mating tactics with different payoffs."
https://openalex.org/W7154464021,https://doi.org/10.1007/s42991-026-00581-8,Reproductive timing in bats: evidence of spring mating following hibernation,2026,2026-04-15,Mammalian Biology,Xenia Mathgen; Peter Busse; Nicolás Fasel; Kseniia Kravchenko; Alexander Scheuerlein; Susanne Holtze; Marcus Fritze,0,True,https://link.springer.com/content/pdf/10.1007/s42991-026-00581-8.pdf,cites_W3093437048,"Temperate-zone bats typically mate in autumn, though anecdotal evidence suggests some species may also mate in spring. Using Nyctalus noctula as a model, we investigated post-hibernation reproductive status to assess the occurrence of spring mating. We examined male (buccal glands, testes, epididymides) and female (buccal glands, reproductive cytological status) traits and developed a minimally invasive vaginal lavage method suitable for field-based reproductive assessment in female bats. We found that male epididymides were frequently distended after hibernation, indicating retained sperm despite spermatogenesis being halted during autumn and hibernation. Vaginal cytology showed no evidence of immediate fertilisation after arousal, yet 15% of smears suggested recent mating. Buccal gland size was positively associated with season and epididymis size, consistent with both a sexual and broader social function. Collectively, these findings indicate that active mating in N. noctula can extend into spring, potentially providing opportunities for reproduction before migration. Additionally, we provide the first histological evidence of sperm phagocytosis by neutrophils in bats, supporting the hypothesis of leucocytic clearance of non-viable spermatozoa, as documented in other mammals."
https://openalex.org/W7204243784,https://doi.org/10.1007/s00227-026-04935-1,A developmental switch regulates sperm size transition in relation to male body size in the oval squid Sepioteuthis lessoniana,2026,2026-08-26,Marine Biology,Satoshi Tomano; Aline Akemi Taba; Mizue Shimokawa; Moritaro Nishihira; Taeko Miyazaki; Hiroki Ono; José Eduardo A.R. Marian; Noritaka Hirohashi,0,False,,cites_W3093437048,
