authors;year;paper.number;es_id;genus;species;animal;animal_on_tree;pop;number.mts;type.of.study;treatment;condition;sperm.comp.rank;sperm_comp_cat;response.variable.type;is_gsi;is_abs_gonad_size;variable.type;variable.type1;meaning.response.variable;sample.size.stat;es_hedges_g;es_var;size.measure;major.size;sde.major.size;n1.size;minor.size;sde.minor.size;n2.size;sample.size.size;
Neat;2001;31;31;Axoclinus;?;Axoclinus_carminalis;Enneanectes_altivelis;"""rocky reefs close to El Instituto Tecnológico y de Estudios Superiores de
Monterrey, Guaymas, Sonora, Mexico (28◦ North, in
the central region of the Gulf of California)""";2;obs;NA;natural;2;1.L;GSI;1;0;production;production_1;"""Testes were preserved in individual 1.5 ml eppendorfs in 4% formalin solu- tion. Body weight and testes mass (including glandular portion) were recorded to 0.1mg and the gonadoso- matic index (GSI) calculated as testis wt per body weight ∗ 100.""";48;0.134395348;0.085902433;?;?;?;?;?;?;?;?;
Neat;2001;31;33;Axoclinus;?;Axoclinus_carminalis;Enneanectes_altivelis;"""rocky reefs close to El Instituto Tecnológico y de Estudios Superiores de
Monterrey, Guaymas, Sonora, Mexico (28◦ North, in
the central region of the Gulf of California)""";2;obs;NA;natural;2;1.L;% glandular tissue;0;0;production;production_0;"""The testicular gland is on the ven- tral surface of the testes and is a darker color than the white seminiferous portion of the testis. The glan- dular tissue was dissected and then weighed on a Sartorius micro-balance to the nearest 0.01 mg. The proportion of glandular tissue was expressed as a per- centage of the total testis weight. The glands of small non-territorial male A. nigricaudus were too small to accurately dissect""";24;1.395662409;0.207247366;?;?;?;?;?;?;?;?;
Neat;2001;31;29;Axoclinus;?;Axoclinus_nigricaudus;Enneanectes_boehlkei;"""rocky reefs close to El Instituto Tecnológico y de Estudios Superiores de
Monterrey, Guaymas, Sonora, Mexico (28◦ North, in
the central region of the Gulf of California)""";2;obs;minor 1: small non-territorials;natural;5;3.H;GSI;1;0;production;production_1;"""Testes were preserved in individual 1.5 ml eppendorfs in 4% formalin solu- tion. Body weight and testes mass (including glandular portion) were recorded to 0.1mg and the gonadoso- matic index (GSI) calculated as testis wt per body weight ∗ 100.""";45;-0.439806387;0.093242336;?;?;?;?;?;?;?;?;
Neat;2001;31;30;Axoclinus;?;Axoclinus_nigricaudus;Enneanectes_boehlkei;"""rocky reefs close to El Instituto Tecnológico y de Estudios Superiores de
Monterrey, Guaymas, Sonora, Mexico (28◦ North, in
the central region of the Gulf of California)""";2;obs;minor 2: large non-territorial;natural;5;3.H;GSI;1;0;production;production_1;"""Testes were preserved in individual 1.5 ml eppendorfs in 4% formalin solu- tion. Body weight and testes mass (including glandular portion) were recorded to 0.1mg and the gonadoso- matic index (GSI) calculated as testis wt per body weight ∗ 100.""";49;-0.841404561;0.089163898;?;?;?;?;?;?;?;?;
Neat;2001;31;32;Axoclinus;?;Axoclinus_nigricaudus;Enneanectes_boehlkei;"""rocky reefs close to El Instituto Tecnológico y de Estudios Superiores de
Monterrey, Guaymas, Sonora, Mexico (28◦ North, in
the central region of the Gulf of California)""";2;obs;NA;natural;5;3.H;% glandular tissue;0;0;production;production_0;"""The testicular gland is on the ven- tral surface of the testes and is a darker color than the white seminiferous portion of the testis. The glan- dular tissue was dissected and then weighed on a Sartorius micro-balance to the nearest 0.01 mg. The proportion of glandular tissue was expressed as a per- centage of the total testis weight. The glands of small non-territorial male A. nigricaudus were too small to accurately dissect""";24;1.002202174;0.187591858;?;?;?;?;?;?;?;?;
Takegaki et al;2012;36;171;Bathygobius;dusky frillgoby;Bathygobius_fuscus;Bathygobius_mystacium;"""rocky intertidal pools on the Miezaki coast, Nagasaki, Japan""";2;obs;NA;natural;3;2.M;testes mass (g);0;1;production;production_0;"""Then, all males (62 non-nesting males and 9 egg-tending NH males) were sacrificed using MS 222, and SL, body weight and testes weight were measured""";71;0.036719208;0.127249638;mean soma mass (g) +/- sd;3.846253;2.00215;9;1.624244;1.051597;62;71;
Cote et al;2009;39;118;Gasterosteus;three-spined stickleback;Gasterosteus_aculeatus;Gasterosteus_aculeatus;"""Baie de l’Isle-Verte about 200 km northeast of Que- bec City along the south shore of the St. Lawrence Estuary""";3;obs;minor 1: non-territorial (NTM);laboratory;3;2.M;gonad mass (g);0;1;production;production_0;"""Gonads were extracted and weighed.""";75;1.253864772;0.065466516;mean body weight (g) +/- sd;2.66;0.68;31;2.51;0.57;44;75;
Cote et al;2009;39;119;Gasterosteus;three-spined stickleback;Gasterosteus_aculeatus;Gasterosteus_aculeatus;"""Baie de l’Isle-Verte about 200 km northeast of Que- bec City along the south shore of the St. Lawrence Estuary""";3;obs;minor 1: non-territorial (NTM);laboratory;3;2.M;VAP: average path velocity (µm s-1);0;0;quality;quality;"""The parameters recorded for each sample were as follows: path velocity (VAP as the mean path velocity of sperm,
mm/s)""";75;0.491239216;0.05659411;mean body weight (g) +/- sd;2.66;0.68;31;2.51;0.57;44;75;
Cote et al;2009;39;120;Gasterosteus;three-spined stickleback;Gasterosteus_aculeatus;Gasterosteus_aculeatus;"""Baie de l’Isle-Verte about 200 km northeast of Que- bec City along the south shore of the St. Lawrence Estuary""";3;obs;minor 1: non-territorial (NTM);laboratory;3;2.M;VSL (µm s-1);0;0;quality;quality;"""progressive velocity (VSL as the straight-line distance from beginning to end of a sperm track divided by the time taken, mm/s)""";75;0.581043394;0.05723608;mean body weight (g) +/- sd;2.66;0.68;31;2.51;0.57;44;75;
Cote et al;2009;39;121;Gasterosteus;three-spined stickleback;Gasterosteus_aculeatus;Gasterosteus_aculeatus;"""Baie de l’Isle-Verte about 200 km northeast of Que- bec City along the south shore of the St. Lawrence Estuary""";3;obs;minor 1: non-territorial (NTM);laboratory;3;2.M;VCL (µm s-1);0;0;quality;quality;"""curvilinear velocity (VCL as a measure of the total distance traveled by a given sperm divided by the time elapsed, mm/s)""";75;-0.110884767;0.055067307;mean body weight (g) +/- sd;2.66;0.68;31;2.51;0.57;44;75;
Cote et al;2009;39;122;Gasterosteus;three-spined stickleback;Gasterosteus_aculeatus;Gasterosteus_aculeatus;"""Baie de l’Isle-Verte about 200 km northeast of Que- bec City along the south shore of the St. Lawrence Estuary""";3;obs;minor 1: non-territorial (NTM);laboratory;3;2.M;motile percentage (%);0;0;quality;quality;"""Sperm longevity (index of sperm duration) was deter-
mined by loss of motility and velocity. Sperm analyses were performed at three different times (new slide for each time) for up to 24 h and the semen was maintained at 4 8C between each analysis. We could not set a fixed time period for all slides because of logistic constraints, but they were regrouped in three time ranges (time 1 = 15 min (SD = 10 min); time 2 = 10 h 8 min (SD = 1 h 56 min); time 3 = 20 h 23 min (SD = 1 h 49 min). Linear regression analyses allowed the measurements of lost on path velocity (RLVAP), rapid percentage (RLRAP), and motile percent- age (RLMOT).""";75;0.077435062;0.055025312;mean body weight (g) +/- sd;2.66;0.68;31;2.51;0.57;44;75;
Cote et al;2009;39;123;Gasterosteus;three-spined stickleback;Gasterosteus_aculeatus;Gasterosteus_aculeatus;"""Baie de l’Isle-Verte about 200 km northeast of Que- bec City along the south shore of the St. Lawrence Estuary""";3;obs;minor 1: non-territorial (NTM);laboratory;3;2.M;rapid percentage (%);0;0;quality;quality;"""Sperm longevity (index of sperm duration) was deter-
mined by loss of motility and velocity. Sperm analyses were performed at three different times (new slide for each time) for up to 24 h and the semen was maintained at 4 8C between each analysis. We could not set a fixed time period for all slides because of logistic constraints, but they were regrouped in three time ranges (time 1 = 15 min (SD = 10 min); time 2 = 10 h 8 min (SD = 1 h 56 min); time 3 = 20 h 23 min (SD = 1 h 49 min). Linear regression analyses allowed the measurements of lost on path velocity (RLVAP), rapid percentage (RLRAP), and motile percent- age (RLMOT).""";75;0.57594919;0.057196787;mean body weight (g) +/- sd;2.66;0.68;31;2.51;0.57;44;75;
Cote et al;2009;39;124;Gasterosteus;three-spined stickleback;Gasterosteus_aculeatus;Gasterosteus_aculeatus;"""Baie de l’Isle-Verte about 200 km northeast of Que- bec City along the south shore of the St. Lawrence Estuary""";3;obs;minor 1: non-territorial (NTM);laboratory;3;2.M;estimated number of sperm (106 sperm);0;0;production;production_0;"""An estimated total number of sperm (TOTSPERM) was calculated using sperm concentration as estimated from the spermogram analysis multiplied by the total volume of acti- vation solution and gonads extract.""";75;0.292897803;0.055557265;mean body weight (g) +/- sd;2.66;0.68;31;2.51;0.57;44;75;
Cote et al;2009;39;125;Gasterosteus;three-spined stickleback;Gasterosteus_aculeatus;Gasterosteus_aculeatus;"""Baie de l’Isle-Verte about 200 km northeast of Que- bec City along the south shore of the St. Lawrence Estuary""";3;obs;minor 1: non-territorial (NTM);laboratory;3;2.M;sperm concentration (106 sperm/g of gonad);0;0;production;production_0;"""We used the estimated total number of spermatozoids and the mass of the gonads to calculate the sperm concentration (SCPG)""";75;-0.077508793;0.055025388;mean body weight (g) +/- sd;2.66;0.68;31;2.51;0.57;44;75;
Cote et al;2009;39;126;Gasterosteus;three-spined stickleback;Gasterosteus_aculeatus;Gasterosteus_aculeatus;"""Baie de l’Isle-Verte about 200 km northeast of Que- bec City along the south shore of the St. Lawrence Estuary""";3;obs;minor 1: non-territorial (NTM);laboratory;3;2.M;lost of path velocity (µm/s2);0;0;quality;quality;"""Sperm longevity (index of sperm duration) was deter-
mined by loss of motility and velocity. Sperm analyses were performed at three different times (new slide for each time) for up to 24 h and the semen was maintained at 4 8C between each analysis. We could not set a fixed time period for all slides because of logistic constraints, but they were regrouped in three time ranges (time 1 = 15 min (SD = 10 min); time 2 = 10 h 8 min (SD = 1 h 56 min); time 3 = 20 h 23 min (SD = 1 h 49 min). Linear regression analyses allowed the measurements of lost on path velocity (RLVAP), rapid percentage (RLRAP), and motile percent- age (RLMOT).""";75;-1.198046663;0.064554109;mean body weight (g) +/- sd;2.66;0.68;31;2.51;0.57;44;75;
Cote et al;2009;39;127;Gasterosteus;three-spined stickleback;Gasterosteus_aculeatus;Gasterosteus_aculeatus;"""Baie de l’Isle-Verte about 200 km northeast of Que- bec City along the south shore of the St. Lawrence Estuary""";3;obs;minor 1: non-territorial (NTM);laboratory;3;2.M;PK activity in sperm (U/106 sperm);0;0;quality;quality;"""Pyruvate kin- ase (PK; EC 2.7.1.40) activity assesses glycolytic capacity and has been linked to sperm motility (Mukai and Okuno 2004)."" ""Enzyme activities were assayed using a UV/Vis spectro- photometer (Perkin Elmer, Lamda 11). The temperature of the cell holder was controlled with a circulating refrigerating water bath at 25 8C. The assays for PK followed the disap- pearance of NADH at 340 nm (Thibault et al. 1997). CS""";75;-0.769101579;0.058928786;mean body weight (g) +/- sd;2.66;0.68;31;2.51;0.57;44;75;
Cote et al;2009;39;128;Gasterosteus;three-spined stickleback;Gasterosteus_aculeatus;Gasterosteus_aculeatus;"""Baie de l’Isle-Verte about 200 km northeast of Que- bec City along the south shore of the St. Lawrence Estuary""";3;obs;minor 1: non-territorial (NTM);laboratory;3;2.M;CS activity in sperm (U/106 sperm);0;0;quality;quality;"""Sperm mito- chondrial capacity was assessed by the activity of citrate synthase (CS; EC 2.3.3.1), which is a reliable marker of mi- tochondrial volume (Ruiz-Pesini et al. 1998)."" ""CS was monitored at 412 nm to detect the transfer of sylphydryl groups to the 5,5’-dithiobis-2-nitrobenzoic acid (DTNB). The extinction coefficients for NADH and DTNB were,
6.22 and 13.6 mL?cm–1?mmol–1 (Thibault et al. 1997)""";75;0.067046641;0.055015306;mean body weight (g) +/- sd;2.66;0.68;31;2.51;0.57;44;75;
Pilastro et al;2002;5;56;Gobius;Black goby;Gobius_niger;Caffrogobius_caffer;Venice Lagoon, Italy + professional fishers;2;exp;1 sneaker;laboratory;1;1.L;sperm concentration (sperm per mL of water);0;0;allocation;allocation;sperm concentration in 80mL of water after 30 min of the introduction of females / sperm per mL;21;0.404549353;0.266396671;mean total length +/- sd cm;11.1;0.72;20;7.9;0.65;20;40;
Pilastro et al;2002;5;57;Gobius;Black goby;Gobius_niger;Caffrogobius_caffer;Venice Lagoon, Italy + professional fishers;2;exp;2 sneakers;laboratory;1;1.L;sperm concentration (sperm per mL of water);0;0;allocation;allocation;sperm concentration in 80mL of water after 30 min of the introduction of females / sperm per mL;21;0.157710919;0.263092208;mean total length +/- sd cm;11.1;0.72;20;7.9;0.65;20;40;
Pilastro et al;2002;5;58;Gobius;Black goby;Gobius_niger;Caffrogobius_caffer;Venice Lagoon, Italy + professional fishers;2;exp;3 sneakers;laboratory;1;1.L;sperm concentration (sperm per mL of water);0;0;allocation;allocation;sperm concentration in 80mL of water after 30 min of the introduction of females / sperm per mL;21;0.922429544;0.282758959;mean total length +/- sd cm;11.1;0.72;20;7.9;0.65;20;40;
Pilastro et al;2002;5;59;Gobius;Black goby;Gobius_niger;Caffrogobius_caffer;Venice Lagoon, Italy + professional fishers;2;exp;5 sneakers;laboratory;1;1.L;sperm concentration (sperm per mL of water);0;0;allocation;allocation;sperm concentration in 80mL of water after 30 min of the introduction of females / sperm per mL;21;1.057079965;0.289105192;mean total length +/- sd cm;11.1;0.72;20;7.9;0.65;20;40;
Rasotto & Mazzoldi;2002;23;60;Gobius;Black goby;Gobius_niger;Caffrogobius_caffer;Venice Lagoon, Italy;2;obs;minor 1: type I;natural;1;1.L;GSI;1;0;production;production_1;gonado-somatic index: testes weight + mesochial gland weight / body weight x 100;59;-1.915782807;0.098919683;total length (cm) + se;11.2;0.3;29;6.7;0.2;30;59;
Rasotto & Mazzoldi;2002;23;61;Gobius;Black goby;Gobius_niger;Caffrogobius_caffer;Venice Lagoon, Italy;2;obs;minor 1: type I;natural;1;1.L;SVSI;0;0;quality;quality;seminal vesicle somatic index: seminal vesicle weight / body weight x 100;59;1.335084669;0.08292161;total length (cm) + se;11.2;0.3;29;6.7;0.2;30;59;
Rasotto & Mazzoldi;2002;23;62;Gobius;Black goby;Gobius_niger;Caffrogobius_caffer;Venice Lagoon, Italy;2;obs;minor 1: type I;natural;1;1.L;sperm number;0;0;production;production_0;NA;59;-1.500574505;0.086898497;total length (cm) + se;11.2;0.3;29;6.7;0.2;30;59;
Rasotto & Mazzoldi;2002;23;63;Gobius;Black goby;Gobius_niger;Caffrogobius_caffer;Venice Lagoon, Italy;2;obs;minor 1: type I;natural;1;1.L;sperm density (per mm^2);0;0;production;production_0;"""Sperm density in each trail was computed (number of sperm per mm2 trail area)""";59;-0.168231853;0.068055939;total length (cm) + se;11.2;0.3;29;6.7;0.2;30;59;
Scaggiante et al;2006;35;102;Gobius;Black goby;Gobius_niger;Caffrogobius_caffer;"""Venetian Lagoon,
Northern Adriatic Sea, Italy""";2;obs;reproductive season;natural;1;1.L;GSI;1;0;production;production_1;"""Gonads and seminal vesicles were separately removed and weighted to the nearest mg (GW and SVW), the gonadoso- matic index (GSI = 100 × GW/BW) and seminal vesicle somatic index (SVSI = 100 × SVW/BW) were computed. For black goby, testis weight meas- urements included the mesorchial gland, that is connected to testis tissue and could not be separately weighted""";18;-2.202562526;0.356980047;mean body weight (g) +/- se;16.82;1.89;9;3.07;0.41;9;18;
Scaggiante et al;2006;35;103;Gobius;Black goby;Gobius_niger;Caffrogobius_caffer;"""Venetian Lagoon,
Northern Adriatic Sea, Italy""";2;obs;reproductive season;natural;1;1.L;SVSI;0;0;quality;quality;"""Gonads and seminal vesicles were separately removed and weighted to the nearest mg (GW and SVW), the gonadoso- matic index (GSI = 100 × GW/BW) and seminal vesicle somatic index (SVSI = 100 × SVW/BW) were computed. For black goby, testis weight meas- urements included the mesorchial gland, that is connected to testis tissue and could not be separately weighted""";18;0.206202099;0.223403314;mean body weight (g) +/- se;16.82;1.89;9;3.07;0.41;9;18;
Locatello et al;2007;46;108;Gobius;Black goby;Gobius_niger;Caffrogobius_caffer;Venetian Lagoon;2;obs;NA;natural;1;1.L;proportion of live sperm postactivation;0;0;quality;quality;Sperm viability was measured as the proportion of sperm live at stripping,;26;-0.321596164;0.155835079;?;?;?;?;?;?;?;?;
Locatello et al;2007;46;110;Gobius;Black goby;Gobius_niger;Caffrogobius_caffer;Venetian Lagoon;2;obs;NA;natural;1;1.L;VAP: average path velocity (µm s-1) postactivation;0;0;quality;quality;;24;-1.36564389;0.205520484;?;?;?;?;?;?;?;?;
Locatello et al;2007;46;111;Gobius;Black goby;Gobius_niger;Caffrogobius_caffer;Venetian Lagoon;2;obs;NA;natural;1;1.L;VCL (µm s-1) postactivation;0;0;quality;quality;;24;-1.303371155;0.202057841;?;?;?;?;?;?;?;?;
Locatello et al;2007;46;112;Gobius;Black goby;Gobius_niger;Caffrogobius_caffer;Venetian Lagoon;2;obs;NA;natural;1;1.L;VSL (µm s-1) postactivation;0;0;quality;quality;;24;-1.428497389;0.209179266;?;?;?;?;?;?;?;?;
Locatello et al;2007;46;116;Gobius;Black goby;Gobius_niger;Caffrogobius_caffer;Venetian Lagoon;2;obs;NA;natural;1;1.L;ATP concentration;0;0;quality;quality;;15;-1.152174196;0.322027957;?;?;?;?;?;?;?;?;
Sato et al;2004;38;90;Lamprologus;?;Lamprologus_callipterus;Neolamprologus_brichardi;"""Lake Tanganyika at Wonzye Point near
Mpulungu, Zambia""";3;obs;minor 1: dwarf;natural;4;3.H;gonad weight (mg);0;1;production;production_0;"""We measured SL, body and gonad weights, and determined stomach contents of all collected specimens.""";161;4.708220947;0.095595759;mean body weight (g) +/- sd;37.5;7.5;59;0.9;0.4;102;161;
Sato et al;2004;38;91;Lamprologus;?;Lamprologus_callipterus;Neolamprologus_brichardi;"""Lake Tanganyika at Wonzye Point near
Mpulungu, Zambia""";3;obs;minor 1: dwarf;natural;4;3.H;GSI (%);1;0;production;production_1;"""and gonadosomatic index (GSI ¼ ((GW/ 1000)/BW) · 100)) where BW, GW and SL represented body weight in g, gonad weight in mg and standard length in mm, respectively)""";161;-2.578906902;0.047407611;mean body weight (g) +/- sd;37.5;7.5;59;0.9;0.4;102;161;
Schütz et al;2010;33;145;Lamprologus;shell breeding chiclid fish;Lamprologus_callipterus;Neolamprologus_brichardi;"""Lake Tang- anyika at Wonzye Point, Zambia""";2;obs;NA;natural;4;3.H;GSI (%);1;0;production;production_1;"""gonad weight ⁄ (body weight x 10)"" <- it must be 100 instead of 10";80;-2.343571439;0.088417646;?;?;?;?;?;?;?;?;
Ota et al;2014;37;187;Lamprologus;?;Lamprologus_lemairii;Neolamprologus_sp;"""Lake Tanganyika, Wonzye, near Mpulungu, Zambia""";2;obs;NA;natural;2;1.L;testes mass (g);0;1;production;production_0;"""After the dissection, we measured testes mass (TM; to the nearest 0.001 g)""";23;-0.181984532;0.174962389;mean soma mass (g) +/- sd;8.44729;0.985837;12;3.247606;0.3893607;11;23;
Ota et al;2014;37;188;Lamprologus;?;Lamprologus_lemairii;Neolamprologus_sp;"""Lake Tanganyika, Wonzye, near Mpulungu, Zambia""";2;obs;NA;natural;2;1.L;spermatocrit (%);0;0;production;production_0;"""To quantify sperm density, we measured the spermatocrit (sperm cell volume × 100/milt volume) of all 21 males (Nterittorial = 10, Nperipheral = 11). Semen was siphoned from the testis in 20- or 50-μL microhaematocrit tubes once per male. The microhaematocrit tubes were centrifuged at 4000 rpm for 10 min before the spermatocrit was calculated.""";21;-0.36367614;0.194058147;mean soma mass (g) +/- sd;8.44729;0.985837;12;3.247606;0.3893607;11;23;
Ota et al;2014;37;189;Lamprologus;?;Lamprologus_lemairii;Neolamprologus_sp;"""Lake Tanganyika, Wonzye, near Mpulungu, Zambia""";2;obs;NA;natural;2;1.L;sperm flagellum length (µm);0;0;quality;quality;"""After these measurements, a portion of the testis was fixed in 5% formalin to measure flagellum length (Nterittorial = 10, Nperipheral = 11). Parts of the testis were taken from the fixed testis using tweezers, and 10–20 images were photographed from each male using a CCD camera (DS-2Mv; Nikon, Tokyo, Japan) and an image-processing unit (DS-L2; Nikon) mounted on a light microscope (LF-15; Nikon) with a 100× objective lens. We digitized sperm images on the computer and measured the flagellum length using ImageJ 1.42 (available at http://rsb.info.nih.gov/ij/download.html) without prior knowledge of the source of each male. In total, 14–32 spermatozoa were measured for each male, but data for the longest 10 spermatozoa for each male were used for analysis to avoid the inclusion of sperm with broken flagella.""";21;0.087872832;0.191092939;mean soma mass (g) +/- sd;8.44729;0.985837;12;3.247606;0.3893607;11;23;
Ota et al;2014;37;190;Lamprologus;?;Lamprologus_lemairii;Neolamprologus_sp;"""Lake Tanganyika, Wonzye, near Mpulungu, Zambia""";2;obs;NA;natural;2;1.L;sperm longevity (s);0;0;quality;quality;"""Sperm longevity was measured for all males as the time since activation at which 95% of the sperm no longer exhibited progressive motility (Nterittorial = 12, Nperipheral = 11).""";23;-0.444023728;0.178528448;mean soma mass (g) +/- sd;8.44729;0.985837;12;3.247606;0.3893607;11;23;
Ota et al;2014;37;191;Lamprologus;?;Lamprologus_lemairii;Neolamprologus_sp;"""Lake Tanganyika, Wonzye, near Mpulungu, Zambia""";2;obs;NA;natural;2;1.L;sperm velocity after 10s (µm/s);0;0;quality;quality;"""To determine sperm velocity, sperm movements were observed frame by frame for five consecutive frames (0.167 s) at 10, 20, 30, 120, and 180 s after sperm activation. A consecutive observation throughout the time period was not completed for 1 peripheral male, leaving a total of 22 males that were examined (Nterittorial = 12, Nperipheral = 10). The images were captured for the first five frames (0.167 s) at each time, and the distances that a sperm travelled for the time periods were measured using an image analysis software package (Image Tracker PTV; Degimo, Tokyo, Japan). The mean curvilinear track velocity (VCL) was calculated for three to 25 sperm (mean ± SD = 22.6 ± 5.6) that were recorded at each post-activation time period.""";22;-0.33641115;0.185905435;mean soma mass (g) +/- sd;8.44729;0.985837;12;3.247606;0.3893607;11;23;
Leach & Montgomerie;2000;29;19;Lepomis;Bluegill;Lepomis_macrochirus;Lepomis_macrochirus;"""Lake Opinicon, Ontario, Canada""";3;obs;NA;natural;2;1.L;sperm length (µm);0;0;quality;quality;;22;0.398765655;0.186947289;body length (cm) +/- sd;19.98916667;0.776128953;12;7.6921;1.191667594;10;22;
Leach & Montgomerie;2000;29;20;Lepomis;Bluegill;Lepomis_macrochirus;Lepomis_macrochirus;"""Lake Opinicon, Ontario, Canada""";3;obs;NA;natural;2;1.L;sperm concentration (milion sperm/µl);0;0;production;production_0;;21;-1.061184;0.22;body length (cm) +/- sd;19.98916667;0.776128953;12;7.6921;1.191667594;10;22;
Leach & Montgomerie;2000;29;21;Lepomis;Bluegill;Lepomis_macrochirus;Lepomis_macrochirus;"""Lake Opinicon, Ontario, Canada""";3;obs;NA;natural;2;1.L;number of sperm;0;0;production;production_0;;21;1.375776;0.2398;body length (cm) +/- sd;19.98916667;0.776128953;12;7.6921;1.191667594;10;22;
Leach & Montgomerie;2000;29;22;Lepomis;Bluegill;Lepomis_macrochirus;Lepomis_macrochirus;"""Lake Opinicon, Ontario, Canada""";3;obs;NA;natural;2;1.L;sperm velocity 45s postactivation (µm/s);0;0;quality;quality;;15;2.591435294;0.5206;body length (cm) +/- sd;19.98916667;0.776128953;12;7.6921;1.191667594;10;22;
Leach & Montgomerie;2000;29;23;Lepomis;Bluegill;Lepomis_macrochirus;Lepomis_macrochirus;"""Lake Opinicon, Ontario, Canada""";3;obs;NA;natural;2;1.L;ejaculate volume (µl);0;0;production;production_0;;22;1.400516456;0.2315;body length (cm) +/- sd;19.98916667;0.776128953;12;7.6921;1.191667594;10;22;
Neff et al;2003;21;80;Lepomis;Bluegill;Lepomis_macrochirus;Lepomis_macrochirus;Lake Opinicon, Ontario, Canada;3;obs;minor 1: sneaker;natural;2;1.L;gonad mass (g);0;1;production;production_0;"""Total body weight and testes weight were obtained from each male. These data were log-transformed, and testes weights were regressed onto body weights (Stockley et al., 1997). The analysis was performed for each tactic, as well as for sneakers and satellites combined and for all males. The slope of each regression was compared to 0.75, which might be expected when there is allometric growth (Stockley et al., 1997; Taborsky, 1998) """;114;3.65024599;0.09515487;body weight (g) +/- sd;138.1436232;20.83775197;69;5.684955556;1.960016245;45;114;
Neff et al;2003;21;81;Lepomis;Bluegill;Lepomis_macrochirus;Lepomis_macrochirus;Lake Opinicon, Ontario, Canada;3;obs;minor 1: sneaker;natural;2;1.L;GSI;1;0;production;production_1;"""The gonadal somatic index (GSI) for each tactic was
calculated as GSI = testes weight/total body weight, and values were compared among the three tactics by using ANOVA""";114;-2.481880669;0.063731343;body weight (g) +/- sd;138.1436232;20.83775197;69;5.684955556;1.960016245;45;114;
Neff et al;2003;21;82;Lepomis;Bluegill;Lepomis_macrochirus;Lepomis_macrochirus;Lake Opinicon, Ontario, Canada;3;obs;minor 1: sneaker;natural;2;1.L;sperm density (per mm^3);0;0;production;production_0;"""A sample of 10 ll of free-flowing milt was collected from each of 22 sneakers, 26 satellites, and 76 parentals in 1984. From each sample, 2 ll was diluted in 1 ml of water and thoroughly mixed. Six microliters of the dilution was then injected into a Bright-line hemacytometer (American Optical), and the sperm were counted in five 0.2 3 0.2-mm grids under a compound light microscope at 3400 magnification. Sperm density was calculated by multiplying the mean sperm count per grid by the dilution factor and volume. The""";98;-3.854711516;0.134422649;body weight (g) +/- sd;138.1436232;20.83775197;69;5.684955556;1.960016245;45;114;
Neff et al;2003;21;83;Lepomis;Bluegill;Lepomis_macrochirus;Lepomis_macrochirus;Lake Opinicon, Ontario, Canada;3;obs;minor 1: sneaker;natural;2;1.L;sperm longevity (s);0;0;quality;quality;"""Sperm longevity was estimated as the time from activation until approximately 80% of the spermatozoa within the field of view were no longer motile (showing forward movement). Because our criterion was subjective, measurements were repeated four times for each male, twice by each of two observers. Repeatability was examined within observers by using correlation between the two measurements taken for each fish. These two measure- ments were then averaged, and the repeatability across observers was examined by using correlation between the two means for each fish.""";17;1.885970957;0.34747145;body weight (g) +/- sd;138.1436232;20.83775197;69;5.684955556;1.960016245;45;114;
Burness et al;2004;20;84;Lepomis;Bluegill;Lepomis_macrochirus;Lepomis_macrochirus;Lake Opinicon, Ontario, Canada;3;obs;NA;natural;2;1.L;STR: straightness after 5s;0;0;quality;quality;"""The straightness (STR) with which the sperm of each male swam was calculated as STR=VSL/VAP for each sperm track, where VSL is the speed over the straight-line distance between the start and end of the sperm’s path.""";22;-0.119516997;0.196753215;?;?;?;?;?;?;?;?;
Burness et al;2004;20;85;Lepomis;Bluegill;Lepomis_macrochirus;Lepomis_macrochirus;Lake Opinicon, Ontario, Canada;3;obs;NA;natural;2;1.L;VAP: average path velocity (µm s-1) after 5s;0;0;quality;quality;"""For each male, at 5, 10, 15, 30, 45, 60, and 90 s following activation of sperm motility, we quantified the swimming paths of all spermatozoa for 0.5 s each. We deleted sperm with incomplete paths (i.e., those that went in or out of the field of view), and calculated the average sperm swimming velocity (VAP; average smoothed path velocity) of up to 25 spermatozoa per time interval.""";22;-1.460062697;0.244878187;?;?;?;?;?;?;?;?;
Burness et al;2004;20;86;Lepomis;Bluegill;Lepomis_macrochirus;Lepomis_macrochirus;Lake Opinicon, Ontario, Canada;3;obs;NA;natural;2;1.L;motily (%) after 5s;0;0;quality;quality;"""we also calculated the percentage of cells in the field of view that were motile (percent motility). We considered sperm to be motile if their progressive motility was >25 mm/s (see Lahnsteiner et al. 1998 for similar criterion)""";22;-0.482927304;0.201728998;?;?;?;?;?;?;?;?;
Burness et al;2004;20;87;Lepomis;Bluegill;Lepomis_macrochirus;Lepomis_macrochirus;Lake Opinicon, Ontario, Canada;3;obs;NA;natural;2;1.L;sperm tail length (µm);0;0;quality;quality;"""we photographed ten haphazardly chosen sperm from each male, using a microscope-mounted camera. We measured tail length to the nearest 0.1 mm on digitized images of each sperm using NIH image (v.1.69; available at http:// rsb.info.nih.gov/nih-image) and an Intuos graphic tablet (Wacom Co. Ltd., Japan). We calculated the median sperm tail length for each male for use in further analyses""";22;-1.364344304;0.2421;?;?;?;?;?;?;?;?;
Burness et al;2004;20;88;Lepomis;Bluegill;Lepomis_macrochirus;Lepomis_macrochirus;Lake Opinicon, Ontario, Canada;3;obs;NA;natural;2;1.L;ATP concentration;0;0;quality;quality;"""nmol ATP per 10^8 spermatozoa""";22;-1.023306329;0.2221;?;?;?;?;?;?;?;?;
Burness et al;2005;42;92;Lepomis;Bluegill;Lepomis_macrochirus;Lepomis_macrochirus;Lake Opinicon, Ontario, Canada;2;obs;NA;natural;2;1.L;sperm density (spermatozoa/µl milt);0;0;production;production_0;we instead quantified the amount of genomic DNA in each milt sample and converted DNA content to number of spermatozoa using a conversion of 0.97 pg DNA per haploid bluegill cell;25;54.72312437;60.05266324;?;?;?;?;?;?;?;?;
Burness et al;2005;42;93;Lepomis;Bluegill;Lepomis_macrochirus;Lepomis_macrochirus;Lake Opinicon, Ontario, Canada;2;obs;NA;natural;2;1.L;sperm average swimming speed 10s postactivation;0;0;quality;quality;"we deleted sperm with incomplete paths and calculated the average sperm swimming velocity (VAP; average smoothed path velocity) of up to 25 spermatozoa per time interval";25;-0.160290491;0.160770271;?;?;?;?;?;?;?;?;
Burness et al;2005;42;94;Lepomis;Bluegill;Lepomis_macrochirus;Lepomis_macrochirus;Lake Opinicon, Ontario, Canada;2;obs;NA;natural;2;1.L;percentage sperm showing motility 10s postactivation;0;0;quality;quality;To calculate the percentage of sperm that were motile at each time interval, we placed a piece of acetate over the computer monitor and scored by hand the number of sperm that were either swimming or immotile;25;0.396072308;0.163393876;?;?;?;?;?;?;?;?;
Burness et al;2005;42;95;Lepomis;Bluegill;Lepomis_macrochirus;Lepomis_macrochirus;Lake Opinicon, Ontario, Canada;2;obs;NA;natural;2;1.L;ATP levels 10s postactivation;0;0;quality;quality;The ATP content of each sample was calculated from a series of ATP standards run in duplicate with the milt samples. ATP content is expressed as pmol ATP per 106 spermatozoa.;25;-0.641600441;0.168489433;?;?;?;?;?;?;?;?;
Hellmann et al;2015;14;192;Neolamprologus;Tanganyikan cichlid fish N. modestus;Neolamprologus_modestus;Neolamprologus_sp1;Lake Tanganyiaka, East Africa;2;obs;NA;natural;3;2.M;gonad mass (mg);0;1;production;production_0;"""Fish were dissected, sex was con- firmed and gonads and livers were weighed to the nearest 0.001 g.""";33;-1.030086058;0.138299151;mean mass (g) +/- se;12.7;0.7;18;6;0.4;15;33;
Hellmann et al;2015;14;193;Neolamprologus;Tanganyikan cichlid fish N. modestus;Neolamprologus_modestus;Neolamprologus_sp1;Lake Tanganyiaka, East Africa;2;obs;NA;natural;3;2.M;GSI (%);1;0;production;production_1;"""Gonadosomatic index (GSI) and hepatosomatic index (HSI) were calculated as the ratio of gonad mass and liver mass, respectively, to overall body mass""";33;-2.112929811;0.189865743;mean mass (g) +/- se;12.7;0.7;18;6;0.4;15;33;
Koseki & Maekawa;2002;7;48;Oncorhynchus;Masu salmon;Oncorhynchus_masou;Oncorhynchus_sp1;Shikaribetsu Reservoir;2;obs;NA;natural;3;2.M;GSI (energy based);1;0;production;production_1;"""GSI, the proportion of testes investment to the somatic investment"" - based on energy (""Mass-specific energy in soma and testes (kJ·g–1) were estimated by adding the proportions of fat and protein multiplied by the energy equivalents of 36.4 kJ·g–1 and 20.1 kJ·g–1, respectively (Brett 1995). Estimation of energy content using proximate analysis with energy equivalents is the standard approach in salmonid reproductive energetics (see appendix in Hendry and Berg 1999) and gives similar results to that using bomb calorimetry (Craig et al. 1978). Finally, total somatic and testicular energy (kJ) were calculated as the product of mass-specific energy and total mass in each tissue"")";182;1.568622722;0.04896762;?;?;?;?;?;?;?;?;
Koseki & Maekawa;2002;7;49;Oncorhynchus;Masu salmon;Oncorhynchus_masou;Oncorhynchus_sp1;Shikaribetsu Reservoir;2;obs;NA;natural;3;2.M;GSI;1;0;production;production_1;"""GSI, the proportion of testes investment to the somatic investment"" - based on mass";182;1.590689516;0.049159147;?;?;?;?;?;?;?;?;
Koseki & Maekawa;2002;7;50;Oncorhynchus;Masu salmon;Oncorhynchus_masou;Oncorhynchus_sp1;Shumarinai Reservoir;2;obs;NA;natural;3;2.M;GSI (energy based);1;0;production;production_1;"""GSI, the proportion of testes investment to the somatic investment"" - based on energy (""Mass-specific energy in soma and testes (kJ·g–1) were estimated by adding the proportions of fat and protein multiplied by the energy equivalents of 36.4 kJ·g–1 and 20.1 kJ·g–1, respectively (Brett 1995). Estimation of energy content using proximate analysis with energy equivalents is the standard approach in salmonid reproductive energetics (see appendix in Hendry and Berg 1999) and gives similar results to that using bomb calorimetry (Craig et al. 1978). Finally, total somatic and testicular energy (kJ) were calculated as the product of mass-specific energy and total mass in each tissue"")";99;2.234565424;0.127491326;?;?;?;?;?;?;?;?;
Koseki & Maekawa;2002;7;51;Oncorhynchus;Masu salmon;Oncorhynchus_masou;Oncorhynchus_sp1;Shumarinai Reservoir;2;obs;NA;natural;3;2.M;GSI;1;0;production;production_1;"""GSI, the proportion of testes investment to the somatic investment"" - based on mass";99;2.286998456;0.128688697;?;?;?;?;?;?;?;?;
Hoysak & Liley;2001;13;26;Oncorhynchus;Sockeye Salmon;Oncorhynchus_nerka;Oncorhynchus_nerka_mykiss;Fulton River, British Columbia, Canada;2;obs;NA;laboratory;3;2.M;sperm concentration;0;0;production;production_0;"""Sperm concentration in the milt was measured for each milt sample by filling two capillary tubes with milt and centrifuging them for 10 min in a microhaematocrit centrifuge. This packed sperm cells into an opaque white layer, leaving a clear layer of seminal plasma. Then the proportion of milt occupied by the packed sperm layer was measured using a standard haematocrit reader. Each male’s spermatocrit was calculated as the average of the two measurements. Spermatocrit is strongly correlated with the number of sperm cells per unit volume of milt (Bouk & Jacobson, 1976; unpublished data: r2=0·855, n=32). The relationship between spermatocrit and sperm cell count does not vary with male age (unpubl. data: test for equal slopes P=0·605, test for equal intercepts P=0·200, n=32).""";40;-1.999544928;0.918446515;?;?;?;?;?;?;?;?;
Hoysak & Liley;2001;13;27;Oncorhynchus;Sockeye Salmon;Oncorhynchus_nerka;Oncorhynchus_nerka_mykiss;Fulton River, British Columbia, Canada;2;obs;NA;laboratory;3;2.M;motility (ranked proportion);0;0;quality;quality;"""Ten seconds after sperm activation, the proportion of motile sperm was assessed using a 6-point scale similar to that of DeFraipont & Sorensen (1993): no motility, very low (1–10%), moderately low (10–30%), medium (30–75%), moderately high (75–95%) and very high (95–100%). [...] Both measures of sperm motility were performed two to three times for each male.""";9;-1.699781579;4.67580568;?;?;?;?;?;?;?;?;
Hoysak & Liley;2001;13;28;Oncorhynchus;Sockeye Salmon;Oncorhynchus_nerka;Oncorhynchus_nerka_mykiss;Fulton River, British Columbia, Canada;2;obs;NA;laboratory;3;2.M;duration of motility (s);0;0;quality;quality;"""When the proportion of sperm exhibiting motility declined below 5%, the time was noted as a measure of the duration of motility. Both measures of sperm motility were performed two to three times for each male.""";9;0.511355555;0.846205156;?;?;?;?;?;?;?;?;
Butts et al;2012;18;161;Oncorhynchus;Chinook salmon;Oncorhynchus_tshawytscha;Oncorhynchus_sp2;Credit River, Ontario, Canada;2;obs;NA;natural;3;2.M;gonad mass (g);0;1;production;production_0;"""Fish were dissected and their testes were removed and weighted (±5 g).""";54;1.67226233;0.127206481;mass (g);7871.49;1973.96;41;2346.47;488.18;13;54;
Butts et al;2012;18;162;Oncorhynchus;Chinook salmon;Oncorhynchus_tshawytscha;Oncorhynchus_sp2;Credit River, Ontario, Canada;2;obs;NA;natural;3;2.M;GSI;1;0;production;production_1;GSI = testes mass/(total mass x testes mass) x100);54;-1.233386317;0.115398893;mass (g);7871.49;1973.96;41;2346.47;488.18;13;54;
Butts et al;2012;18;163;Oncorhynchus;Chinook salmon;Oncorhynchus_tshawytscha;Oncorhynchus_sp2;Credit River, Ontario, Canada;2;obs;NA;natural;3;2.M;VAP: average path velocity (µm s-1);0;0;quality;quality;NA;54;-0.858378834;0.108135675;mass (g);7871.49;1973.96;41;2346.47;488.18;13;54;
Butts et al;2012;18;164;Oncorhynchus;Chinook salmon;Oncorhynchus_tshawytscha;Oncorhynchus_sp2;Credit River, Ontario, Canada;2;obs;NA;natural;3;2.M;VSL: straight line velocity (µm s-1);0;0;quality;quality;NA;54;-0.856884103;0.108111935;mass (g);7871.49;1973.96;41;2346.47;488.18;13;54;
Butts et al;2012;18;165;Oncorhynchus;Chinook salmon;Oncorhynchus_tshawytscha;Oncorhynchus_sp2;Credit River, Ontario, Canada;2;obs;NA;natural;3;2.M;VCL: curvilinear velocity (µm s-1);0;0;quality;quality;NA;54;-0.818330419;0.10751392;mass (g);7871.49;1973.96;41;2346.47;488.18;13;54;
Butts et al;2012;18;166;Oncorhynchus;Chinook salmon;Oncorhynchus_tshawytscha;Oncorhynchus_sp2;Credit River, Ontario, Canada;2;obs;NA;natural;3;2.M;motility (% after 5s activation);0;0;quality;quality;NA;54;-0.259814334;0.101938353;mass (g);7871.49;1973.96;41;2346.47;488.18;13;54;
Butts et al;2012;18;167;Oncorhynchus;Chinook salmon;Oncorhynchus_tshawytscha;Oncorhynchus_sp2;Credit River, Ontario, Canada;2;obs;NA;natural;3;2.M;sperm density;0;0;production;production_0;"""The sperm were counted in 5 of the 25 squares on the grid. The average number of sperm
in the 5 squares was multiplied by 25 (to estimate the number of sperm in all squares), then by 10 (depth of the chamber in lm) and finally by 500 (to get the original volume of the sample in
lL). Densities were expressed as the number of sperm cells per mL of milt""";54;-0.162928396;0.101559114;mass (g);7871.49;1973.96;41;2346.47;488.18;13;54;
Flannery et al;2013;44;172;Oncorhynchus;chinook salmon;Oncorhynchus_tshawytscha;Oncorhynchus_sp2;Credit River, Ontario;2;obs;NA;natural;3;2.M;testes mass (g);0;1;production;production_0;;64;1.79792912;0.100108091;soma mass (g) +/- se;7610;290;45;2258;109;19;64;
Flannery et al;2013;44;173;Oncorhynchus;chinook salmon;Oncorhynchus_tshawytscha;Oncorhynchus_sp2;Credit River, Ontario;2;obs;NA;natural;3;2.M;GSI (%);1;0;production;production_1;Gonadosomatic index (GSI = testes mass/soma mass) was calculated and used as a metric for male reproductive investment;64;-1.202553897;0.086151738;soma mass (g) +/- se;7610;290;45;2258;109;19;64;
Flannery et al;2013;44;174;Oncorhynchus;chinook salmon;Oncorhynchus_tshawytscha;Oncorhynchus_sp2;Credit River, Ontario;2;obs;NA;natural;3;2.M;sperm velocity (µm/s) 5s postactivation;0;0;quality;quality;"""Results were qualitatively similar for all three sperm velocity estimates (data not shown) and as such we present only results for straight-line velocity, hereafter referred to as sperm velocity.""";64;-0.597793056;0.077645649;soma mass (g) +/- se;7610;290;45;2258;109;19;64;
Flannery et al;2013;44;175;Oncorhynchus;chinook salmon;Oncorhynchus_tshawytscha;Oncorhynchus_sp2;Credit River, Ontario;2;obs;NA;natural;3;2.M;sperm motility (%) 5s postactivation;0;0;quality;quality;;64;-0.353464343;0.075829872;soma mass (g) +/- se;7610;290;45;2258;109;19;64;
Flannery et al;2013;44;176;Oncorhynchus;chinook salmon;Oncorhynchus_tshawytscha;Oncorhynchus_sp2;Credit River, Ontario;2;obs;NA;natural;3;2.M;sperm longevity (s);0;0;quality;quality;"""Sperm longevity was estimated as the time from sperm activation until ~95% of the sperm cells, within the field of view, were no longer exhibiting progressive forward motion (Gage et al., 2004). Two observers, with no knowledge of the male’s identities, measured longevity with high repeatability between measures for all of the males examined (r2
= 0.91,
P = 0.001, N = 64). Thus, we used the mean longevity of both observers in all analyses.""";64;-0.37608649;0.075958809;soma mass (g) +/- se;7610;290;45;2258;109;19;64;
Flannery et al;2013;44;177;Oncorhynchus;chinook salmon;Oncorhynchus_tshawytscha;Oncorhynchus_sp2;Credit River, Ontario;2;obs;NA;natural;3;2.M;sperm density (sperm/mL);0;0;quality;quality;"""There are 25 of these large squares on the haemocytometer and each of these large squares has 16 smaller squares within it. Sperm were counted in the four large corner squares and the large centre square. The mean number of sperm per large square count (i.e. mean of the five counts) was multiplied by 25 (to obtain the mean per 5 ¥ 5 large- square grid), by 10 (the depth of the chamber in mm), and then by the initial volume of the sample to estimate the sperm density. Sperm densities are expressed as the total number of sperm per mL of a male’s ejaculate.""";64;-0.296682446;0.075541461;soma mass (g) +/- se;7610;290;45;2258;109;19;64;
Flannery et al;2013;44;178;Oncorhynchus;chinook salmon;Oncorhynchus_tshawytscha;Oncorhynchus_sp2;Credit River, Ontario;2;obs;NA;natural;3;2.M;sperm head length;0;0;quality;quality;;30;-0.250624525;0.134975449;?;?;?;?;?;?;?;?;
Flannery et al;2013;44;179;Oncorhynchus;chinook salmon;Oncorhynchus_tshawytscha;Oncorhynchus_sp2;Credit River, Ontario;2;obs;NA;natural;3;2.M;sperm head width;0;0;quality;quality;;30;-0.304703004;0.13547597;?;?;?;?;?;?;?;?;
Flannery et al;2013;44;180;Oncorhynchus;chinook salmon;Oncorhynchus_tshawytscha;Oncorhynchus_sp2;Credit River, Ontario;2;obs;NA;natural;3;2.M;flagellum length;0;0;quality;quality;;30;0.561307915;0.139179681;?;?;?;?;?;?;?;?;
Flannery et al;2013;44;181;Oncorhynchus;chinook salmon;Oncorhynchus_tshawytscha;Oncorhynchus_sp2;Credit River, Ontario;2;obs;NA;natural;3;2.M;ATP (nM ATP/10^9 sperm);0;0;quality;quality;"""ATP content of each sperm sample was calculated using the standard method provided in the kit manual and was reported as nanomoles ATP per 109
sperm. The mean of the two
measurements per male was used for statistical analysis.""";36;-0.274506065;0.112501686;?;?;?;?;?;?;?;?;
Young et al;2013;1;186;Oncorhynchus;Chinook salmon;Oncorhynchus_tshawytscha;Oncorhynchus_sp2;Big Crek Hatchery weir, USA;2;exp;NA;laboratory;3;2.M;sperm count (percent packed sperm);0;0;production;production_0;"""Sperm count for each male was measured with three independent spermatocrit reads; the ejaculate was centrifuged and the percent of packed sperm taken as a measurement of sperm count per ejaculate""";10;0.344988799;0.405950864;mean hypural length (no information about cm, m, etc.) +/- sd;30.88;2.76;5;21.1;1.12;5;10;
Lehnert et al;2017;41;206;Oncorhynchus;chinook salmon;Oncorhynchus_tshawytscha;Oncorhynchus_sp2;"""Credit River, flowing from Lake Ontario (Mississauga, Ontario, N 43°350,3W 79°420)""";2;exp;river water;laboratory;3;2.M;sperm velocity (µm/s);0;0;quality;quality;"""Sperm velocity, measured as curvilinear velocity (VCL) (the actual point-to-track followed by the cell), was measured at five seconds post-activation in both water and the ovarian fluid solution. The sperm analysis software measures each sperm cell individually and generates an average veloc- ity of all sperm cells combined. """;28;-0.413897517;0.145916271;?;?;?;?;?;?;?;?;
Lehnert et al;2017;41;207;Oncorhynchus;chinook salmon;Oncorhynchus_tshawytscha;Oncorhynchus_sp2;"""Credit River, flowing from Lake Ontario (Mississauga, Ontario, N 43°350,3W 79°420)""";2;exp;ovarian fluid;laboratory;3;2.M;sperm velocity (µm/s);0;0;quality;quality;"""Sperm velocity, measured as curvilinear velocity (VCL) (the actual point-to-track followed by the cell), was measured at five seconds post-activation in both water and the ovarian fluid solution. The sperm analysis software measures each sperm cell individually and generates an average veloc- ity of all sperm cells combined. """;28;0.086388953;0.142990412;?;?;?;?;?;?;?;?;
Miranda et al;2003;47;77;Parablennius;Azorean rock-pool blenny;Parablennius_parvicornis;Hypsoblennius_hentz;tide pools at Fateira on the south coast of Faial Island, Azores;2;obs;NA;natural;4;3.H;GSI;1;0;production;production_1;gonadosomatic index (GSI: body mass (g)/gonad mass (g));20;-1.543391666;0.279331666;body mass +/- sd;20.2;6.5;7;8.4;4.3;13;20;
Oliveira et al;2001;11;34;Parablennius;Azorean Rock-Pool Blenny;Parablennius_sanguinolentus_parvicornis;Hypsoblennius_hentz;South coast of Faial Island, Azores;4;obs;minor 1: sneaker;natural;4;3.H;GSI (%);1;0;production;production_1;"""gonadosomatic index (GSI) ? 100 ? gonad weight/ body weight""";17;-1.983625962;0.373304344;standard length mm mean +/- se;12.1;3.6;11;8.4;5.6;7;#REF!;
Oliveira et al;2001;11;35;Parablennius;Azorean Rock-Pool Blenny;Parablennius_sanguinolentus_parvicornis;Hypsoblennius_hentz;South coast of Faial Island, Azores;4;obs;minor 1: sneaker;natural;4;3.H;TGI (%);0;0;quality;quality;"""testicular gland index (TGI) ? tes- ticular gland area/testis area""";15;0.48740871;0.307918908;standard length mm mean +/- se;12.1;3.6;11;8.4;5.6;7;#REF!;
Hurtado-Gonzales & Uy;2009;15;129;Poecilia;?;Poecilia_parae;Poecilia_sp1;Demerara River, Guyana;?;obs;minor 1: immaculata;natural;2;1.L;sperm count;0;0;production;production_0;"""The mean number of sperm produced by each morph was quantified by taking the average of sperm count from five counts, then multiplying it by the sample dilution factor and the initial volume""";37;-0.691057469;0.115277049;mean soma mass (mg) +/- sd;16.96556;4.018856;78;12.62016;2.593785;78;156;
Hurtado-Gonzales & Uy;2009;15;130;Poecilia;?;Poecilia_parae;Poecilia_sp1;Demerara River, Guyana;?;obs;minor 1: immaculata;natural;2;1.L;gonad mass (mg);0;1;production;production_0;"""To obtain a natural measure of testes investment, 288 males (west: N= 168; east: N= 120) were caught from local ditches and were immediately euthanized in a water bath containing MS-222. We measured male total length (see Methods above), and removed their gonads. Gonads and soma were dried in a conventional laboratory oven at 80C for 48 h, and weighed to the nearest 0.001 g (ATI Cahn C-35, Cahn Instruments, Boston, MA, U.S.A.)""";159;-0.164750724;0.025243583;mean soma mass (mg) +/- sd;16.96556;4.018856;78;12.62016;2.593785;78;156;
Hurtado-Gonzales & Uy;2009;15;131;Poecilia;?;Poecilia_parae;Poecilia_sp1;Demerara River, Guyana;?;obs;minor 1: immaculata;natural;2;1.L;sperm head length (µm);0;0;quality;quality;"""We obtained digital images of individual sperm with a Dage CCD72 camera mounted on an Olympus BX60 microscope, allowing us to measure the lengths of the head, midpiece, flagellum, and total spermatozoa to the nearest 0.01 mm using NIH freeware (http://rsb.info.nih.gov/nih-image).""";37;-0.053771715;0.108862602;mean soma mass (mg) +/- sd;16.96556;4.018856;78;12.62016;2.593785;78;156;
Hurtado-Gonzales & Uy;2009;15;132;Poecilia;?;Poecilia_parae;Poecilia_sp1;Demerara River, Guyana;?;obs;minor 1: immaculata;natural;2;1.L;sperm midpiece length (µm);0;0;quality;quality;"""We obtained digital images of individual sperm with a Dage CCD72 camera mounted on an Olympus BX60 microscope, allowing us to measure the lengths of the head, midpiece, flagellum, and total spermatozoa to the nearest 0.01 mm using NIH freeware (http://rsb.info.nih.gov/nih-image).""";37;1.021662582;0.12292886;mean soma mass (mg) +/- sd;16.96556;4.018856;78;12.62016;2.593785;78;156;
Hurtado-Gonzales & Uy;2009;15;133;Poecilia;?;Poecilia_parae;Poecilia_sp1;Demerara River, Guyana;?;obs;minor 1: immaculata;natural;2;1.L;sperm flagellar length (µm);0;0;quality;quality;"""We obtained digital images of individual sperm with a Dage CCD72 camera mounted on an Olympus BX60 microscope, allowing us to measure the lengths of the head, midpiece, flagellum, and total spermatozoa to the nearest 0.01 mm using NIH freeware (http://rsb.info.nih.gov/nih-image).""";37;-1.381429165;0.134611996;mean soma mass (mg) +/- sd;16.96556;4.018856;78;12.62016;2.593785;78;156;
Hurtado-Gonzales & Uy;2009;15;134;Poecilia;?;Poecilia_parae;Poecilia_sp1;Demerara River, Guyana;?;obs;minor 1: immaculata;natural;2;1.L;sperm total length (µm);0;0;quality;quality;"""We obtained digital images of individual sperm with a Dage CCD72 camera mounted on an Olympus BX60 microscope, allowing us to measure the lengths of the head, midpiece, flagellum, and total spermatozoa to the nearest 0.01 mm using NIH freeware (http://rsb.info.nih.gov/nih-image).""";37;-1.148550419;0.126650125;mean soma mass (mg) +/- sd;16.96556;4.018856;78;12.62016;2.593785;78;156;
Pilastro & Bisazza;1999;6;15;Poecilia;Guppy;Poecilia_reticulata;Poecilia_latipinna_reticulata;Lab fish from Manaus, Brazil;2;exp;NA;laboratory;2;1.L;stripped sperm;0;0;production;production_0;"""the number of sperm was counted under a light microscope at a magnification of x400 in an area measuring 0.122mm x 0.122mm (=0.01488mm^2) or 0.244mm x 0.244mm (=0.05954mm^2), according to the sperm concentration. The count was repeated for each of ten separere portions. the mean valeu of these readings was then multiplied for the total fitler area (1133.5mm^2).""";39;-0.172413653;0.103012688;mean standard length +/- sd mm;18.7;2.51;24;19;2.23;27;51;
Pilastro & Bisazza;1999;6;16;Poecilia;Guppy;Poecilia_reticulata;Poecilia_latipinna_reticulata;Lab fish from Manaus, Brazil;2;exp;NA;laboratory;2;1.L;proportion of sperm delivered (in relation to sperm at rest);0;0;allocation;allocation;sperm number given in relation to sperm at rest (sperm count inside female gonduct x sperm count from the male's sperm reserve - after being restored);39;7.943450667;0.911585534;mean standard length +/- sd mm;18.7;2.51;24;19;2.23;27;51;
Fitzpatrick et al;2016;43;194;Porichthys;Plainfin midshipman;Porichthys_notatus;Porichthys_notatus;"""Intertidal zone along Cancouver Island and the Vancouver mainland""";2;obs;NA;natural;3;2.M;absolute mass of testes;0;1;production;production_0;testes weighed to the nearest 0.01 g;35;0.357075684;0.116953051;body mass (g) +/- se;121.91;11.03;19;15.3;1.09;16;35;
Fitzpatrick et al;2016;43;195;Porichthys;Plainfin midshipman;Porichthys_notatus;Porichthys_notatus;"""Intertidal zone along Cancouver Island and the Vancouver mainland""";2;obs;NA;natural;3;2.M;absolute accessory gland mass;0;0;quality;quality;accessory gland weighed to the nearest 0.01 g;35;0.99993193;0.129415348;body mass (g) +/- se;121.91;11.03;19;15.3;1.09;16;35;
Fitzpatrick et al;2016;43;196;Porichthys;Plainfin midshipman;Porichthys_notatus;Porichthys_notatus;"""Intertidal zone along Cancouver Island and the Vancouver mainland""";2;obs;NA;natural;3;2.M;sperm head length (µm);0;0;quality;quality;;26;1.163327626;0.179871753;body mass (g) +/- se;121.91;11.03;19;15.3;1.09;16;35;
Fitzpatrick et al;2016;43;197;Porichthys;Plainfin midshipman;Porichthys_notatus;Porichthys_notatus;"""Intertidal zone along Cancouver Island and the Vancouver mainland""";2;obs;NA;natural;3;2.M;sperm midpiece length (µm);0;0;quality;quality;;26;-0.835441692;0.167268516;body mass (g) +/- se;121.91;11.03;19;15.3;1.09;16;35;
Fitzpatrick et al;2016;43;198;Porichthys;Plainfin midshipman;Porichthys_notatus;Porichthys_notatus;"""Intertidal zone along Cancouver Island and the Vancouver mainland""";2;obs;NA;natural;3;2.M;sperm flagella length (µm);0;0;quality;quality;;26;0.37619963;0.156567811;body mass (g) +/- se;121.91;11.03;19;15.3;1.09;16;35;
Fitzpatrick et al;2016;43;199;Porichthys;Plainfin midshipman;Porichthys_notatus;Porichthys_notatus;"""Intertidal zone along Cancouver Island and the Vancouver mainland""";2;obs;NA;natural;3;2.M;sperm swimming speed (µm/s) 10s postactivation;0;0;quality;quality;;26;-0.043568967;0.157612262;body mass (g) +/- se;121.91;11.03;19;15.3;1.09;16;35;
Fitzpatrick et al;2016;43;200;Porichthys;Plainfin midshipman;Porichthys_notatus;Porichthys_notatus;"""Intertidal zone along Cancouver Island and the Vancouver mainland""";2;obs;NA;natural;3;2.M;accessory gland corrected for body mass;0;0;quality;quality;When assessing if males adopting different tactics invested dif- ferentially in reproductive investment, we used LMMs with somatic mass (i.e., body mass − organ mass) added as a covariate in models;35;-1.423340458;0.1454;body mass (g) +/- se;121.91;11.03;19;15.3;1.09;16;35;
Fitzpatrick et al;2016;43;201;Porichthys;Plainfin midshipman;Porichthys_notatus;Porichthys_notatus;"""Intertidal zone along Cancouver Island and the Vancouver mainland""";2;obs;NA;natural;3;2.M;testes corrected for body mass;0;0;production;production_0;When assessing if males adopting different tactics invested dif- ferentially in reproductive investment, we used LMMs with somatic mass (i.e., body mass − organ mass) added as a covariate in models;35;-0.787346565;0.1244;body mass (g) +/- se;121.91;11.03;19;15.3;1.09;16;35;0
Smith & Reichard;2013;10;182;Rhodeus;European bitterling;Rhodeus_amarus;Acheilognathus_tonkinensis;River Kyjovka, Czech Republic;2;exp;NA;laboratory;2;1.L;VCL: curvilinear velocity (µm s-1);0;0;quality;quality;"""the sum of incremental distances moved by a spermatozoa in each frame divided by total track time""";26;0.356078009;0.156284453;?;?;?;?;?;?;?;?;
Smith & Reichard;2013;10;183;Rhodeus;European bitterling;Rhodeus_amarus;Acheilognathus_tonkinensis;River Kyjovka, Czech Republic;2;exp;NA;laboratory;2;1.L;VSL: straight line velocity (µm s-1);0;0;quality;quality;"""straight line distance between the start and end points of the track, divided by track time""";26;0.248590173;0.155034559;?;?;?;?;?;?;?;?;
Smith & Reichard;2013;10;184;Rhodeus;European bitterling;Rhodeus_amarus;Acheilognathus_tonkinensis;River Kyjovka, Czech Republic;2;exp;NA;laboratory;2;1.L;LIN: linearity (%);0;0;quality;quality;"""the straight line distance between the start and end points of the track, divided by the sum of the incremental distances along the actual path""";26;0.413283963;0.157130839;?;?;?;?;?;?;?;?;
Smith & Reichard;2013;10;185;Rhodeus;European bitterling;Rhodeus_amarus;Acheilognathus_tonkinensis;River Kyjovka, Czech Republic;2;exp;NA;laboratory;2;1.L;MOT: motility (%);0;0;quality;quality;"""the number of motile spermatozoa divided by the total number of spermatozoa in the analysis field""";26;-0.166577829;0.154379773;?;?;?;?;?;?;?;?;
Reichard et al;2004;3;89;Rhodeus;European bitterling;Rhodeus_sericeus;Acheilognathus_sp;River Kyjovka, Czech Republic;2;exp;NA;laboratory;2;1.L;number of ejaculations per spawning;0;0;allocation;allocation;"""To quantify sperm loading by bitterling males, we calculated the number of ejaculations per spawning. Figures refer to the whole period of the observation and sums pre- and postoviposition ejaculations.[...] The number of total effective ejaculations was calculated as the sum of effective preoviposition (15 min before oviposition) and effective postoviposition (8 min after oviposition) ejaculations""";80;-0.075026078;0.05006645;standard length mm (from the tip of the snout to the end of caudal peduncle) +/- ??;48.3;0.75;39;43.1;0.86;41;80;
Saraiva et al;2010;4;141;Salaria;Peacock blenny;Salaria_pavo;Hypsoblennius_sp;Ria Formosa, Portugal;3;obs;minor 1;natural;3;2.M;GSI;1;0;production;production_1;gonado-somatic index: testes weight / eviscerated weight x 100;45;-2.99672003;0.189067169;standard length mm mean +/- se;9.44;0.21;33;5.53;0.13;27;60;
Saraiva et al;2010;4;142;Salaria;Peacock blenny;Salaria_pavo;Hypsoblennius_sp;Gulf of Trieste, Adriatic Sea;3;obs;minor 1;natural;3;2.M;GSI;1;0;production;production_1;gonado-somatic index: testes weight / eviscerated weight x 100;60;-3.618975073;0.207341177;standard length mm mean +/- se;8.21;0.13;111;5.78;0.24;23;134;
Saraiva et al;2010;4;143;Salaria;Peacock blenny;Salaria_pavo;Hypsoblennius_sp;Ria Formosa, Portugal;3;obs;minor 1;natural;3;2.M;Relative testicular gland area;0;0;production;production_0;"""The testicular gland is an accessory structure to the gonad, being the main source of androgens in this species."" ""Relative anal gland area was obtained by dividing its area for SL. For the calculation of the relative testicular gland area we first determined each testicular gland area using the same procedure as for the anal gland area. The same was done for both testes. To finish, we divided the obtained average for the testicular gland area by the obtained average for the testes area.""";59;4.163233045;0.21517271;standard length mm mean +/- se;9.44;0.21;33;5.53;0.13;27;60;
Saraiva et al;2010;4;144;Salaria;Peacock blenny;Salaria_pavo;Hypsoblennius_sp;Gulf of Trieste, Adriatic Sea;3;obs;minor 1;natural;3;2.M;Relative testicular gland area;0;0;production;production_0;"""The testicular gland is an accessory structure to the gonad, being the main source of androgens in this species."" ""Relative anal gland area was obtained by dividing its area for SL. For the calculation of the relative testicular gland area we first determined each testicular gland area using the same procedure as for the anal gland area. The same was done for both testes. To finish, we divided the obtained average for the testicular gland area by the obtained average for the testes area.""";58;1.784922416;0.132537533;standard length mm mean +/- se;8.21;0.13;111;5.78;0.24;23;134;
Fagundes et al;2012;40;168;Salaria;peacock blenny;Salaria_pavo;Hypsoblennius_sp;"""in-
tertidal area of Ilha da Culatra, a barrier island situated in Ria Formosa Nature Park (36°59′N, 7°51′W), in the South coast of Portugal""";2;exp;NA;laboratory;3;2.M;testes weight (g) -> covariate: eviscerated body weight;0;1;production;production_0;"""At the end of the experiment the measurements taken at the beginning of the experimentwere repeated. Additionally, length and width of tes- tes and of testicular glands, and wetweight of body after removal of in- ternal organs (eviscerated body weight) and of testes were measured."" ""Dominant males had larger testicular glands than subordinate males but the weight of testes controlled for eviscerated body weight did not differ between dominant and subordinate males (Table 1)"" ""for “testes weight” the covariate used was eviscerated body weight.""";57;0;0.081196581;?;?;?;?;?;?;?;?;
Fagundes et al;2012;40;169;Salaria;peacock blenny;Salaria_pavo;Hypsoblennius_sp;"""in-
tertidal area of Ilha da Culatra, a barrier island situated in Ria Formosa Nature Park (36°59′N, 7°51′W), in the South coast of Portugal""";2;exp;NA;laboratory;3;2.M;testicular gland area (mm2);0;0;quality;quality;"""At the end of the experiment the measurements taken at the beginning of the experimentwere repeated. Additionally, length and width of tes- tes and of testicular glands, and wetweight of body after removal of in- ternal organs (eviscerated body weight) and of testes were measured."" ";57;0.364354958;0.082361095;?;?;?;?;?;?;?;?;
Gage et al;1995;12;1;Salmo;Atlantic Salmon;Salmo_salar;Salmo_salar;North Tyne system, U.K., from Kielder salmon hatchery;2;obs;NA;natural;3;2.M;GSI;1;0;production;production_1;"""GSI was determined by calculating testes mass as a percentage of body mass""";23;-2.2219343;0.281568338;mean mass (kg) +/- se;16.25;0.31;66;0.024;0.002;11;77;
Gage et al;1995;12;2;Salmo;Atlantic Salmon;Salmo_salar;Salmo_salar;North Tyne system, U.K., from Kielder salmon hatchery;2;obs;NA;natural;3;2.M;stripped sperm volume (ml);0;0;production;production_0;volume of the sperm stripped from males after 7 days without stripping;77;14.01764656;1.381998367;mean mass (kg) +/- se;16.25;0.31;66;0.024;0.002;11;77;
Gage et al;1995;12;3;Salmo;Atlantic Salmon;Salmo_salar;Salmo_salar;North Tyne system, U.K., from Kielder salmon hatchery;2;obs;NA;natural;3;2.M;stripped sperm number;0;0;production;production_0;mean number of sperm stripped from males. A sample of sperm was counted twice and later multiplied by the sample's dilution factor and volume.;77;10.21863933;0.784116384;mean mass (kg) +/- se;16.25;0.31;66;0.024;0.002;11;77;
Gage et al;1995;12;4;Salmo;Atlantic Salmon;Salmo_salar;Salmo_salar;North Tyne system, U.K., from Kielder salmon hatchery;2;obs;NA;natural;3;2.M;relative sperm volume (ml kg-1);0;0;production;production_0;volume of sperm stripped relative to the body mass of males;77;-48.94699197;15.66325556;mean mass (kg) +/- se;16.25;0.31;66;0.024;0.002;11;77;
Gage et al;1995;12;5;Salmo;Atlantic Salmon;Salmo_salar;Salmo_salar;North Tyne system, U.K., from Kielder salmon hatchery;2;obs;NA;natural;3;2.M;relative sperm number (kg-1);0;0;production;production_0;sperm number relative to the body mass of males;77;-23.53127636;3.701651301;mean mass (kg) +/- se;16.25;0.31;66;0.024;0.002;11;77;
Gage et al;1995;12;6;Salmo;Atlantic Salmon;Salmo_salar;Salmo_salar;North Tyne system, U.K., from Kielder salmon hatchery;2;obs;NA;natural;3;2.M;motility (%) (4-6h after stripping);0;0;quality;quality;"""the percentage of sperm in the field view (range 500-3000 sperm) which showed propulsive motility at 10 sec after activation""";23;-1.854642306;0.24901847;mean mass (kg) +/- se;16.25;0.31;66;0.024;0.002;11;77;
Gage et al;1995;12;7;Salmo;Atlantic Salmon;Salmo_salar;Salmo_salar;North Tyne system, U.K., from Kielder salmon hatchery;2;obs;NA;natural;3;2.M;motility (%) (24-26h after stripping);0;0;quality;quality;"""the percentage of sperm in the field view (range 500-3000 sperm) which showed propulsive motility at 10 sec after activation""";23;-1.596435975;0.229646942;mean mass (kg) +/- se;16.25;0.31;66;0.024;0.002;11;77;
Gage et al;1995;12;8;Salmo;Atlantic Salmon;Salmo_salar;Salmo_salar;North Tyne system, U.K., from Kielder salmon hatchery;2;obs;NA;natural;3;2.M;duration of motiliy (s) (4-6h after stripping);0;0;quality;quality;"""the duration that at least 5% of the sample showed propulsive motility""";23;-1.438057155;0.219199128;mean mass (kg) +/- se;16.25;0.31;66;0.024;0.002;11;77;
Gage et al;1995;12;9;Salmo;Atlantic Salmon;Salmo_salar;Salmo_salar;North Tyne system, U.K., from Kielder salmon hatchery;2;obs;NA;natural;3;2.M;duration of motiliy (s) (24-26h after stripping);0;0;quality;quality;"""the duration that at least 5% of the sample showed propulsive motility""";23;-2.004534836;0.261593727;mean mass (kg) +/- se;16.25;0.31;66;0.024;0.002;11;77;
Gage et al;1995;12;10;Salmo;Atlantic Salmon;Salmo_salar;Salmo_salar;North Tyne system, U.K., from Kielder salmon hatchery;2;obs;NA;natural;3;2.M;sperm head length (µm);0;0;quality;quality;"""Sperm were magnified 400? through phase contrast and a video link to a flat-screen monitor. Sperm heads and tails were measured on this monitor without knowledge of the sample’s identification. Sperm were analysed from 25 males (14 anadromous and 11 parr) and flagellar lengths were measured from 50 sperm from each male.Head length measurements were made on 30 sperm from 10 males (5 anadromous and 5 parr).""";10;-0.298495313;0.404454973;mean mass (kg) +/- se;16.25;0.31;66;0.024;0.002;11;77;
Gage et al;1995;12;11;Salmo;Atlantic Salmon;Salmo_salar;Salmo_salar;North Tyne system, U.K., from Kielder salmon hatchery;2;obs;NA;natural;3;2.M;sperm flagellar length (µm);0;0;quality;quality;"""Sperm were magnified 400? through phase contrast and a video link to a flat-screen monitor. Sperm heads and tails were measured on this monitor without knowledge of the sample’s identification. Sperm were analysed from 25 males (14 anadromous and 11 parr) and flagellar lengths were measured from 50 sperm from each male.Head length measurements were made on 30 sperm from 10 males (5 anadromous and 5 parr).""";25;-1.438530168;0.203725043;mean mass (kg) +/- se;16.25;0.31;66;0.024;0.002;11;77;
Gage et al;1995;12;12;Salmo;Atlantic Salmon;Salmo_salar;Salmo_salar;North Tyne system, U.K., from Kielder salmon hatchery;2;obs;NA;natural;3;2.M;gonad mass;0;1;production;production_0;NA;23;2.425060241;0.30208845;mean mass (kg) +/- se;16.25;0.31;66;0.024;0.002;11;77;
Gage et al;1998;22;14;Salmo;Atlantic Salmon;Salmo_salar;Salmo_salar;North Tyne system, U.K., from Kielder salmon hatchery;2;obs;NA;natural;3;2.M;sperm total length (µm);0;0;quality;quality;"""Sperm were magnified 400? through phase contrast and a video link to a flat-screen monitor. Sperm heads and tails were measured on this monitor without knowledge of the sample’s identification. Sperm were analysed from 24 males (13 anadromous and 11 parr) and flagellar and head lengths were measured from 30 sperm from each male. Measurements""";24;-0.370909754;0.170698294;NA;NA;NA;NA;NA;NA;NA;NA;
Vladic & Järvi;2001;28;40;Salmo;atlantic Salmon;Salmo_salar;Salmo_salar;"""National Board of Fisheries Research Station, Älvkarleby, Sweden""";2;obs;NA;natural;3;2.M;total gonad weight (g);0;1;production;production_0;"""After the experiments, the fish were sacrified and the weight of their gonadal tissue was measured.""";40;2.326445178;0.16765434;body mass (g) +/- sd;7695;5837.31;20;50.14;13.1;20;40;
Vladic & Järvi;2001;28;41;Salmo;atlantic Salmon;Salmo_salar;Salmo_salar;"""National Board of Fisheries Research Station, Älvkarleby, Sweden""";2;obs;NA;natural;3;2.M;GSI (%);1;0;production;production_1;;40;-3.038367387;0.215395955;body mass (g) +/- sd;7695;5837.31;20;50.14;13.1;20;40;
Vladic & Järvi;2001;28;42;Salmo;atlantic Salmon;Salmo_salar;Salmo_salar;"""National Board of Fisheries Research Station, Älvkarleby, Sweden""";2;obs;NA;natural;3;2.M;spermatocrit;0;0;production;production_0;"""sperm concentration per millilitre of ejaculate (spermatocrits) were assessed by centrifugation in a micro-haematocrit centrifuge (2000g) for 5 min and reading the sperm cell density against a calibrated scale.""";40;-1.952214497;0.147639268;body mass (g) +/- sd;7695;5837.31;20;50.14;13.1;20;40;
Vladic & Järvi;2001;28;43;Salmo;atlantic Salmon;Salmo_salar;Salmo_salar;"""National Board of Fisheries Research Station, Älvkarleby, Sweden""";2;obs;NA;natural;3;2.M;ATP (nmol ml-1);0;0;quality;quality;"""The ATP assay was conducted by the luminometric method according to Hampp (1985). Phosphoenolpyruvate was obtained from Sigma-Aldrich AB (Stenheim, Germany). The ATP monitoring reagent (containing ¢re£y luciferase and D- luciferin) and ATP standard were obtained from Bio-Orbit (LKB, Wallac, Turku, Finland). All measurements were performed at room temperature in duplicate and the mean value of the two measurements was used. The ATP concentrations were expressed as nanomoles per millilitre of spermatozoa.""";34;-6.872932431;0.812311768;body mass (g) +/- sd;7695;5837.31;20;50.14;13.1;20;40;
Vladic & Järvi;2001;28;44;Salmo;atlantic Salmon;Salmo_salar;Salmo_salar;"""National Board of Fisheries Research Station, Älvkarleby, Sweden""";2;obs;NA;natural;3;2.M;ATP residual spermatocrit;0;0;quality;quality;;34;-0.526304104;0.12172053;body mass (g) +/- sd;7695;5837.31;20;50.14;13.1;20;40;
Vladic & Järvi;2001;28;45;Salmo;atlantic Salmon;Salmo_salar;Salmo_salar;"""National Board of Fisheries Research Station, Älvkarleby, Sweden""";2;obs;NA;natural;3;2.M;longevity (s);0;0;quality;quality;"""Sperm longevity was defined as the time-period until all spermatozoa in the sample observed under the microscope had stopped their forward movements, which characterize motile spermatozoa. Zero sperm motility in a given ejaculate commenced after the last spermatozoon in the visual field had started to vibrate, thereby marking the end of propulsive sperm motility, and other spermatozoa were immobile. The mean of three measurements was calculated for each fish""";29;1.033604507;0.156514864;body mass (g) +/- sd;7695;5837.31;20;50.14;13.1;20;40;
Vladic & Järvi;2001;28;46;Salmo;atlantic Salmon;Salmo_salar;Salmo_salar;"""National Board of Fisheries Research Station, Älvkarleby, Sweden""";2;obs;NA;natural;3;2.M;proportion of motily sperm after 10s;0;0;quality;quality;"""Sperm motility was determined by microscopic observations under a Nikon phase-contrast light microscope (Shiyoda-ku, Tokyo, Japan) at  100 magni¢cation in triplicate. No cover slide glass was applied. Motility was initiated by suspending a drop of ejaculate in motility activation bu¡er (20 mM Tris^HCl, pH 8.0, 125 mM NaCl) (Moss et al. 1991) at a dilution ratio of 1:500 at 48C. This temperature has been previously determined as optimal for Atlantic salmon sperm motility (Vladic ̈ & JÌrvi 1997)."" ""In addition,sperm motility was video recorded on a VHS tape and replayed at 12 frames s-1 in order to determine the proportion of motile spermatozoa and the average velocity of the spermatozoa at three time-intervals, namely (i) 10s after the initiation of motility, (ii) one-third of the total sperm longevity time and (iii) two-thirds of the total sperm longevity time."" ""The videotape images were traced on transparent plastic sheets using a marker and the proportion of motile spermatozoa was calculated by dividing the number of progressively moving spermatozoa by the total number of spermatozoa on the screen.""";29;-1.472974275;0.175503052;body mass (g) +/- sd;7695;5837.31;20;50.14;13.1;20;40;
Vladic & Järvi;2001;28;47;Salmo;atlantic Salmon;Salmo_salar;Salmo_salar;"""National Board of Fisheries Research Station, Älvkarleby, Sweden""";2;obs;NA;natural;3;2.M;sperm velocity (mm s-1) after 10s;0;0;quality;quality;"""In addition,sperm motility was video recorded on a VHS tape and replayed at 12 frames s-1 in order to determine the proportion of motile spermatozoa and the average velocity of the spermatozoa at three time-intervals, namely (i) 10s after the initiation of motility, (ii) one-third of the total sperm longevity time and (iii) two-thirds of the total sperm longevity time."" ""Sperm velocity was estimated by measuring the distances between sperm head positions at 12 time-steps over a time- period of 1s.""";24;0;0.166666667;body mass (g) +/- sd;7695;5837.31;20;50.14;13.1;20;40;
Vladic et al;2002;50;67;Salmo;atlantic Salmon;Salmo_salar;Salmo_salar;sea-ranched stocks of the river Dalälven that flows into the Gulf of Bothnia, central Sweden. Because of the power plant in Älvkarleby;2;obs;NA;natural;3;2.M;sperm flagellum length (µm);0;0;quality;quality;;14;0.433234072;0.298369944;body mass (g) +/- sd;4837.5;1570.2;8;90.2;18.6;6;14;
Vladic et al;2002;50;68;Salmo;atlantic Salmon;Salmo_salar;Salmo_salar;sea-ranched stocks of the river Dalälven that flows into the Gulf of Bothnia, central Sweden. Because of the power plant in Älvkarleby;2;obs;NA;natural;3;2.M;sperm end piece length (µm);0;0;quality;quality;;14;-0.24171811;0.293753368;body mass (g) +/- sd;4837.5;1570.2;8;90.2;18.6;6;14;
Vladic et al;2002;50;69;Salmo;atlantic Salmon;Salmo_salar;Salmo_salar;sea-ranched stocks of the river Dalälven that flows into the Gulf of Bothnia, central Sweden. Because of the power plant in Älvkarleby;2;obs;NA;natural;3;2.M;sperm midpiece length (µm);0;0;quality;quality;;14;-0.37476802;0.296682776;body mass (g) +/- sd;4837.5;1570.2;8;90.2;18.6;6;14;
Vladic et al;2002;50;70;Salmo;atlantic Salmon;Salmo_salar;Salmo_salar;sea-ranched stocks of the river Dalälven that flows into the Gulf of Bothnia, central Sweden. Because of the power plant in Älvkarleby;2;obs;NA;natural;3;2.M;energy charge values;0;0;quality;quality;"""Energy charge = (ATP + ½ ADP)/(ATP + ADP + AMP)""";14;-0.993370213;0.3319;body mass (g) +/- sd;4837.5;1570.2;8;90.2;18.6;6;14;
Vladic et al;2002;50;71;Salmo;atlantic Salmon;Salmo_salar;Salmo_salar;sea-ranched stocks of the river Dalälven that flows into the Gulf of Bothnia, central Sweden. Because of the power plant in Älvkarleby;2;obs;NA;natural;3;2.M;spermatocrit;0;0;quality;quality;"""The number of sperm cells (i.e., spermatocrit) in the ejaculate was determined as the percentage of sperm cells per milliliter of fluid by centrifuging undiluted milt samples for 5 min in a microhe- matocrit centrifuge (2000 ? g) and by reading sperm cell density against a calibrated scale.""";14;-2.241753191;0.4965;body mass (g) +/- sd;4837.5;1570.2;8;90.2;18.6;6;14;
Vladic et al;2002;50;72;Salmo;atlantic Salmon;Salmo_salar;Salmo_salar;sea-ranched stocks of the river Dalälven that flows into the Gulf of Bothnia, central Sweden. Because of the power plant in Älvkarleby;2;obs;NA;natural;3;2.M;sperm longevity (s);0;0;quality;quality;"""Sperm longevity was defined as the time period until all spermatozoa in the sample observed under the microscope had stopped the forward movements characteristic of motile spermatozoa""";14;-0.35387234;0.2968;body mass (g) +/- sd;4837.5;1570.2;8;90.2;18.6;6;14;
Vladic et al;2010;49;157;Salmo;atlantic Salmon;Salmo_salar;Salmo_salar;sea-ranched stocks of the river Dalälven that flows into the Gulf of Bothnia, central Sweden. Because of the power plant in Älvkarleby;2;obs;NA;natural;3;2.M;stripped sperm mass (g);0;0;production;production_0;;22;2.319991775;0.304144587;body length (cm) +/- se;86.73;5.8;11;16.15;0.51;11;22;
Vladic et al;2010;49;158;Salmo;atlantic Salmon;Salmo_salar;Salmo_salar;sea-ranched stocks of the river Dalälven that flows into the Gulf of Bothnia, central Sweden. Because of the power plant in Älvkarleby;2;obs;NA;natural;3;2.M;spermatocrit;0;0;production;production_0;"""The amount of sperm cells per ml ejaculate (spermatocrit) was assessed after centrifugation (5 min) in a haematocrit centrifuge (2000×g) by reading sperm cell density against a calibrated scale""";22;-1.798381589;0.25532219;body length (cm) +/- se;86.73;5.8;11;16.15;0.51;11;22;
Vladic et al;2010;49;159;Salmo;atlantic Salmon;Salmo_salar;Salmo_salar;sea-ranched stocks of the river Dalälven that flows into the Gulf of Bothnia, central Sweden. Because of the power plant in Älvkarleby;2;obs;NA;natural;3;2.M;GSI;1;0;production;production_1;"""Gonadal investment (GSI) was estimated as GSI = logGW/log( BW−GW) x 100, where GW is the sum of gonad and ejaculate weight and BW is the total body weight.""";22;-2.131814579;0.285105305;body length (cm) +/- se;86.73;5.8;11;16.15;0.51;11;22;
Vladic et al;2010;49;160;Salmo;atlantic Salmon;Salmo_salar;Salmo_salar;sea-ranched stocks of the river Dalälven that flows into the Gulf of Bothnia, central Sweden. Because of the power plant in Älvkarleby;2;obs;NA;natural;3;2.M;ATP (nmol ml-1);0;0;quality;quality;"""After measurement of the light emission from the sample, an internal ATP standard (10 μl) was added after 10 s. In calculation of the sample ATP, the following expression was used:
ATPconcentration = A/(B-A) * C; where A is the height of the light emission recorded before addition of theinternal standard,Bis the lightemissionafteradditionof the internal ATP standard, and C is the amount of ATP added (10^−12 mol)""";22;-2.436251435;0.316711842;body length (cm) +/- se;86.73;5.8;11;16.15;0.51;11;22;
Liljedal & Folstad;2003;30;73;Salvelinus;artic char;Salvelinus_alpinus;Salvelinus_alpinus;"""Lake Fjellfrøsvatn, northern Norway""";2;obs;NA;semi-natural;4;3.H;testis mass (g);0;1;production;production_0;"""wet mass"" ""In the laboratory we weighed the testes and dried spleens
to the nearest 0.0001 g.""";39;0.124915291;0.102831628;body length (cm) +/- se;23.3;0.72;20;22.7;0.7;20;40;
Liljedal & Folstad;2003;30;74;Salvelinus;artic char;Salvelinus_alpinus;Salvelinus_alpinus;"""Lake Fjellfrøsvatn, northern Norway""";2;obs;NA;semi-natural;4;3.H;milt mass (g);0;0;production;production_0;"""All sperm sampling was done by one person, who dried
the area around the genital pore of each fish before sperm sampling in order not to dilute the semen. As available milt was removed before the experiment was started, milt sam- pled at the end of the experiment had been produced during the experimental period. After weighing the milt sample to the nearest 0.01 g""";40;0.297129228;0.101103572;body length (cm) +/- se;23.3;0.72;20;22.7;0.7;20;40;
Liljedal & Folstad;2003;30;75;Salvelinus;artic char;Salvelinus_alpinus;Salvelinus_alpinus;"""Lake Fjellfrøsvatn, northern Norway""";2;obs;NA;semi-natural;4;3.H;sperm density (%);0;0;production;production_0;"""percentage of sperm cells in stripped milt"" ""we measured spermatocrit, which is the percentage of a given volume of milt that is occupied by cells (i.e., sperm density). To estimate spermatocrit we cen- trifuged a homogenized proportion of the milt in a capillary tube for 195 s at 11 500 rpm with a Compur mini-centrifuge. This method previously showed high repeatability for charr milt (Liljedal et al. 1999).""";40;-1.133131081;0.116049826;body length (cm) +/- se;23.3;0.72;20;22.7;0.7;20;40;
Liljedal & Folstad;2003;30;76;Salvelinus;artic char;Salvelinus_alpinus;Salvelinus_alpinus;"""Lake Fjellfrøsvatn, northern Norway""";2;obs;NA;semi-natural;4;3.H;sperm number;0;0;production;production_0;"""sperm density x milt mass""";40;-0.386920172;0.10187134;body length (cm) +/- se;23.3;0.72;20;22.7;0.7;20;40;
Serrano et al;2006;16;104;Salvelinus;Artic char;Salvelinus_alpinus;Salvelinus_alpinus;lake Fjellfrøsvatn, northern Norway;2;obs;NA;laboratory;4;3.H;mean sperm velocity of the 10% fastest sperm (µm/s);0;0;quality;quality;"""We obtained ejaculates from 46 males, and the sperm velocity was measured for a period of 0.5 s at 15, 20, 30, and 40 s post activation. We used velocity of the mean point-to- point track followed by the cell (VCL), because sperm cells did not have any ovarian fluid gradient or a target (i.e., an egg) to ease orientation.""";46;0.041840369;0.08697555;NA;NA;NA;NA;NA;NA;NA;NA;
Neat et al;2003;26;78;Scartella;Combtooth blenny;Scartella_cristata;Hypsoblennius_sp1;"Bay of Villefranche-sur-Mer and around the Cap Ferrat Peninsula (43?420 N; 7?240 E) in southern France";2;obs;major 1: nester;natural;4;3.H;mass of testis (mg);0;1;production;production_0;;20;-0.141576419;0.202521299;body mass (g) +/- sd;8.32;3.64;9;1.51;0.43;11;20;
Neat et al;2003;26;79;Scartella;Combtooth blenny;Scartella_cristata;Hypsoblennius_sp1;"Bay of Villefranche-sur-Mer and around the Cap Ferrat Peninsula (43?420 N; 7?240 E) in southern France";2;obs;major 1: nester;natural;4;3.H;adjusted IG;1;0;production;production_1;"""Adjusted IG was calculated as: 100 (mass of testis that was seminiferous) body mass^-1""";20;-4.053342824;0.612759903;body mass (g) +/- sd;8.32;3.64;9;1.51;0.43;11;20;
Seivag et al;2016;45;202;Sufflogobius;bearded goby;Sufflogobius_bibarbatus;Caffrogobius_saldanha;Benguela Upwelling Ecosystem;2;obs;NA;natural;3;2.M;GSI;1;0;production;production_1;gsi = 100xtestes mass/mass(gonad free);116;-3.155989301;0.086954962;?;?;?;?;?;?;?;?;
Seivag et al;2016;45;203;Sufflogobius;bearded goby;Sufflogobius_bibarbatus;Caffrogobius_saldanha;Benguela Upwelling Ecosystem;2;obs;NA;natural;3;2.M;SVSI;0;0;quality;quality;svsi = 100xseminal vesicle mass/mass(gonad free);116;2.886692502;0.079940846;?;?;?;?;?;?;?;?;
Seivag et al;2016;45;204;Sufflogobius;bearded goby;Sufflogobius_bibarbatus;Caffrogobius_saldanha;Benguela Upwelling Ecosystem;2;obs;NA;natural;3;2.M;testes mass;0;1;production;production_0;;116;-17.71647073;1.396925077;?;?;?;?;?;?;?;?;
Seivag et al;2016;45;205;Sufflogobius;bearded goby;Sufflogobius_bibarbatus;Caffrogobius_saldanha;Benguela Upwelling Ecosystem;2;obs;NA;natural;3;2.M;seminal vesicle mass;0;0;quality;quality;;116;78.62408744;26.68948452;?;?;?;?;?;?;?;?;
Uglem et al;2000;24;24;Symphodus;Corkwing wrasse;Symphodus_melops;Oreochromis_niloticus;waters around Lysekil, west coast of Sweden;2;obs;year 1998;natural;2;1.L;GSI;1;0;production;production_1;"""IG=100WG .W^-1, where WG is gonad wet weight and W is whole body wet weight""";165;-8.08795576;0.2546;NA;NA;NA;NA;NA;NA;NA;NA;
Uglem et al;2000;24;25;Symphodus;Corkwing wrasse;Symphodus_melops;Oreochromis_niloticus;waters around Lysekil, west coast of Sweden;2;obs;year 1999;natural;2;1.L;GSI;1;0;production;production_1;"""IG=100WG .W^-1, where WG is gonad wet weight and W is whole body wet weight""";138;-4.978640884;0.1204;NA;NA;NA;NA;NA;NA;NA;NA;
Uglem et al;2001;34;36;Symphodus;corkwing wrasse;Symphodus_melops;Oreochromis_niloticus;"""waters around Lysekil on the west coast of Sweden (58°15′ N, 11°28′ E)""";2;obs;NA;natural;2;1.L;GSI;1;0;production;production_1;"""The gonadosomatic index (GSI) was used as an indicator of relative gonad size and was calculated as GSI=GW×100/W, where GW is gonad wet weight and W is whole-body wet weight.""";49;-4.765514214;0.313402643;mean standard length +/- sd mm;136.341;8.035;25;105.064;9.728;26;51;
Uglem et al;2001;34;37;Symphodus;corkwing wrasse;Symphodus_melops;Oreochromis_niloticus;"""waters around Lysekil on the west coast of Sweden (58°15′ N, 11°28′ E)""";2;obs;NA;natural;2;1.L;Spermatrocrit level;0;0;production;production_0;"""Sperm concentration was estimated immediately after collec- tion of milt by measuring the spermatocrit, i.e. the percentage of a given volume of milt that is occupied by cells (Liljedal et al. 1999). The spermatocrit was measured by centrifuging a capillary tube containing 9 µl milt for 205 s at 11,500 rpm in a Compur mini centrifuge""";49;-0.483465292;0.084051755;mean standard length +/- sd mm;137.341;8.035;25;105.064;9.728;27;52;
Uglem et al;2001;34;38;Symphodus;corkwing wrasse;Symphodus_melops;Oreochromis_niloticus;"""waters around Lysekil on the west coast of Sweden (58°15′ N, 11°28′ E)""";2;obs;NA;natural;2;1.L;proportion of motile sperm at 1 min;0;0;quality;quality;"""Sperm motility was estimated after a double-step dilution ac- cording to Billard and Cosson (1992). First, the milt was diluted to 1:100 in an isotonic non-activating medium (NAM: NaCl 3.5g l–1,
KCl 0.11 g l–1, MgCl2 1.23 g l–1, CaCl2 0.39 g l–1, NaHCO3 1.68 g l–1, glucose 0.08 g l–1, osmotic pressure 310 mOsm kg–1, pH 7.7) (Fauvel et al. 1999). Bovine serum albumin (10 mg ml–1) was also added to the mineral diluent. To ensure that the milt samples were not activated after dilution in NAM, a drop of diluted but not acti- vated milt was filmed (see below) for all samples examined. Apart from one milt sample, which was discarded from further analysis, all samples were inactive. Then, the sperm was activated by mix- ing 1 µl of the NAM-diluted milt with 19 µl seawater previously placed on a glass slide. The glass slide was promptly examined under a microscope (×200) that was connected to a monitor and a video recorder. Sperm activity was recorded for at least 5 min af- ter activation. Two milt samples were examined for each fish. A sperm cell was regarded as motile if it showed forward motion (Linhart et al. 1992). Motility was estimated 1, 3 and 5 min after activation. For each of these timepoints, the videotape was frozen and the total number of sperm cells in the picture counted. Then the number of immobile sperm cells were counted in predefined squares drawn on the monitor screen when the tape was running at ±5 s to the times when the tape was frozen. Thus, sperm motility could be estimated as the percentage of motile sperm cells at a given time ±5 s. The mean number of sperm cells counted for each timepoint for each of the two samples from every male was 91 (SD=30.8). The two milt samples were examined at an interval of approximately 10 min. There""";44;-0.477785463;0.09350317;mean standard length +/- sd mm;138.341;8.035;25;105.064;9.728;28;53;
Uglem et al;2001;34;39;Symphodus;corkwing wrasse;Symphodus_melops;Oreochromis_niloticus;"""waters around Lysekil on the west coast of Sweden (58°15′ N, 11°28′ E)""";2;obs;NA;natural;2;1.L;gonad wet weight (?);0;1;production;production_0;"""Standard length was mea- sured to the nearest millimetre, while whole body wet weight, go- nad wet weight and spleen wet weight were measured to the near- est 10 mg. The gonads and the spleen were carefully blotted dry on tissue paper before the weight was recorded. All morphometric measurements were taken within 10–15 min after the fish was tak- en from the storage containers""";49;-0.896975401;0.0901;mean standard length +/- sd mm;135.341;8.035;25;105.064;9.728;25;50;
Uglem et al;2002;48;64;Symphodus;corkwing wrasse;Symphodus_melops;Oreochromis_niloticus;Lysekil on the West Coast of Sweden;2;obs;NA;natural;2;1.L;gonad wet mass (g);0;1;production;production_0;;40;-1.147296135;0.123120272;body wet mass (g) +/- se;58.7;3;15;29.2;1.6;25;40;
Uglem et al;2002;48;65;Symphodus;corkwing wrasse;Symphodus_melops;Oreochromis_niloticus;Lysekil on the West Coast of Sweden;2;obs;NA;natural;2;1.L;GSI;1;0;production;production_1;"""GSI = GW * 100/BW, where GW is gonad wet mass and BW is whole body wet mass""";40;-4.509552797;0.360867497;body wet mass (g) +/- se;58.7;3;15;29.2;1.6;25;40;
Uglem et al;2002;48;66;Symphodus;corkwing wrasse;Symphodus_melops;Oreochromis_niloticus;Lysekil on the West Coast of Sweden;2;obs;NA;natural;2;1.L;sperm motility;0;0;quality;quality;sperm motility at 1 min since activation;37;0.099798561;0.1083;body wet mass (g) +/- se;58.7;3;15;29.2;1.6;25;40;
Katoh et al;2005;17;96;Telmatochromis;?;Telmatochromis_temporalis;Neolamprologus_sp2;rocky shore at Nkum- bula Island located at the southern end of Lake Tanganyika;2;obs;minor 1: small males inside nests;natural;4;3.H;GSI;1;0;production;production_1;gonad weight / body weight × 100;30;-5.231352202;0.271467857;standard length mm +/- sd;dados do gráfico?;dados do gráfico?;dados do gráfico?;27.5;3.9;12;?;
Katoh et al;2005;17;97;Telmatochromis;?;Telmatochromis_temporalis;Neolamprologus_sp2;rocky shore at Nkum- bula Island located at the southern end of Lake Tanganyika;2;obs;minor 1: small males inside nests;natural;4;3.H;gonad mass (g);0;1;production;production_0;"""On the day of sampling, SL (to 0.1mm), body weight (0.001g) and gonad weight (0.001g) were measured, and sex was deter- mined based on gonad examination of sampled fish""";30;0.129958388;0.0983656;standard length mm +/- sd;dados do gráfico?;dados do gráfico?;dados do gráfico?;27.5;3.9;12;?;
Ota & Kohda;2006;9;98;Telmatochromis;Shell-brooding chiclid fish T. vittatus;Telmatochromis_vittatus;Neolamprologus_sp3;Southern end of Lake Tanganyika;4;obs;minor 1: sneaker;natural;4;3.H;gonad mass (mg);0;1;production;production_0;they don't specify how they measured it;47;2.458572779;0.170638885;standard length mm +/- sd;54.99;4.95;7;26.51;4.55;7;14;
Ota & Kohda;2006;9;99;Telmatochromis;Shell-brooding chiclid fish T. vittatus;Telmatochromis_vittatus;Neolamprologus_sp3;Southern end of Lake Tanganyika;4;obs;minor 1: sneaker;natural;4;3.H;GSI;1;0;production;production_1;gonado-somatic index: testes weight / body weight x 100;47;-1.093582508;0.119057424;standard length mm +/- sd;54.99;4.95;7;26.51;4.55;7;14;
Fitzpatrick et al;2007;27;105;Telmatochromis;?;Telmatochromis_vittatus;Neolamprologus_sp3;"""southern end of Lake Tanganyika, primarily from Kasakalawe Bay, west of Mpulungu, Zambia""";4;obs;minor 1: sneaker;natural;4;3.H;VAP: sperm swimming speed (µm s-1) after 0.5s;0;0;quality;quality;"""
Sperm were activated by adding 0.25 ml lake
water (previously boiled and cooled to lake temperature) and gently shaking the
tube for 1–2 sec [46]. We then placed 60 ll of the sperm/water mixture in a 1-mm-deep well on a slide, with a cover slip covering half of the depression so
that the sperm/water sample could easily be added to the well. This sample was
viewed on a Leica DME light microscope (Leica Microsystems Inc., Buffalo,
NY) mounted with a PixeLINK Megapixel PL-A662 digital video camera
(PixeLINK, Ottawa, ON, Canada) to record sperm motility."" ""Sperm velocity was measured for 1 sec at 0.5, 1, 2, 3, 4, 5, 6, and 7 min after
sperm activation using a CEROS (v12) video sperm analysis system (Hamilton- Thorne Research, Beverly, ME). The researcher was blind to male size and reproductive tactic when measuring sperm velocity. From some males, sperm continued to swim beyond 7 min after activation, but because the proportion of a male’s sperm that was active past 7 min fell dramatically, we confined our analyses of sperm velocity to the first 7 min after activation. Due to water movement and variation in video quality, 0.5 min was the earliest time after activation that we were able to reliably measure sperm swimming speed of all males. We analyzed only those spermatozoa whose forward movement was
traced for at least 0.33 sec (i.e., ?20 frames, see [30, 38, 46] for a similar measurement criterion)""";18;-0.547131454;0.24208159;?;?;?;?;?;?;?;?;
Fitzpatrick et al;2007;27;106;Telmatochromis;?;Telmatochromis_vittatus;Neolamprologus_sp3;"""southern end of Lake Tanganyika, primarily from Kasakalawe Bay, west of Mpulungu, Zambia""";4;obs;minor 1: sneaker;natural;4;3.H;median sperm length (µm);0;0;quality;quality;"""To measure sperm lengths, the remaining testis of each male was split open,
and the free-flowing milt was diluted with lake water, spread over the glass slide, and allowed to air dry. The first 10 clear sperm images detected from each male were magnified to 10003on the computer monitor, photographed, and measured using the National Institutes of Health’s ImageJ software (v. 1.36, available at http://rsb.info.nih.gov/ij/). We traced a freehand line over the tail, measuring tail lengths (to the nearest 0.1 lm) from the center of the sperm’s head to the end of its tail [50]. To avoid observer bias, all samples were measured blind to male size or reproductive tactic.""";18;0.138165754;0.234296505;?;?;?;?;?;?;?;?;
Fitzpatrick et al;2007;27;107;Telmatochromis;?;Telmatochromis_vittatus;Neolamprologus_sp3;"""southern end of Lake Tanganyika, primarily from Kasakalawe Bay, west of Mpulungu, Zambia""";4;obs;minor 1: sneaker;natural;4;3.H;sperm longevity (s);0;0;quality;quality;"""The longevity of sperm movement was measured as the time since activation at which 95% of the sperm no longer exhibited forward movement [46–49]""";18;0.095694265;0.234020606;?;?;?;?;?;?;?;?;
Ota et al;2010;25;135;Telmatochromis;?;Telmatochromis_vittatus;Neolamprologus_sp3;"""Wonzye Point (lat 8?45.5#S, long 31?06.1#E), near Mpulungu at the southern end of Lake Tanganyika, Zambia""";4;obs;major + pirate;natural;4;3.H;gonad mass (g);0;1;production;production_0;"""The testes of each indi- vidual male were processed separately: they were carefully re- moved from the abdomen immediately after sacrificing by cutting the spine at the base of the skull with a sharp pair of scissors""";22;2.337714096;0.320631008;soma mass (g);1.461414;0.1165906;8;0.6314316;0.1139659;14;22;
Ota et al;2010;25;136;Telmatochromis;?;Telmatochromis_vittatus;Neolamprologus_sp3;"""Wonzye Point (lat 8?45.5#S, long 31?06.1#E), near Mpulungu at the southern end of Lake Tanganyika, Zambia""";4;obs;major - pirate;natural;4;3.H;gonad mass (g);0;1;production;production_0;"""The testes of each indi- vidual male were processed separately: they were carefully re- moved from the abdomen immediately after sacrificing by cutting the spine at the base of the skull with a sharp pair of scissors""";20;2.102956224;0.34865586;soma mass (g);1.805153;0.1265844;6;0.6314316;0.1139659;14;20;
Ota et al;2010;25;137;Telmatochromis;?;Telmatochromis_vittatus;Neolamprologus_sp3;"""Wonzye Point (lat 8?45.5#S, long 31?06.1#E), near Mpulungu at the southern end of Lake Tanganyika, Zambia""";4;obs;major + pirate;natural;4;3.H;sperm flagellar length (µm);0;0;quality;quality;"""After measurements of sperm longevity, the unused portion
of the testis was fixed in 10% formalin and then flagellum length was measured without prior knowledge of the source males. Parts of the testes were taken from the fixed testes using tweezers, and 20 images were photographed from each testis using a digital camera linked to a light microscope with a 3 100 objective. We digitized sperm images on the computer and measured flagellum length using the free software ImageJ 1.34 (available at http://rsb.info.nih.gov/ij/download.html). A total of 50–80 spermatozoa were measured for each 
male (mean 6 standard deviation [SD] ¼ 63.6 6 8.3, n ¼ 33; excludes n ¼ 2 males with missing data, a sneaker and a territorial male: for these 2 males no reliable sperm measurements could be taken). However, to avoid incorporat- ing sperm with broken flagella in the analyses, we used data on the largest 10 spermatozoa measured only. These 10 sper- matozoa were a treated as repeated measures of sperm length for a given individual in the analyses (see Data anal- ysis below)""";21;-0.257632786;0.203503426;soma mass (g);1.461414;0.1165906;8;0.6314316;0.1139659;14;22;
Ota et al;2010;25;138;Telmatochromis;?;Telmatochromis_vittatus;Neolamprologus_sp3;"""Wonzye Point (lat 8?45.5#S, long 31?06.1#E), near Mpulungu at the southern end of Lake Tanganyika, Zambia""";4;obs;major - pirate;natural;4;3.H;sperm flagellar length (µm);0;0;quality;quality;"""After measurements of sperm longevity, the unused portion
of the testis was fixed in 10% formalin and then flagellum length was measured without prior knowledge of the source males. Parts of the testes were taken from the fixed testes using tweezers, and 20 images were photographed from each testis using a digital camera linked to a light microscope with a 3 100 objective. We digitized sperm images on the computer and measured flagellum length using the free software ImageJ 1.34 (available at http://rsb.info.nih.gov/ij/download.html). A total of 50–80 spermatozoa were measured for each 
male (mean 6 standard deviation [SD] ¼ 63.6 6 8.3, n ¼ 33; excludes n ¼ 2 males with missing data, a sneaker and a territorial male: for these 2 males no reliable sperm measurements could be taken). However, to avoid incorporat- ing sperm with broken flagella in the analyses, we used data on the largest 10 spermatozoa measured only. These 10 sper- matozoa were a treated as repeated measures of sperm length for a given individual in the analyses (see Data anal- ysis below)""";18;1.270904788;0.321789715;soma mass (g);1.805153;0.1265844;6;0.6314316;0.1139659;14;20;
Ota et al;2010;25;139;Telmatochromis;?;Telmatochromis_vittatus;Neolamprologus_sp3;"""Wonzye Point (lat 8?45.5#S, long 31?06.1#E), near Mpulungu at the southern end of Lake Tanganyika, Zambia""";4;obs;major + pirate;natural;4;3.H;sperm longevity (s);0;0;quality;quality;"""A small amount of milt was directly sampled from a testis using a fine needle and mixed with 15 ll of lake water on a slide glass. The sperm activity period was measured as the time from mixing to the time when all sperm lost motility (no forward movement) under a light microscope (Nikon, Japan) with a 340 objective. Each male was measured twice and the average was used.We did not record sperm longevity in rep- lications in which less than 80% of sperm were active imme- diately after mixing; an additional replicate was conducted in
these cases. Repeatability was high (r ¼ 0.86, P , 0.0001, n ¼ 35).""";22;-0.320374441;0.198761294;soma mass (g);1.461414;0.1165906;8;0.6314316;0.1139659;14;22;
Ota et al;2010;25;140;Telmatochromis;?;Telmatochromis_vittatus;Neolamprologus_sp3;"""Wonzye Point (lat 8?45.5#S, long 31?06.1#E), near Mpulungu at the southern end of Lake Tanganyika, Zambia""";4;obs;major - pirate;natural;4;3.H;sperm longevity (s);0;0;quality;quality;"""A small amount of milt was directly sampled from a testis using a fine needle and mixed with 15 ll of lake water on a slide glass. The sperm activity period was measured as the time from mixing to the time when all sperm lost motility (no forward movement) under a light microscope (Nikon, Japan) with a 340 objective. Each male was measured twice and the average was used.We did not record sperm longevity in rep- lications in which less than 80% of sperm were active imme- diately after mixing; an additional replicate was conducted in
these cases. Repeatability was high (r ¼ 0.86, P , 0.0001, n ¼ 35).""";20;-1.712418676;0.311404681;soma mass (g);1.805153;0.1265844;6;0.6314316;0.1139659;14;20;
Warner et al;1995;19;13;Thalassoma;Bluehead wrasse;Thalassoma_bifasciatum;Thalassoma_quinquevittatum;Tague Bay, U.S. Virgin Islands;2;obs;NA;natural;3;2.M;sperm per spawn;0;0;allocation;allocation;"""The total number of sperm was estimated by multiplying the number of counted sperm by a dilution factor appropriate to the volume of the collecting bag""";60;-2.033890236;0.101812646;?;?;?;?;?;?;?;?;
Schärer & Robertson;1999;32;17;Thalassoma;Bluehead wrasse;Thalassoma_bifasciatum;Thalassoma_quinquevittatum;"""two reefs near the San Blas Field Station of the Smithsonian Tropical Research Institute (STRI), in Kuna Yala on the Caribbean coast of Panama""";2;obs;NA;natural;3;2.M;sperm concentration in the milt of spawn males (µl^-1);0;0;production;production_0;"""After stripping, a known volume of milt was diluted in tap water and fixed with a mixture of rose bengal dye and formalin (final concentration of 4% formalin). Tap water was used to avoid coagulation. When sufficient milt was collected dilutions were replicated (n=3). Sperm concentrations and sperm sizes were measured using a MultiSizer II electronic particle sizer. Samples were re-suspended, and two sub-samples were prepared by dilution in isotonic saline (Isoton II). Mean sperm volume is c. 3 µm^3 and a 50-µm orifice tube with a resolution between neighbouring size channels of c. 0·025 µm3 was used (<1% of mean sperm volume).""";76;-1.062698611;0.068327228;?;?;?;?;?;?;?;?;
Schärer & Robertson;1999;32;18;Thalassoma;Bluehead wrasse;Thalassoma_bifasciatum;Thalassoma_quinquevittatum;"""two reefs near the San Blas Field Station of the Smithsonian Tropical Research Institute (STRI), in Kuna Yala on the Caribbean coast of Panama""";2;obs;NA;natural;3;2.M;average volumes of individual sperm cells produced by spawn males (µm^3);0;0;production;production_0;"""After stripping, a known volume of milt was diluted in tap water and fixed with a mixture of rose bengal dye and formalin (final concentration of 4% formalin). Tap water was used to avoid coagulation. When sufficient milt was collected dilutions were replicated (n=3). Sperm concentrations and sperm sizes were measured using a MultiSizer II electronic particle sizer. Samples were re-suspended, and two sub-samples were prepared by dilution in isotonic saline (Isoton II). Mean sperm volume is c. 3 ?m3 and a 50-?m orifice tube with a resolution between neighbouring size channels of c. 0·025 ?m3 was used (<1% of mean sperm volume). For each sub-sample 10 000–250 000 cells were measured. Dilution in tap water may have increased sperm size due to hydration, and water may again have been lost to the saline during subsequent dilution. Sperm size stabilized between 15 and 25 min after this second dilution, and measurements were made during this time window. Hence information on absolute size of sperm cannot be given, but it was assumed that sperm from IP and TP males did not respond differently to the treatment and that differences in relative size of sperm were able to be assessed.""";76;0.204677442;0.061173047;?;?;?;?;?;?;?;?;
Smith & Ryan;2010;8;146;Xiphophorus;Swordtail X. nigrensis;Xiphophorus_nigrensis;Poecilia_sp2;Rio Choy, Mexico;2;obs;NA;natural;2;1.L;gonad mass (g);0;1;production;production_0;"""Testes and soma were dissected and dried separately overnight in a 55 ?C oven, allowed to cool in a desiccator and weighed on a Mettler Toledo AT21 Comparator balance to the nearest 0.01 mg""";37;1.773267952;0.165826296;soma mass (g) +/- sd;130.7841;43.86169;25;32.33404;9.844995;12;37;
Smith & Ryan;2010;8;147;Xiphophorus;Swordtail X. nigrensis;Xiphophorus_nigrensis;Poecilia_sp2;Rio Choy, Mexico;2;obs;NA;natural;2;1.L;VAP: average path velocity (µs-1);0;0;quality;quality;"""the velocity over a smoothed sperm path""";38;-0.327925166;0.106970489;standard length mm +/- sd;32.8;2.56;20;22;0.93;18;38;
Smith & Ryan;2010;8;148;Xiphophorus;Swordtail X. nigrensis;Xiphophorus_nigrensis;Poecilia_sp2;Rio Choy, Mexico;2;obs;NA;natural;2;1.L;VCL: curvilinear velocity (µs-1);0;0;quality;quality;"""the velocity along the sperm path""";38;-0.28227124;0.106603938;standard length mm +/- sd;32.8;2.56;20;22;0.93;18;38;
Smith & Ryan;2010;8;149;Xiphophorus;Swordtail X. nigrensis;Xiphophorus_nigrensis;Poecilia_sp2;Rio Choy, Mexico;2;obs;NA;natural;2;1.L;VSL: straight line velocity (µs-1);0;0;quality;quality;"""the straight line distance between the start and end of the sperm path""";38;-0.594537197;0.110206536;standard length mm +/- sd;32.8;2.56;20;22;0.93;18;38;
Smith & Ryan;2010;8;150;Xiphophorus;Swordtail X. nigrensis;Xiphophorus_nigrensis;Poecilia_sp2;Rio Choy, Mexico;2;obs;NA;natural;2;1.L;sperm head shape (µm);0;0;quality;quality;"""head length ⁄head width"" head=""an elliptical head that stores the genetic information"" - all lengths and this one were measured using imageJ - photo of the inactivated ejaculate (10 sperm)";40;0.06978771;0.104227546;standard length mm +/- sd;33.3;2.5;24;23.7;1;16;40;
Smith & Ryan;2010;8;151;Xiphophorus;Swordtail X. nigrensis;Xiphophorus_nigrensis;Poecilia_sp2;Rio Choy, Mexico;2;obs;NA;natural;2;1.L;sperm midpiece length (µm);0;0;quality;quality;"""midpiece housing the mitochondria that provide energy via oxidative phosphorylation for motility"" - all lengths and this one were measured using imageJ - photo of the inactivated ejaculate (10 sperm)";40;-0.921368478;0.114778165;standard length mm +/- sd;33.3;2.5;24;23.7;1;16;40;
Smith & Ryan;2010;8;152;Xiphophorus;Swordtail X. nigrensis;Xiphophorus_nigrensis;Poecilia_sp2;Rio Choy, Mexico;2;obs;NA;natural;2;1.L;sperm tail length (µm);0;0;quality;quality;"""tail generating its momentum"" - all lengths and this one were measured using imageJ - photo of the inactivated ejaculate (10 sperm)";40;-0.086915079;0.104261095;standard length mm +/- sd;33.3;2.5;24;23.7;1;16;40;
Smith & Ryan;2010;8;153;Xiphophorus;Swordtail X. nigrensis;Xiphophorus_nigrensis;Poecilia_sp2;Rio Choy, Mexico;2;obs;NA;natural;2;1.L;sperm total length (µm);0;0;quality;quality;all lengths and this one were measured using imageJ - photo of the inactivated ejaculate (10 sperm);40;-0.346949397;0.10567134;standard length mm +/- sd;33.3;2.5;24;23.7;1;16;40;
Smith & Ryan;2010;8;154;Xiphophorus;Swordtail X. nigrensis;Xiphophorus_nigrensis;Poecilia_sp2;Rio Choy, Mexico;2;obs;NA;natural;2;1.L;sperm viability;0;0;quality;quality;proportion of sperm alive;36;-0.93480762;0.123592126;standard length mm +/- sd;32.8;2.62;19;22.5;0.99;17;36;
Smith & Ryan;2010;8;155;Xiphophorus;Swordtail X. nigrensis;Xiphophorus_nigrensis;Poecilia_sp2;Rio Choy, Mexico;2;obs;NA;natural;2;1.L;sperm longevity;0;0;quality;quality;"""The proportion of viable sperm before and 3 h after activation was sub- tracted for each male to measure the proportion of sperm surviving over the time interval""";30;-0.759406965;0.148500538;standard length mm +/- sd;32.8;2.62;19;22.5;0.99;17;36;
Smith & Ryan;2010;8;156;Xiphophorus;Swordtail X. nigrensis;Xiphophorus_nigrensis;Poecilia_sp2;Rio Choy, Mexico;2;obs;NA;natural;2;1.L;sperm count;0;0;production;production_0;"""Sperm concentration was estimated by multiplying the number of sperm tracked (mean ± SD: 173 ± 91, range 28–400) by the dilution of the solution.""";38;0.587412587;0.1103;standard length mm +/- sd;32.8;2.56;20;22;0.93;18;38;
Pilastro et al;2002;5;52;Zosterisessor;Grass goby;Zosterisessor_ophiocephalus;Caffrogobius_sp;Venice Lagoon, Italy + professional fishers;2;exp;1 sneaker;laboratory;4;3.H;sperm concentration (sperm per mL of water);0;0;allocation;allocation;sperm concentration in 80mL of water after 30 min of the introduction of females / sperm per mL;36;0.284449741;0.161838059;mean total length +/- sd cm;18.4;0.37;32;9.7;1.03;32;64;
Pilastro et al;2002;5;53;Zosterisessor;Grass goby;Zosterisessor_ophiocephalus;Caffrogobius_sp;Venice Lagoon, Italy + professional fishers;2;exp;2 sneakers;laboratory;4;3.H;sperm concentration (sperm per mL of water);0;0;allocation;allocation;sperm concentration in 80mL of water after 30 min of the introduction of females / sperm per mL;36;0.085443755;0.160815683;mean total length +/- sd cm;18.4;0.37;32;9.7;1.03;32;64;
Pilastro et al;2002;5;54;Zosterisessor;Grass goby;Zosterisessor_ophiocephalus;Caffrogobius_sp;Venice Lagoon, Italy + professional fishers;2;exp;3 sneakers;laboratory;4;3.H;sperm concentration (sperm per mL of water);0;0;allocation;allocation;sperm concentration in 80mL of water after 30 min of the introduction of females / sperm per mL;36;0.418442555;0.163146149;mean total length +/- sd cm;18.4;0.37;32;9.7;1.03;32;64;
Pilastro et al;2002;5;55;Zosterisessor;Grass goby;Zosterisessor_ophiocephalus;Caffrogobius_sp;Venice Lagoon, Italy + professional fishers;2;exp;5 sneakers;laboratory;4;3.H;sperm concentration (sperm per mL of water);0;0;allocation;allocation;sperm concentration in 80mL of water after 30 min of the introduction of females / sperm per mL;36;0.530851328;0.164628218;mean total length +/- sd cm;18.4;0.37;32;9.7;1.03;32;64;
Scaggiante et al;2006;35;100;Zosterisessor;Grass goby;Zosterisessor_ophiocephalus;Caffrogobius_sp;"""Venetian Lagoon,
Northern Adriatic Sea, Italy""";2;obs;reproductive season;natural;4;3.H;GSI;1;0;production;production_1;"""Gonads and seminal vesicles were separately removed and weighted to the nearest mg (GW and SVW), the gonadoso- matic index (GSI = 100 × GW/BW) and seminal vesicle somatic index (SVSI = 100 × SVW/BW) were computed. For black goby, testis weight meas- urements included the mesorchial gland, that is connected to testis tissue and could not be separately weighted""";27;-1.877800505;0.218707882;mean body weight (g) +/- se;59.42;4.02;16;6.7;0.53;11;27;
Scaggiante et al;2006;35;101;Zosterisessor;Grass goby;Zosterisessor_ophiocephalus;Caffrogobius_sp;"""Venetian Lagoon,
Northern Adriatic Sea, Italy""";2;obs;reproductive season;natural;4;3.H;SVSI;0;0;quality;quality;"""Gonads and seminal vesicles were separately removed and weighted to the nearest mg (GW and SVW), the gonadoso- matic index (GSI = 100 × GW/BW) and seminal vesicle somatic index (SVSI = 100 × SVW/BW) were computed. For black goby, testis weight meas- urements included the mesorchial gland, that is connected to testis tissue and could not be separately weighted""";27;2.708316889;0.289242061;mean body weight (g) +/- se;59.42;4.02;16;6.7;0.53;11;27;
Locatello et al;2007;46;109;Zosterisessor;Grass goby;Zosterisessor_ophiocephalus;Caffrogobius_sp;Venetian Lagoon;2;obs;NA;natural;4;3.H;proportion of live sperm postactivation;0;0;quality;quality;Sperm viability was measured as the proportion of sperm live at stripping,;30;0.240625749;0.134298346;?;?;?;?;?;?;?;?;
Locatello et al;2007;46;113;Zosterisessor;Grass goby;Zosterisessor_ophiocephalus;Caffrogobius_sp;Venetian Lagoon;2;obs;NA;natural;4;3.H;VAP: average path velocity (µm s-1) postactivation;0;0;quality;quality;;28;0;0.142857143;?;?;?;?;?;?;?;?;
Locatello et al;2007;46;114;Zosterisessor;Grass goby;Zosterisessor_ophiocephalus;Caffrogobius_sp;Venetian Lagoon;2;obs;NA;natural;4;3.H;VCL (µm s-1) postactivation;0;0;quality;quality;;28;0.043684324;0.14289122;?;?;?;?;?;?;?;?;
Locatello et al;2007;46;115;Zosterisessor;Grass goby;Zosterisessor_ophiocephalus;Caffrogobius_sp;Venetian Lagoon;2;obs;NA;natural;4;3.H;VSL (µm s-1) postactivation;0;0;quality;quality;;28;-0.13013459;0.143159554;?;?;?;?;?;?;?;?;
Locatello et al;2007;46;117;Zosterisessor;Grass goby;Zosterisessor_ophiocephalus;Caffrogobius_sp;Venetian Lagoon;2;obs;NA;natural;4;3.H;ATP concentration;0;0;quality;quality;;22;0;0.181818182;?;?;?;?;?;?;?;?;
Pujolar et al;2012;2;170;Zosterisessor;Grass goby;Zosterisessor_ophiocephalus;Caffrogobius_sp;Venice Lagoon, Italy;2;obs;NA;natural;4;3.H;gonad mass (g);0;1;production;production_0;"""Body and gonad weight were measured for each individual to the nearest mg""";126;-0.085783015;0.031807259;mean mass (g) +/- sd;32.74;14.99;61;14.99;4.34;65;126;